<?xml version="1.0" encoding="UTF-8"?><gpx creator="Health" xsi:schemaLocation="http://www.topografix.com/GPX/1/0 http://www.topografix.com/GPX/1/0/gpx.xsd" version="1.0" xmlns="http://www.topografix.com/GPX/1/0" xmlns:xsi="http://www.w3.org/2001/XMLSchema-instance"><metadata><time></time></metadata><trk><type>Велосипед</type><extensions><totalTime>27482.0</totalTime><cumulativeDecrease>0.0</cumulativeDecrease><cumulativeClimb>0.0</cumulativeClimb><totalDistance>121091.0</totalDistance><routeType>0</routeType></extensions><trkseg><trkpt lat="53.54389" lon="49.347515"><time>2025-05-30T02:16:37.749Z</time></trkpt><trkpt lat="53.543892" lon="49.347494"><time>2025-05-30T02:16:38.749Z</time></trkpt><trkpt lat="53.543875" lon="49.347517"><time>2025-05-30T02:16:39.749Z</time></trkpt><trkpt lat="53.54384" lon="49.347586"><time>2025-05-30T02:16:43.000Z</time></trkpt><trkpt lat="53.543818" lon="49.347621"><time>2025-05-30T02:16:45.000Z</time></trkpt><trkpt lat="53.543815" lon="49.34759"><time>2025-05-30T02:16:49.000Z</time></trkpt><trkpt lat="53.543827" lon="49.347534"><time>2025-05-30T02:16:53.000Z</time></trkpt><trkpt lat="53.543815" lon="49.347492"><time>2025-05-30T02:17:10.000Z</time></trkpt><trkpt lat="53.543791" lon="49.347489"><time>2025-05-30T02:17:28.000Z</time></trkpt><trkpt lat="53.543755" lon="49.347515"><time>2025-05-30T02:17:34.000Z</time></trkpt><trkpt lat="53.543695" lon="49.347542"><time>2025-05-30T02:18:12.000Z</time></trkpt><trkpt lat="53.543693" lon="49.347483"><time>2025-05-30T02:18:18.000Z</time></trkpt><trkpt lat="53.543686" lon="49.347459"><time>2025-05-30T02:18:32.000Z</time></trkpt><trkpt lat="53.543686" lon="49.347481"><time>2025-05-30T02:18:34.000Z</time></trkpt><trkpt lat="53.543685" lon="49.347544"><time>2025-05-30T02:18:42.000Z</time></trkpt><trkpt lat="53.543688" lon="49.347615"><time>2025-05-30T02:18:44.000Z</time></trkpt><trkpt lat="53.543683" lon="49.347705"><time>2025-05-30T02:18:46.000Z</time></trkpt><trkpt lat="53.543684" lon="49.347842"><time>2025-05-30T02:18:49.000Z</time></trkpt><trkpt lat="53.543688" lon="49.347995"><time>2025-05-30T02:18:53.000Z</time></trkpt><trkpt lat="53.54369" lon="49.348137"><time>2025-05-30T02:18:55.000Z</time></trkpt><trkpt lat="53.543681" lon="49.348251"><time>2025-05-30T02:18:57.000Z</time></trkpt><trkpt lat="53.543681" lon="49.348367"><time>2025-05-30T02:18:59.000Z</time></trkpt><trkpt lat="53.543681" lon="49.348483"><time>2025-05-30T02:19:01.000Z</time></trkpt><trkpt lat="53.543681" lon="49.348587"><time>2025-05-30T02:19:03.000Z</time></trkpt><trkpt lat="53.543665" lon="49.348667"><time>2025-05-30T02:19:05.000Z</time></trkpt><trkpt lat="53.543638" lon="49.348718"><time>2025-05-30T02:19:07.000Z</time></trkpt><trkpt lat="53.543597" lon="49.348735"><time>2025-05-30T02:19:09.000Z</time></trkpt><trkpt lat="53.543546" lon="49.348725"><time>2025-05-30T02:19:11.000Z</time></trkpt><trkpt lat="53.54349" lon="49.348704"><time>2025-05-30T02:19:13.000Z</time></trkpt><trkpt lat="53.543428" lon="49.348687"><time>2025-05-30T02:19:15.000Z</time></trkpt><trkpt lat="53.543361" lon="49.348678"><time>2025-05-30T02:19:17.000Z</time></trkpt><trkpt lat="53.543291" lon="49.348673"><time>2025-05-30T02:19:19.000Z</time></trkpt><trkpt lat="53.543219" lon="49.348668"><time>2025-05-30T02:19:21.000Z</time></trkpt><trkpt lat="53.543067" lon="49.348685"><time>2025-05-30T02:19:23.000Z</time></trkpt><trkpt lat="53.542913" lon="49.348722"><time>2025-05-30T02:19:27.000Z</time></trkpt><trkpt lat="53.542771" lon="49.348801"><time>2025-05-30T02:19:29.000Z</time></trkpt><trkpt lat="53.542729" lon="49.348905"><time>2025-05-30T02:19:31.000Z</time></trkpt><trkpt lat="53.542709" lon="49.349042"><time>2025-05-30T02:19:33.000Z</time></trkpt><trkpt lat="53.542696" lon="49.349189"><time>2025-05-30T02:19:35.000Z</time></trkpt><trkpt lat="53.542683" lon="49.349336"><time>2025-05-30T02:19:37.000Z</time></trkpt><trkpt lat="53.542671" lon="49.349476"><time>2025-05-30T02:19:39.000Z</time></trkpt><trkpt lat="53.54266" lon="49.349612"><time>2025-05-30T02:19:41.000Z</time></trkpt><trkpt lat="53.542641" lon="49.349749"><time>2025-05-30T02:19:43.000Z</time></trkpt><trkpt lat="53.542606" lon="49.349869"><time>2025-05-30T02:19:45.000Z</time></trkpt><trkpt lat="53.542551" lon="49.349954"><time>2025-05-30T02:19:47.000Z</time></trkpt><trkpt lat="53.542475" lon="49.350004"><time>2025-05-30T02:19:49.000Z</time></trkpt><trkpt lat="53.542394" lon="49.350067"><time>2025-05-30T02:19:51.000Z</time></trkpt><trkpt lat="53.542331" lon="49.350163"><time>2025-05-30T02:19:53.000Z</time></trkpt><trkpt lat="53.542297" lon="49.350302"><time>2025-05-30T02:19:55.000Z</time></trkpt><trkpt lat="53.542291" lon="49.350455"><time>2025-05-30T02:19:57.000Z</time></trkpt><trkpt lat="53.542295" lon="49.350612"><time>2025-05-30T02:19:59.000Z</time></trkpt><trkpt lat="53.542307" lon="49.35076"><time>2025-05-30T02:20:01.000Z</time></trkpt><trkpt lat="53.542314" lon="49.350899"><time>2025-05-30T02:20:03.000Z</time></trkpt><trkpt lat="53.5423" lon="49.351014"><time>2025-05-30T02:20:05.000Z</time></trkpt><trkpt lat="53.542252" lon="49.351089"><time>2025-05-30T02:20:07.000Z</time></trkpt><trkpt lat="53.542164" lon="49.35112"><time>2025-05-30T02:20:09.000Z</time></trkpt><trkpt lat="53.542063" lon="49.351144"><time>2025-05-30T02:20:11.000Z</time></trkpt><trkpt lat="53.541981" lon="49.351212"><time>2025-05-30T02:20:13.000Z</time></trkpt><trkpt lat="53.541927" lon="49.351321"><time>2025-05-30T02:20:15.000Z</time></trkpt><trkpt lat="53.541871" lon="49.351419"><time>2025-05-30T02:20:17.000Z</time></trkpt><trkpt lat="53.541793" lon="49.351459"><time>2025-05-30T02:20:19.000Z</time></trkpt><trkpt lat="53.541701" lon="49.351452"><time>2025-05-30T02:20:21.000Z</time></trkpt><trkpt lat="53.541605" lon="49.351451"><time>2025-05-30T02:20:23.000Z</time></trkpt><trkpt lat="53.541523" lon="49.35148"><time>2025-05-30T02:20:25.000Z</time></trkpt><trkpt lat="53.541452" lon="49.351527"><time>2025-05-30T02:20:27.000Z</time></trkpt><trkpt lat="53.541394" lon="49.351564"><time>2025-05-30T02:20:29.000Z</time></trkpt><trkpt lat="53.541347" lon="49.351603"><time>2025-05-30T02:20:31.000Z</time></trkpt><trkpt lat="53.541317" lon="49.351674"><time>2025-05-30T02:20:33.000Z</time></trkpt><trkpt lat="53.541306" lon="49.35179"><time>2025-05-30T02:20:35.000Z</time></trkpt><trkpt lat="53.541301" lon="49.35192"><time>2025-05-30T02:20:37.000Z</time></trkpt><trkpt lat="53.541283" lon="49.352027"><time>2025-05-30T02:20:39.000Z</time></trkpt><trkpt lat="53.541245" lon="49.352088"><time>2025-05-30T02:20:41.000Z</time></trkpt><trkpt lat="53.541182" lon="49.352112"><time>2025-05-30T02:20:43.000Z</time></trkpt><trkpt lat="53.541122" lon="49.352119"><time>2025-05-30T02:20:45.000Z</time></trkpt><trkpt lat="53.541071" lon="49.352141"><time>2025-05-30T02:20:47.000Z</time></trkpt><trkpt lat="53.541021" lon="49.352176"><time>2025-05-30T02:20:49.000Z</time></trkpt><trkpt lat="53.54095" lon="49.352199"><time>2025-05-30T02:20:51.000Z</time></trkpt><trkpt lat="53.540865" lon="49.352218"><time>2025-05-30T02:20:53.000Z</time></trkpt><trkpt lat="53.540805" lon="49.352269"><time>2025-05-30T02:20:55.000Z</time></trkpt><trkpt lat="53.54078" lon="49.352369"><time>2025-05-30T02:20:57.000Z</time></trkpt><trkpt lat="53.540782" lon="49.352506"><time>2025-05-30T02:20:59.000Z</time></trkpt><trkpt lat="53.540786" lon="49.352647"><time>2025-05-30T02:21:01.000Z</time></trkpt><trkpt lat="53.540778" lon="49.35281"><time>2025-05-30T02:21:03.000Z</time></trkpt><trkpt lat="53.540758" lon="49.352977"><time>2025-05-30T02:21:05.000Z</time></trkpt><trkpt lat="53.540736" lon="49.353141"><time>2025-05-30T02:21:07.000Z</time></trkpt><trkpt lat="53.540724" lon="49.353288"><time>2025-05-30T02:21:09.000Z</time></trkpt><trkpt lat="53.540722" lon="49.353429"><time>2025-05-30T02:21:11.000Z</time></trkpt><trkpt lat="53.540723" lon="49.353572"><time>2025-05-30T02:21:13.000Z</time></trkpt><trkpt lat="53.540722" lon="49.353715"><time>2025-05-30T02:21:15.000Z</time></trkpt><trkpt lat="53.540727" lon="49.353851"><time>2025-05-30T02:21:17.000Z</time></trkpt><trkpt lat="53.540734" lon="49.353988"><time>2025-05-30T02:21:19.000Z</time></trkpt><trkpt lat="53.540743" lon="49.354125"><time>2025-05-30T02:21:21.000Z</time></trkpt><trkpt lat="53.540749" lon="49.354262"><time>2025-05-30T02:21:23.000Z</time></trkpt><trkpt lat="53.540741" lon="49.354422"><time>2025-05-30T02:21:25.000Z</time></trkpt><trkpt lat="53.540726" lon="49.35459"><time>2025-05-30T02:21:28.000Z</time></trkpt><trkpt lat="53.540701" lon="49.354772"><time>2025-05-30T02:21:30.000Z</time></trkpt><trkpt lat="53.540685" lon="49.354929"><time>2025-05-30T02:21:32.000Z</time></trkpt><trkpt lat="53.540669" lon="49.355082"><time>2025-05-30T02:21:34.000Z</time></trkpt><trkpt lat="53.540654" lon="49.355229"><time>2025-05-30T02:21:36.000Z</time></trkpt><trkpt lat="53.540639" lon="49.355383"><time>2025-05-30T02:21:38.000Z</time></trkpt><trkpt lat="53.540627" lon="49.355537"><time>2025-05-30T02:21:40.000Z</time></trkpt><trkpt lat="53.540609" lon="49.355695"><time>2025-05-30T02:21:42.000Z</time></trkpt><trkpt lat="53.540591" lon="49.355854"><time>2025-05-30T02:21:44.000Z</time></trkpt><trkpt lat="53.540573" lon="49.356017"><time>2025-05-30T02:21:46.000Z</time></trkpt><trkpt lat="53.540556" lon="49.356176"><time>2025-05-30T02:21:48.000Z</time></trkpt><trkpt lat="53.540537" lon="49.356328"><time>2025-05-30T02:21:50.000Z</time></trkpt><trkpt lat="53.540515" lon="49.356471"><time>2025-05-30T02:21:52.000Z</time></trkpt><trkpt lat="53.540492" lon="49.356609"><time>2025-05-30T02:21:54.000Z</time></trkpt><trkpt lat="53.540471" lon="49.356747"><time>2025-05-30T02:21:56.000Z</time></trkpt><trkpt lat="53.540458" lon="49.356886"><time>2025-05-30T02:21:58.000Z</time></trkpt><trkpt lat="53.540446" lon="49.357014"><time>2025-05-30T02:22:00.000Z</time></trkpt><trkpt lat="53.54043" lon="49.357127"><time>2025-05-30T02:22:02.000Z</time></trkpt><trkpt lat="53.540411" lon="49.357239"><time>2025-05-30T02:22:04.000Z</time></trkpt><trkpt lat="53.540391" lon="49.357371"><time>2025-05-30T02:22:06.000Z</time></trkpt><trkpt lat="53.540376" lon="49.357522"><time>2025-05-30T02:22:08.000Z</time></trkpt><trkpt lat="53.540362" lon="49.357679"><time>2025-05-30T02:22:10.000Z</time></trkpt><trkpt lat="53.540355" lon="49.357832"><time>2025-05-30T02:22:12.000Z</time></trkpt><trkpt lat="53.540342" lon="49.357972"><time>2025-05-30T02:22:14.000Z</time></trkpt><trkpt lat="53.540311" lon="49.358071"><time>2025-05-30T02:22:16.000Z</time></trkpt><trkpt lat="53.540254" lon="49.358116"><time>2025-05-30T02:22:18.000Z</time></trkpt><trkpt lat="53.540181" lon="49.358114"><time>2025-05-30T02:22:20.000Z</time></trkpt><trkpt lat="53.540106" lon="49.358088"><time>2025-05-30T02:22:22.000Z</time></trkpt><trkpt lat="53.540041" lon="49.358029"><time>2025-05-30T02:22:24.000Z</time></trkpt><trkpt lat="53.539991" lon="49.357932"><time>2025-05-30T02:22:26.000Z</time></trkpt><trkpt lat="53.539942" lon="49.357816"><time>2025-05-30T02:22:28.000Z</time></trkpt><trkpt lat="53.539875" lon="49.357713"><time>2025-05-30T02:22:30.000Z</time></trkpt><trkpt lat="53.539781" lon="49.357645"><time>2025-05-30T02:22:32.000Z</time></trkpt><trkpt lat="53.539681" lon="49.357605"><time>2025-05-30T02:22:34.000Z</time></trkpt><trkpt lat="53.539584" lon="49.357578"><time>2025-05-30T02:22:36.000Z</time></trkpt><trkpt lat="53.539492" lon="49.357556"><time>2025-05-30T02:22:38.000Z</time></trkpt><trkpt lat="53.539399" lon="49.357535"><time>2025-05-30T02:22:40.000Z</time></trkpt><trkpt lat="53.539302" lon="49.357512"><time>2025-05-30T02:22:42.000Z</time></trkpt><trkpt lat="53.539203" lon="49.357491"><time>2025-05-30T02:22:44.000Z</time></trkpt><trkpt lat="53.539107" lon="49.357472"><time>2025-05-30T02:22:46.000Z</time></trkpt><trkpt lat="53.539015" lon="49.357452"><time>2025-05-30T02:22:48.000Z</time></trkpt><trkpt lat="53.538925" lon="49.357429"><time>2025-05-30T02:22:50.000Z</time></trkpt><trkpt lat="53.538832" lon="49.357405"><time>2025-05-30T02:22:52.000Z</time></trkpt><trkpt lat="53.538735" lon="49.357396"><time>2025-05-30T02:22:54.000Z</time></trkpt><trkpt lat="53.538637" lon="49.357414"><time>2025-05-30T02:22:56.000Z</time></trkpt><trkpt lat="53.538548" lon="49.357473"><time>2025-05-30T02:22:58.000Z</time></trkpt><trkpt lat="53.538474" lon="49.35756"><time>2025-05-30T02:23:00.000Z</time></trkpt><trkpt lat="53.538412" lon="49.357657"><time>2025-05-30T02:23:02.000Z</time></trkpt><trkpt lat="53.538352" lon="49.357742"><time>2025-05-30T02:23:04.000Z</time></trkpt><trkpt lat="53.538291" lon="49.357795"><time>2025-05-30T02:23:06.000Z</time></trkpt><trkpt lat="53.538242" lon="49.357793"><time>2025-05-30T02:23:08.000Z</time></trkpt><trkpt lat="53.538206" lon="49.357731"><time>2025-05-30T02:23:10.000Z</time></trkpt><trkpt lat="53.538173" lon="49.357626"><time>2025-05-30T02:23:12.000Z</time></trkpt><trkpt lat="53.538124" lon="49.357498"><time>2025-05-30T02:23:14.000Z</time></trkpt><trkpt lat="53.538054" lon="49.357367"><time>2025-05-30T02:23:16.000Z</time></trkpt><trkpt lat="53.537971" lon="49.357254"><time>2025-05-30T02:23:18.000Z</time></trkpt><trkpt lat="53.537883" lon="49.357177"><time>2025-05-30T02:23:20.000Z</time></trkpt><trkpt lat="53.537794" lon="49.357131"><time>2025-05-30T02:23:22.000Z</time></trkpt><trkpt lat="53.537702" lon="49.35712"><time>2025-05-30T02:23:24.000Z</time></trkpt><trkpt lat="53.537618" lon="49.357163"><time>2025-05-30T02:23:26.000Z</time></trkpt><trkpt lat="53.537537" lon="49.357241"><time>2025-05-30T02:23:28.000Z</time></trkpt><trkpt lat="53.537466" lon="49.357337"><time>2025-05-30T02:23:30.000Z</time></trkpt><trkpt lat="53.537383" lon="49.357414"><time>2025-05-30T02:23:32.000Z</time></trkpt><trkpt lat="53.53731" lon="49.357439"><time>2025-05-30T02:23:35.000Z</time></trkpt><trkpt lat="53.537231" lon="49.357406"><time>2025-05-30T02:23:37.000Z</time></trkpt><trkpt lat="53.53716" lon="49.35732"><time>2025-05-30T02:23:39.000Z</time></trkpt><trkpt lat="53.537083" lon="49.357258"><time>2025-05-30T02:23:41.000Z</time></trkpt><trkpt lat="53.537012" lon="49.357245"><time>2025-05-30T02:23:43.000Z</time></trkpt><trkpt lat="53.53694" lon="49.357245"><time>2025-05-30T02:23:45.000Z</time></trkpt><trkpt lat="53.53687" lon="49.357227"><time>2025-05-30T02:23:47.000Z</time></trkpt><trkpt lat="53.536807" lon="49.35721"><time>2025-05-30T02:23:49.000Z</time></trkpt><trkpt lat="53.536749" lon="49.357237"><time>2025-05-30T02:23:51.000Z</time></trkpt><trkpt lat="53.536688" lon="49.357314"><time>2025-05-30T02:23:53.000Z</time></trkpt><trkpt lat="53.536612" lon="49.357419"><time>2025-05-30T02:23:55.000Z</time></trkpt><trkpt lat="53.536535" lon="49.357531"><time>2025-05-30T02:23:58.000Z</time></trkpt><trkpt lat="53.536463" lon="49.357643"><time>2025-05-30T02:24:00.000Z</time></trkpt><trkpt lat="53.536401" lon="49.357732"><time>2025-05-30T02:24:02.000Z</time></trkpt><trkpt lat="53.536333" lon="49.357786"><time>2025-05-30T02:24:04.000Z</time></trkpt><trkpt lat="53.536259" lon="49.357798"><time>2025-05-30T02:24:06.000Z</time></trkpt><trkpt lat="53.536181" lon="49.357775"><time>2025-05-30T02:24:08.000Z</time></trkpt><trkpt lat="53.536103" lon="49.357746"><time>2025-05-30T02:24:10.000Z</time></trkpt><trkpt lat="53.536021" lon="49.357722"><time>2025-05-30T02:24:12.000Z</time></trkpt><trkpt lat="53.535934" lon="49.357699"><time>2025-05-30T02:24:14.000Z</time></trkpt><trkpt lat="53.535841" lon="49.357674"><time>2025-05-30T02:24:16.000Z</time></trkpt><trkpt lat="53.53575" lon="49.357648"><time>2025-05-30T02:24:18.000Z</time></trkpt><trkpt lat="53.535665" lon="49.357635"><time>2025-05-30T02:24:20.000Z</time></trkpt><trkpt lat="53.535608" lon="49.357653"><time>2025-05-30T02:24:22.000Z</time></trkpt><trkpt lat="53.53558" lon="49.357715"><time>2025-05-30T02:24:24.000Z</time></trkpt><trkpt lat="53.535562" lon="49.357787"><time>2025-05-30T02:24:28.000Z</time></trkpt><trkpt lat="53.535527" lon="49.357831"><time>2025-05-30T02:24:30.000Z</time></trkpt><trkpt lat="53.535469" lon="49.357823"><time>2025-05-30T02:24:32.000Z</time></trkpt><trkpt lat="53.535406" lon="49.357779"><time>2025-05-30T02:24:34.000Z</time></trkpt><trkpt lat="53.535345" lon="49.357717"><time>2025-05-30T02:24:36.000Z</time></trkpt><trkpt lat="53.535284" lon="49.357654"><time>2025-05-30T02:24:38.000Z</time></trkpt><trkpt lat="53.53522" lon="49.357601"><time>2025-05-30T02:24:40.000Z</time></trkpt><trkpt lat="53.535152" lon="49.357559"><time>2025-05-30T02:24:42.000Z</time></trkpt><trkpt lat="53.535084" lon="49.357527"><time>2025-05-30T02:24:44.000Z</time></trkpt><trkpt lat="53.535013" lon="49.357497"><time>2025-05-30T02:24:46.000Z</time></trkpt><trkpt lat="53.534938" lon="49.357472"><time>2025-05-30T02:24:48.000Z</time></trkpt><trkpt lat="53.534856" lon="49.357445"><time>2025-05-30T02:24:50.000Z</time></trkpt><trkpt lat="53.53477" lon="49.357416"><time>2025-05-30T02:24:52.000Z</time></trkpt><trkpt lat="53.534683" lon="49.35739"><time>2025-05-30T02:24:54.000Z</time></trkpt><trkpt lat="53.534601" lon="49.357365"><time>2025-05-30T02:24:56.000Z</time></trkpt><trkpt lat="53.534529" lon="49.357352"><time>2025-05-30T02:24:58.000Z</time></trkpt><trkpt lat="53.534462" lon="49.35736"><time>2025-05-30T02:25:00.000Z</time></trkpt><trkpt lat="53.534405" lon="49.357404"><time>2025-05-30T02:25:02.000Z</time></trkpt><trkpt lat="53.534347" lon="49.357468"><time>2025-05-30T02:25:04.000Z</time></trkpt><trkpt lat="53.534282" lon="49.357529"><time>2025-05-30T02:25:06.000Z</time></trkpt><trkpt lat="53.534213" lon="49.357579"><time>2025-05-30T02:25:08.000Z</time></trkpt><trkpt lat="53.53415" lon="49.35761"><time>2025-05-30T02:25:10.000Z</time></trkpt><trkpt lat="53.534098" lon="49.357606"><time>2025-05-30T02:25:12.000Z</time></trkpt><trkpt lat="53.534045" lon="49.357557"><time>2025-05-30T02:25:14.000Z</time></trkpt><trkpt lat="53.53399" lon="49.357476"><time>2025-05-30T02:25:16.000Z</time></trkpt><trkpt lat="53.533931" lon="49.35739"><time>2025-05-30T02:25:18.000Z</time></trkpt><trkpt lat="53.533869" lon="49.357302"><time>2025-05-30T02:25:20.000Z</time></trkpt><trkpt lat="53.533791" lon="49.357191"><time>2025-05-30T02:25:22.000Z</time></trkpt><trkpt lat="53.533715" lon="49.357076"><time>2025-05-30T02:25:25.000Z</time></trkpt><trkpt lat="53.533645" lon="49.356964"><time>2025-05-30T02:25:27.000Z</time></trkpt><trkpt lat="53.53359" lon="49.356883"><time>2025-05-30T02:25:29.000Z</time></trkpt><trkpt lat="53.533535" lon="49.356821"><time>2025-05-30T02:25:31.000Z</time></trkpt><trkpt lat="53.533474" lon="49.356768"><time>2025-05-30T02:25:33.000Z</time></trkpt><trkpt lat="53.533407" lon="49.356718"><time>2025-05-30T02:25:35.000Z</time></trkpt><trkpt lat="53.533331" lon="49.356661"><time>2025-05-30T02:25:37.000Z</time></trkpt><trkpt lat="53.533254" lon="49.356607"><time>2025-05-30T02:25:39.000Z</time></trkpt><trkpt lat="53.53316" lon="49.35654"><time>2025-05-30T02:25:41.000Z</time></trkpt><trkpt lat="53.533066" lon="49.35647"><time>2025-05-30T02:25:44.000Z</time></trkpt><trkpt lat="53.53297" lon="49.356397"><time>2025-05-30T02:25:46.000Z</time></trkpt><trkpt lat="53.532884" lon="49.356327"><time>2025-05-30T02:25:48.000Z</time></trkpt><trkpt lat="53.532797" lon="49.356253"><time>2025-05-30T02:25:50.000Z</time></trkpt><trkpt lat="53.532704" lon="49.356174"><time>2025-05-30T02:25:52.000Z</time></trkpt><trkpt lat="53.532609" lon="49.356104"><time>2025-05-30T02:25:54.000Z</time></trkpt><trkpt lat="53.532513" lon="49.356042"><time>2025-05-30T02:25:56.000Z</time></trkpt><trkpt lat="53.532418" lon="49.355986"><time>2025-05-30T02:25:58.000Z</time></trkpt><trkpt lat="53.53233" lon="49.355928"><time>2025-05-30T02:26:00.000Z</time></trkpt><trkpt lat="53.532184" lon="49.355837"><time>2025-05-30T02:26:02.000Z</time></trkpt><trkpt lat="53.532036" lon="49.355749"><time>2025-05-30T02:26:08.000Z</time></trkpt><trkpt lat="53.53188" lon="49.355665"><time>2025-05-30T02:26:10.000Z</time></trkpt><trkpt lat="53.531783" lon="49.355613"><time>2025-05-30T02:26:12.000Z</time></trkpt><trkpt lat="53.531686" lon="49.35556"><time>2025-05-30T02:26:14.000Z</time></trkpt><trkpt lat="53.531593" lon="49.355503"><time>2025-05-30T02:26:16.000Z</time></trkpt><trkpt lat="53.531507" lon="49.355449"><time>2025-05-30T02:26:18.000Z</time></trkpt><trkpt lat="53.531424" lon="49.355391"><time>2025-05-30T02:26:20.000Z</time></trkpt><trkpt lat="53.531338" lon="49.355328"><time>2025-05-30T02:26:22.000Z</time></trkpt><trkpt lat="53.531249" lon="49.355256"><time>2025-05-30T02:26:24.000Z</time></trkpt><trkpt lat="53.53116" lon="49.355185"><time>2025-05-30T02:26:26.000Z</time></trkpt><trkpt lat="53.531053" lon="49.355101"><time>2025-05-30T02:26:28.000Z</time></trkpt><trkpt lat="53.530923" lon="49.355005"><time>2025-05-30T02:26:31.000Z</time></trkpt><trkpt lat="53.530792" lon="49.35491"><time>2025-05-30T02:26:34.000Z</time></trkpt><trkpt lat="53.530678" lon="49.354839"><time>2025-05-30T02:26:36.000Z</time></trkpt><trkpt lat="53.530583" lon="49.354791"><time>2025-05-30T02:26:38.000Z</time></trkpt><trkpt lat="53.530486" lon="49.354748"><time>2025-05-30T02:26:40.000Z</time></trkpt><trkpt lat="53.530398" lon="49.354697"><time>2025-05-30T02:26:42.000Z</time></trkpt><trkpt lat="53.530315" lon="49.354637"><time>2025-05-30T02:26:44.000Z</time></trkpt><trkpt lat="53.530214" lon="49.354558"><time>2025-05-30T02:26:46.000Z</time></trkpt><trkpt lat="53.530094" lon="49.354464"><time>2025-05-30T02:26:49.000Z</time></trkpt><trkpt lat="53.529972" lon="49.35437"><time>2025-05-30T02:26:52.000Z</time></trkpt><trkpt lat="53.52988" lon="49.354276"><time>2025-05-30T02:26:54.000Z</time></trkpt><trkpt lat="53.52982" lon="49.354173"><time>2025-05-30T02:26:56.000Z</time></trkpt><trkpt lat="53.529778" lon="49.354047"><time>2025-05-30T02:26:58.000Z</time></trkpt><trkpt lat="53.529743" lon="49.353909"><time>2025-05-30T02:27:00.000Z</time></trkpt><trkpt lat="53.529707" lon="49.353758"><time>2025-05-30T02:27:02.000Z</time></trkpt><trkpt lat="53.529669" lon="49.353595"><time>2025-05-30T02:27:04.000Z</time></trkpt><trkpt lat="53.529626" lon="49.35343"><time>2025-05-30T02:27:06.000Z</time></trkpt><trkpt lat="53.529576" lon="49.353277"><time>2025-05-30T02:27:08.000Z</time></trkpt><trkpt lat="53.529519" lon="49.35314"><time>2025-05-30T02:27:10.000Z</time></trkpt><trkpt lat="53.529452" lon="49.353004"><time>2025-05-30T02:27:12.000Z</time></trkpt><trkpt lat="53.529383" lon="49.352868"><time>2025-05-30T02:27:14.000Z</time></trkpt><trkpt lat="53.529316" lon="49.352731"><time>2025-05-30T02:27:17.000Z</time></trkpt><trkpt lat="53.529246" lon="49.352587"><time>2025-05-30T02:27:19.000Z</time></trkpt><trkpt lat="53.529173" lon="49.352452"><time>2025-05-30T02:27:22.000Z</time></trkpt><trkpt lat="53.529097" lon="49.352332"><time>2025-05-30T02:27:24.000Z</time></trkpt><trkpt lat="53.529031" lon="49.352263"><time>2025-05-30T02:27:26.000Z</time></trkpt><trkpt lat="53.528965" lon="49.352204"><time>2025-05-30T02:27:28.000Z</time></trkpt><trkpt lat="53.528899" lon="49.352136"><time>2025-05-30T02:27:30.000Z</time></trkpt><trkpt lat="53.528841" lon="49.352033"><time>2025-05-30T02:27:32.000Z</time></trkpt><trkpt lat="53.528796" lon="49.351898"><time>2025-05-30T02:27:34.000Z</time></trkpt><trkpt lat="53.528758" lon="49.351742"><time>2025-05-30T02:27:36.000Z</time></trkpt><trkpt lat="53.528724" lon="49.351572"><time>2025-05-30T02:27:38.000Z</time></trkpt><trkpt lat="53.528691" lon="49.351403"><time>2025-05-30T02:27:40.000Z</time></trkpt><trkpt lat="53.52866" lon="49.351249"><time>2025-05-30T02:27:42.000Z</time></trkpt><trkpt lat="53.528622" lon="49.351118"><time>2025-05-30T02:27:44.000Z</time></trkpt><trkpt lat="53.528577" lon="49.35101"><time>2025-05-30T02:27:46.000Z</time></trkpt><trkpt lat="53.528527" lon="49.350916"><time>2025-05-30T02:27:48.000Z</time></trkpt><trkpt lat="53.528478" lon="49.350822"><time>2025-05-30T02:27:50.000Z</time></trkpt><trkpt lat="53.528435" lon="49.35072"><time>2025-05-30T02:27:52.000Z</time></trkpt><trkpt lat="53.5284" lon="49.350598"><time>2025-05-30T02:27:54.000Z</time></trkpt><trkpt lat="53.528375" lon="49.350455"><time>2025-05-30T02:27:56.000Z</time></trkpt><trkpt lat="53.528356" lon="49.350259"><time>2025-05-30T02:27:58.000Z</time></trkpt><trkpt lat="53.528346" lon="49.35006"><time>2025-05-30T02:28:01.000Z</time></trkpt><trkpt lat="53.528341" lon="49.349873"><time>2025-05-30T02:28:03.000Z</time></trkpt><trkpt lat="53.528337" lon="49.349727"><time>2025-05-30T02:28:05.000Z</time></trkpt><trkpt lat="53.52833" lon="49.349587"><time>2025-05-30T02:28:07.000Z</time></trkpt><trkpt lat="53.528316" lon="49.349448"><time>2025-05-30T02:28:09.000Z</time></trkpt><trkpt lat="53.528295" lon="49.349326"><time>2025-05-30T02:28:11.000Z</time></trkpt><trkpt lat="53.528268" lon="49.349227"><time>2025-05-30T02:28:13.000Z</time></trkpt><trkpt lat="53.52824" lon="49.349144"><time>2025-05-30T02:28:15.000Z</time></trkpt><trkpt lat="53.528215" lon="49.34906"><time>2025-05-30T02:28:17.000Z</time></trkpt><trkpt lat="53.528186" lon="49.348964"><time>2025-05-30T02:28:19.000Z</time></trkpt><trkpt lat="53.528149" lon="49.348862"><time>2025-05-30T02:28:21.000Z</time></trkpt><trkpt lat="53.528103" lon="49.348767"><time>2025-05-30T02:28:23.000Z</time></trkpt><trkpt lat="53.528048" lon="49.348669"><time>2025-05-30T02:28:25.000Z</time></trkpt><trkpt lat="53.527986" lon="49.34856"><time>2025-05-30T02:28:27.000Z</time></trkpt><trkpt lat="53.527921" lon="49.348446"><time>2025-05-30T02:28:29.000Z</time></trkpt><trkpt lat="53.527857" lon="49.348329"><time>2025-05-30T02:28:31.000Z</time></trkpt><trkpt lat="53.527801" lon="49.348182"><time>2025-05-30T02:28:33.000Z</time></trkpt><trkpt lat="53.527764" lon="49.348013"><time>2025-05-30T02:28:35.000Z</time></trkpt><trkpt lat="53.527758" lon="49.347846"><time>2025-05-30T02:28:37.000Z</time></trkpt><trkpt lat="53.527788" lon="49.347706"><time>2025-05-30T02:28:39.000Z</time></trkpt><trkpt lat="53.527841" lon="49.347583"><time>2025-05-30T02:28:41.000Z</time></trkpt><trkpt lat="53.52789" lon="49.347454"><time>2025-05-30T02:28:43.000Z</time></trkpt><trkpt lat="53.52791" lon="49.347307"><time>2025-05-30T02:28:45.000Z</time></trkpt><trkpt lat="53.527899" lon="49.347142"><time>2025-05-30T02:28:47.000Z</time></trkpt><trkpt lat="53.527866" lon="49.346961"><time>2025-05-30T02:28:49.000Z</time></trkpt><trkpt lat="53.527836" lon="49.346775"><time>2025-05-30T02:28:51.000Z</time></trkpt><trkpt lat="53.527818" lon="49.346589"><time>2025-05-30T02:28:53.000Z</time></trkpt><trkpt lat="53.527813" lon="49.346417"><time>2025-05-30T02:28:55.000Z</time></trkpt><trkpt lat="53.527799" lon="49.346279"><time>2025-05-30T02:28:57.000Z</time></trkpt><trkpt lat="53.527756" lon="49.346149"><time>2025-05-30T02:28:59.000Z</time></trkpt><trkpt lat="53.527701" lon="49.346028"><time>2025-05-30T02:29:02.000Z</time></trkpt><trkpt lat="53.527649" lon="49.345906"><time>2025-05-30T02:29:04.000Z</time></trkpt><trkpt lat="53.527612" lon="49.345797"><time>2025-05-30T02:29:06.000Z</time></trkpt><trkpt lat="53.527574" lon="49.345685"><time>2025-05-30T02:29:08.000Z</time></trkpt><trkpt lat="53.527531" lon="49.345569"><time>2025-05-30T02:29:10.000Z</time></trkpt><trkpt lat="53.527483" lon="49.345448"><time>2025-05-30T02:29:12.000Z</time></trkpt><trkpt lat="53.527434" lon="49.345328"><time>2025-05-30T02:29:14.000Z</time></trkpt><trkpt lat="53.527384" lon="49.345215"><time>2025-05-30T02:29:16.000Z</time></trkpt><trkpt lat="53.527325" lon="49.345074"><time>2025-05-30T02:29:18.000Z</time></trkpt><trkpt lat="53.527259" lon="49.344933"><time>2025-05-30T02:29:21.000Z</time></trkpt><trkpt lat="53.527181" lon="49.344765"><time>2025-05-30T02:29:23.000Z</time></trkpt><trkpt lat="53.527114" lon="49.344621"><time>2025-05-30T02:29:26.000Z</time></trkpt><trkpt lat="53.527047" lon="49.34448"><time>2025-05-30T02:29:28.000Z</time></trkpt><trkpt lat="53.526989" lon="49.344355"><time>2025-05-30T02:29:30.000Z</time></trkpt><trkpt lat="53.526926" lon="49.344237"><time>2025-05-30T02:29:32.000Z</time></trkpt><trkpt lat="53.526856" lon="49.344125"><time>2025-05-30T02:29:34.000Z</time></trkpt><trkpt lat="53.526778" lon="49.344027"><time>2025-05-30T02:29:36.000Z</time></trkpt><trkpt lat="53.526694" lon="49.34395"><time>2025-05-30T02:29:38.000Z</time></trkpt><trkpt lat="53.526615" lon="49.343897"><time>2025-05-30T02:29:40.000Z</time></trkpt><trkpt lat="53.526539" lon="49.343865"><time>2025-05-30T02:29:42.000Z</time></trkpt><trkpt lat="53.526465" lon="49.343845"><time>2025-05-30T02:29:44.000Z</time></trkpt><trkpt lat="53.526385" lon="49.343825"><time>2025-05-30T02:29:46.000Z</time></trkpt><trkpt lat="53.526266" lon="49.343783"><time>2025-05-30T02:29:48.000Z</time></trkpt><trkpt lat="53.526155" lon="49.343713"><time>2025-05-30T02:29:52.000Z</time></trkpt><trkpt lat="53.526061" lon="49.343621"><time>2025-05-30T02:29:54.000Z</time></trkpt><trkpt lat="53.526012" lon="49.343527"><time>2025-05-30T02:29:56.000Z</time></trkpt><trkpt lat="53.525971" lon="49.34343"><time>2025-05-30T02:29:58.000Z</time></trkpt><trkpt lat="53.525936" lon="49.343322"><time>2025-05-30T02:30:00.000Z</time></trkpt><trkpt lat="53.525917" lon="49.34319"><time>2025-05-30T02:30:02.000Z</time></trkpt><trkpt lat="53.525906" lon="49.343045"><time>2025-05-30T02:30:04.000Z</time></trkpt><trkpt lat="53.525888" lon="49.342897"><time>2025-05-30T02:30:06.000Z</time></trkpt><trkpt lat="53.525854" lon="49.342762"><time>2025-05-30T02:30:08.000Z</time></trkpt><trkpt lat="53.525816" lon="49.342628"><time>2025-05-30T02:30:10.000Z</time></trkpt><trkpt lat="53.525781" lon="49.342493"><time>2025-05-30T02:30:12.000Z</time></trkpt><trkpt lat="53.525746" lon="49.34237"><time>2025-05-30T02:30:14.000Z</time></trkpt><trkpt lat="53.5257" lon="49.342267"><time>2025-05-30T02:30:16.000Z</time></trkpt><trkpt lat="53.525643" lon="49.342175"><time>2025-05-30T02:30:18.000Z</time></trkpt><trkpt lat="53.525579" lon="49.342092"><time>2025-05-30T02:30:20.000Z</time></trkpt><trkpt lat="53.525515" lon="49.342017"><time>2025-05-30T02:30:22.000Z</time></trkpt><trkpt lat="53.525448" lon="49.341951"><time>2025-05-30T02:30:24.000Z</time></trkpt><trkpt lat="53.525382" lon="49.341882"><time>2025-05-30T02:30:26.000Z</time></trkpt><trkpt lat="53.525314" lon="49.341805"><time>2025-05-30T02:30:28.000Z</time></trkpt><trkpt lat="53.525245" lon="49.341724"><time>2025-05-30T02:30:30.000Z</time></trkpt><trkpt lat="53.525124" lon="49.341509"><time>2025-05-30T02:30:32.000Z</time></trkpt><trkpt lat="53.525003" lon="49.341273"><time>2025-05-30T02:30:40.000Z</time></trkpt><trkpt lat="53.524881" lon="49.341017"><time>2025-05-30T02:30:42.000Z</time></trkpt><trkpt lat="53.524822" lon="49.340867"><time>2025-05-30T02:30:44.000Z</time></trkpt><trkpt lat="53.524782" lon="49.340722"><time>2025-05-30T02:30:46.000Z</time></trkpt><trkpt lat="53.524767" lon="49.340539"><time>2025-05-30T02:30:48.000Z</time></trkpt><trkpt lat="53.524762" lon="49.340314"><time>2025-05-30T02:30:50.000Z</time></trkpt><trkpt lat="53.52477" lon="49.340173"><time>2025-05-30T02:30:53.000Z</time></trkpt><trkpt lat="53.524776" lon="49.340069"><time>2025-05-30T02:30:55.000Z</time></trkpt><trkpt lat="53.524768" lon="49.340022"><time>2025-05-30T02:30:57.000Z</time></trkpt><trkpt lat="53.524722" lon="49.339873"><time>2025-05-30T02:30:59.000Z</time></trkpt><trkpt lat="53.524664" lon="49.339718"><time>2025-05-30T02:31:02.000Z</time></trkpt><trkpt lat="53.524601" lon="49.339558"><time>2025-05-30T02:31:04.000Z</time></trkpt><trkpt lat="53.524551" lon="49.33941"><time>2025-05-30T02:31:06.000Z</time></trkpt><trkpt lat="53.524501" lon="49.339271"><time>2025-05-30T02:31:08.000Z</time></trkpt><trkpt lat="53.524457" lon="49.339125"><time>2025-05-30T02:31:10.000Z</time></trkpt><trkpt lat="53.524413" lon="49.338987"><time>2025-05-30T02:31:12.000Z</time></trkpt><trkpt lat="53.524369" lon="49.338852"><time>2025-05-30T02:31:14.000Z</time></trkpt><trkpt lat="53.524312" lon="49.338701"><time>2025-05-30T02:31:16.000Z</time></trkpt><trkpt lat="53.524254" lon="49.338547"><time>2025-05-30T02:31:19.000Z</time></trkpt><trkpt lat="53.524197" lon="49.338379"><time>2025-05-30T02:31:21.000Z</time></trkpt><trkpt lat="53.524155" lon="49.338221"><time>2025-05-30T02:31:23.000Z</time></trkpt><trkpt lat="53.524108" lon="49.338068"><time>2025-05-30T02:31:25.000Z</time></trkpt><trkpt lat="53.524048" lon="49.337937"><time>2025-05-30T02:31:27.000Z</time></trkpt><trkpt lat="53.523975" lon="49.337827"><time>2025-05-30T02:31:29.000Z</time></trkpt><trkpt lat="53.5239" lon="49.337731"><time>2025-05-30T02:31:31.000Z</time></trkpt><trkpt lat="53.523831" lon="49.337633"><time>2025-05-30T02:31:33.000Z</time></trkpt><trkpt lat="53.523776" lon="49.337528"><time>2025-05-30T02:31:35.000Z</time></trkpt><trkpt lat="53.523722" lon="49.337417"><time>2025-05-30T02:31:37.000Z</time></trkpt><trkpt lat="53.523664" lon="49.337307"><time>2025-05-30T02:31:39.000Z</time></trkpt><trkpt lat="53.523589" lon="49.337178"><time>2025-05-30T02:31:41.000Z</time></trkpt><trkpt lat="53.523514" lon="49.337043"><time>2025-05-30T02:31:44.000Z</time></trkpt><trkpt lat="53.523443" lon="49.336907"><time>2025-05-30T02:31:46.000Z</time></trkpt><trkpt lat="53.523383" lon="49.336795"><time>2025-05-30T02:31:48.000Z</time></trkpt><trkpt lat="53.523323" lon="49.33668"><time>2025-05-30T02:31:50.000Z</time></trkpt><trkpt lat="53.523262" lon="49.336551"><time>2025-05-30T02:31:52.000Z</time></trkpt><trkpt lat="53.523199" lon="49.336414"><time>2025-05-30T02:31:54.000Z</time></trkpt><trkpt lat="53.523128" lon="49.336293"><time>2025-05-30T02:31:56.000Z</time></trkpt><trkpt lat="53.523056" lon="49.336182"><time>2025-05-30T02:31:58.000Z</time></trkpt><trkpt lat="53.522993" lon="49.336069"><time>2025-05-30T02:32:00.000Z</time></trkpt><trkpt lat="53.522936" lon="49.33594"><time>2025-05-30T02:32:02.000Z</time></trkpt><trkpt lat="53.522875" lon="49.335804"><time>2025-05-30T02:32:04.000Z</time></trkpt><trkpt lat="53.522782" lon="49.335623"><time>2025-05-30T02:32:06.000Z</time></trkpt><trkpt lat="53.522686" lon="49.335458"><time>2025-05-30T02:32:10.000Z</time></trkpt><trkpt lat="53.522596" lon="49.335316"><time>2025-05-30T02:32:12.000Z</time></trkpt><trkpt lat="53.522539" lon="49.335242"><time>2025-05-30T02:32:14.000Z</time></trkpt><trkpt lat="53.522488" lon="49.335168"><time>2025-05-30T02:32:16.000Z</time></trkpt><trkpt lat="53.522437" lon="49.335087"><time>2025-05-30T02:32:18.000Z</time></trkpt><trkpt lat="53.522377" lon="49.334997"><time>2025-05-30T02:32:20.000Z</time></trkpt><trkpt lat="53.522318" lon="49.334896"><time>2025-05-30T02:32:22.000Z</time></trkpt><trkpt lat="53.52226" lon="49.33478"><time>2025-05-30T02:32:24.000Z</time></trkpt><trkpt lat="53.522208" lon="49.334661"><time>2025-05-30T02:32:26.000Z</time></trkpt><trkpt lat="53.522151" lon="49.334546"><time>2025-05-30T02:32:28.000Z</time></trkpt><trkpt lat="53.522092" lon="49.334432"><time>2025-05-30T02:32:30.000Z</time></trkpt><trkpt lat="53.522033" lon="49.334322"><time>2025-05-30T02:32:32.000Z</time></trkpt><trkpt lat="53.521973" lon="49.334208"><time>2025-05-30T02:32:34.000Z</time></trkpt><trkpt lat="53.521915" lon="49.334088"><time>2025-05-30T02:32:36.000Z</time></trkpt><trkpt lat="53.521859" lon="49.333946"><time>2025-05-30T02:32:38.000Z</time></trkpt><trkpt lat="53.521805" lon="49.33379"><time>2025-05-30T02:32:40.000Z</time></trkpt><trkpt lat="53.521754" lon="49.333635"><time>2025-05-30T02:32:42.000Z</time></trkpt><trkpt lat="53.521699" lon="49.333489"><time>2025-05-30T02:32:44.000Z</time></trkpt><trkpt lat="53.521638" lon="49.333357"><time>2025-05-30T02:32:46.000Z</time></trkpt><trkpt lat="53.521573" lon="49.333236"><time>2025-05-30T02:32:48.000Z</time></trkpt><trkpt lat="53.521506" lon="49.333133"><time>2025-05-30T02:32:50.000Z</time></trkpt><trkpt lat="53.521441" lon="49.333041"><time>2025-05-30T02:32:52.000Z</time></trkpt><trkpt lat="53.521379" lon="49.332953"><time>2025-05-30T02:32:54.000Z</time></trkpt><trkpt lat="53.521321" lon="49.332852"><time>2025-05-30T02:32:56.000Z</time></trkpt><trkpt lat="53.521265" lon="49.332733"><time>2025-05-30T02:32:58.000Z</time></trkpt><trkpt lat="53.521191" lon="49.332574"><time>2025-05-30T02:33:00.000Z</time></trkpt><trkpt lat="53.52111" lon="49.332412"><time>2025-05-30T02:33:03.000Z</time></trkpt><trkpt lat="53.521023" lon="49.332252"><time>2025-05-30T02:33:05.000Z</time></trkpt><trkpt lat="53.520946" lon="49.332118"><time>2025-05-30T02:33:07.000Z</time></trkpt><trkpt lat="53.520875" lon="49.331973"><time>2025-05-30T02:33:09.000Z</time></trkpt><trkpt lat="53.520809" lon="49.331826"><time>2025-05-30T02:33:11.000Z</time></trkpt><trkpt lat="53.520752" lon="49.331678"><time>2025-05-30T02:33:13.000Z</time></trkpt><trkpt lat="53.520697" lon="49.331539"><time>2025-05-30T02:33:15.000Z</time></trkpt><trkpt lat="53.520639" lon="49.331412"><time>2025-05-30T02:33:17.000Z</time></trkpt><trkpt lat="53.520576" lon="49.331296"><time>2025-05-30T02:33:19.000Z</time></trkpt><trkpt lat="53.520511" lon="49.331183"><time>2025-05-30T02:33:21.000Z</time></trkpt><trkpt lat="53.520449" lon="49.331064"><time>2025-05-30T02:33:23.000Z</time></trkpt><trkpt lat="53.520393" lon="49.330938"><time>2025-05-30T02:33:25.000Z</time></trkpt><trkpt lat="53.520336" lon="49.330805"><time>2025-05-30T02:33:27.000Z</time></trkpt><trkpt lat="53.520277" lon="49.330671"><time>2025-05-30T02:33:29.000Z</time></trkpt><trkpt lat="53.520216" lon="49.330538"><time>2025-05-30T02:33:31.000Z</time></trkpt><trkpt lat="53.520163" lon="49.330409"><time>2025-05-30T02:33:33.000Z</time></trkpt><trkpt lat="53.520127" lon="49.330277"><time>2025-05-30T02:33:35.000Z</time></trkpt><trkpt lat="53.520112" lon="49.33015"><time>2025-05-30T02:33:37.000Z</time></trkpt><trkpt lat="53.52011" lon="49.330021"><time>2025-05-30T02:33:39.000Z</time></trkpt><trkpt lat="53.520104" lon="49.329891"><time>2025-05-30T02:33:41.000Z</time></trkpt><trkpt lat="53.520088" lon="49.329747"><time>2025-05-30T02:33:43.000Z</time></trkpt><trkpt lat="53.520065" lon="49.3296"><time>2025-05-30T02:33:45.000Z</time></trkpt><trkpt lat="53.520044" lon="49.329453"><time>2025-05-30T02:33:47.000Z</time></trkpt><trkpt lat="53.520027" lon="49.329309"><time>2025-05-30T02:33:49.000Z</time></trkpt><trkpt lat="53.520012" lon="49.329168"><time>2025-05-30T02:33:51.000Z</time></trkpt><trkpt lat="53.519996" lon="49.329023"><time>2025-05-30T02:33:53.000Z</time></trkpt><trkpt lat="53.519973" lon="49.328842"><time>2025-05-30T02:33:55.000Z</time></trkpt><trkpt lat="53.519948" lon="49.328645"><time>2025-05-30T02:33:58.000Z</time></trkpt><trkpt lat="53.51992" lon="49.328441"><time>2025-05-30T02:34:00.000Z</time></trkpt><trkpt lat="53.519894" lon="49.328267"><time>2025-05-30T02:34:02.000Z</time></trkpt><trkpt lat="53.519874" lon="49.32809"><time>2025-05-30T02:34:04.000Z</time></trkpt><trkpt lat="53.519857" lon="49.32791"><time>2025-05-30T02:34:06.000Z</time></trkpt><trkpt lat="53.519836" lon="49.32773"><time>2025-05-30T02:34:08.000Z</time></trkpt><trkpt lat="53.519808" lon="49.327558"><time>2025-05-30T02:34:10.000Z</time></trkpt><trkpt lat="53.519778" lon="49.327388"><time>2025-05-30T02:34:12.000Z</time></trkpt><trkpt lat="53.519749" lon="49.327219"><time>2025-05-30T02:34:14.000Z</time></trkpt><trkpt lat="53.519723" lon="49.327046"><time>2025-05-30T02:34:16.000Z</time></trkpt><trkpt lat="53.519699" lon="49.326877"><time>2025-05-30T02:34:18.000Z</time></trkpt><trkpt lat="53.519678" lon="49.326714"><time>2025-05-30T02:34:20.000Z</time></trkpt><trkpt lat="53.519658" lon="49.326559"><time>2025-05-30T02:34:22.000Z</time></trkpt><trkpt lat="53.519635" lon="49.326402"><time>2025-05-30T02:34:24.000Z</time></trkpt><trkpt lat="53.519609" lon="49.326247"><time>2025-05-30T02:34:26.000Z</time></trkpt><trkpt lat="53.519581" lon="49.326094"><time>2025-05-30T02:34:28.000Z</time></trkpt><trkpt lat="53.519564" lon="49.325936"><time>2025-05-30T02:34:30.000Z</time></trkpt><trkpt lat="53.51956" lon="49.325758"><time>2025-05-30T02:34:32.000Z</time></trkpt><trkpt lat="53.519562" lon="49.325574"><time>2025-05-30T02:34:34.000Z</time></trkpt><trkpt lat="53.519559" lon="49.325384"><time>2025-05-30T02:34:36.000Z</time></trkpt><trkpt lat="53.519546" lon="49.325206"><time>2025-05-30T02:34:38.000Z</time></trkpt><trkpt lat="53.519531" lon="49.325025"><time>2025-05-30T02:34:40.000Z</time></trkpt><trkpt lat="53.519515" lon="49.324852"><time>2025-05-30T02:34:42.000Z</time></trkpt><trkpt lat="53.519501" lon="49.324677"><time>2025-05-30T02:34:44.000Z</time></trkpt><trkpt lat="53.519481" lon="49.324501"><time>2025-05-30T02:34:46.000Z</time></trkpt><trkpt lat="53.519455" lon="49.324328"><time>2025-05-30T02:34:48.000Z</time></trkpt><trkpt lat="53.519424" lon="49.324148"><time>2025-05-30T02:34:50.000Z</time></trkpt><trkpt lat="53.519394" lon="49.323932"><time>2025-05-30T02:34:52.000Z</time></trkpt><trkpt lat="53.519368" lon="49.323713"><time>2025-05-30T02:34:55.000Z</time></trkpt><trkpt lat="53.519344" lon="49.323502"><time>2025-05-30T02:34:57.000Z</time></trkpt><trkpt lat="53.519317" lon="49.323334"><time>2025-05-30T02:34:59.000Z</time></trkpt><trkpt lat="53.519286" lon="49.323174"><time>2025-05-30T02:35:01.000Z</time></trkpt><trkpt lat="53.519256" lon="49.323015"><time>2025-05-30T02:35:03.000Z</time></trkpt><trkpt lat="53.519235" lon="49.322847"><time>2025-05-30T02:35:05.000Z</time></trkpt><trkpt lat="53.519224" lon="49.32267"><time>2025-05-30T02:35:07.000Z</time></trkpt><trkpt lat="53.519211" lon="49.322498"><time>2025-05-30T02:35:09.000Z</time></trkpt><trkpt lat="53.519188" lon="49.322335"><time>2025-05-30T02:35:11.000Z</time></trkpt><trkpt lat="53.519153" lon="49.32218"><time>2025-05-30T02:35:13.000Z</time></trkpt><trkpt lat="53.519121" lon="49.322019"><time>2025-05-30T02:35:15.000Z</time></trkpt><trkpt lat="53.519098" lon="49.321844"><time>2025-05-30T02:35:17.000Z</time></trkpt><trkpt lat="53.519086" lon="49.321653"><time>2025-05-30T02:35:19.000Z</time></trkpt><trkpt lat="53.519082" lon="49.321455"><time>2025-05-30T02:35:21.000Z</time></trkpt><trkpt lat="53.519074" lon="49.321239"><time>2025-05-30T02:35:23.000Z</time></trkpt><trkpt lat="53.519062" lon="49.321039"><time>2025-05-30T02:35:26.000Z</time></trkpt><trkpt lat="53.519044" lon="49.320848"><time>2025-05-30T02:35:28.000Z</time></trkpt><trkpt lat="53.519025" lon="49.320686"><time>2025-05-30T02:35:30.000Z</time></trkpt><trkpt lat="53.519005" lon="49.320517"><time>2025-05-30T02:35:32.000Z</time></trkpt><trkpt lat="53.518988" lon="49.320352"><time>2025-05-30T02:35:34.000Z</time></trkpt><trkpt lat="53.518978" lon="49.32018"><time>2025-05-30T02:35:36.000Z</time></trkpt><trkpt lat="53.518968" lon="49.320002"><time>2025-05-30T02:35:38.000Z</time></trkpt><trkpt lat="53.518952" lon="49.319814"><time>2025-05-30T02:35:40.000Z</time></trkpt><trkpt lat="53.518927" lon="49.319631"><time>2025-05-30T02:35:42.000Z</time></trkpt><trkpt lat="53.518899" lon="49.319452"><time>2025-05-30T02:35:44.000Z</time></trkpt><trkpt lat="53.518873" lon="49.31927"><time>2025-05-30T02:35:46.000Z</time></trkpt><trkpt lat="53.518849" lon="49.319089"><time>2025-05-30T02:35:48.000Z</time></trkpt><trkpt lat="53.518827" lon="49.318909"><time>2025-05-30T02:35:50.000Z</time></trkpt><trkpt lat="53.51881" lon="49.318742"><time>2025-05-30T02:35:52.000Z</time></trkpt><trkpt lat="53.518804" lon="49.318564"><time>2025-05-30T02:35:54.000Z</time></trkpt><trkpt lat="53.518803" lon="49.318374"><time>2025-05-30T02:35:56.000Z</time></trkpt><trkpt lat="53.518796" lon="49.318154"><time>2025-05-30T02:35:58.000Z</time></trkpt><trkpt lat="53.518781" lon="49.317941"><time>2025-05-30T02:36:01.000Z</time></trkpt><trkpt lat="53.518762" lon="49.317745"><time>2025-05-30T02:36:03.000Z</time></trkpt><trkpt lat="53.518738" lon="49.317585"><time>2025-05-30T02:36:05.000Z</time></trkpt><trkpt lat="53.5187" lon="49.317435"><time>2025-05-30T02:36:07.000Z</time></trkpt><trkpt lat="53.518641" lon="49.317314"><time>2025-05-30T02:36:09.000Z</time></trkpt><trkpt lat="53.518569" lon="49.317206"><time>2025-05-30T02:36:11.000Z</time></trkpt><trkpt lat="53.518497" lon="49.317101"><time>2025-05-30T02:36:13.000Z</time></trkpt><trkpt lat="53.518421" lon="49.31695"><time>2025-05-30T02:36:15.000Z</time></trkpt><trkpt lat="53.518347" lon="49.31678"><time>2025-05-30T02:36:18.000Z</time></trkpt><trkpt lat="53.518262" lon="49.316615"><time>2025-05-30T02:36:20.000Z</time></trkpt><trkpt lat="53.518175" lon="49.316496"><time>2025-05-30T02:36:22.000Z</time></trkpt><trkpt lat="53.518083" lon="49.316406"><time>2025-05-30T02:36:24.000Z</time></trkpt><trkpt lat="53.517984" lon="49.316314"><time>2025-05-30T02:36:26.000Z</time></trkpt><trkpt lat="53.517889" lon="49.316231"><time>2025-05-30T02:36:29.000Z</time></trkpt><trkpt lat="53.517792" lon="49.316147"><time>2025-05-30T02:36:31.000Z</time></trkpt><trkpt lat="53.517702" lon="49.316079"><time>2025-05-30T02:36:33.000Z</time></trkpt><trkpt lat="53.517609" lon="49.316002"><time>2025-05-30T02:36:35.000Z</time></trkpt><trkpt lat="53.51752" lon="49.31592"><time>2025-05-30T02:36:37.000Z</time></trkpt><trkpt lat="53.517434" lon="49.315828"><time>2025-05-30T02:36:39.000Z</time></trkpt><trkpt lat="53.517354" lon="49.315707"><time>2025-05-30T02:36:41.000Z</time></trkpt><trkpt lat="53.517276" lon="49.315542"><time>2025-05-30T02:36:43.000Z</time></trkpt><trkpt lat="53.517203" lon="49.315337"><time>2025-05-30T02:36:45.000Z</time></trkpt><trkpt lat="53.517129" lon="49.315135"><time>2025-05-30T02:36:47.000Z</time></trkpt><trkpt lat="53.517013" lon="49.314915"><time>2025-05-30T02:36:49.000Z</time></trkpt><trkpt lat="53.516899" lon="49.314724"><time>2025-05-30T02:36:53.000Z</time></trkpt><trkpt lat="53.516791" lon="49.314553"><time>2025-05-30T02:36:55.000Z</time></trkpt><trkpt lat="53.516733" lon="49.314444"><time>2025-05-30T02:36:57.000Z</time></trkpt><trkpt lat="53.516667" lon="49.314359"><time>2025-05-30T02:36:59.000Z</time></trkpt><trkpt lat="53.51659" lon="49.314293"><time>2025-05-30T02:37:01.000Z</time></trkpt><trkpt lat="53.5165" lon="49.314243"><time>2025-05-30T02:37:03.000Z</time></trkpt><trkpt lat="53.516416" lon="49.314199"><time>2025-05-30T02:37:05.000Z</time></trkpt><trkpt lat="53.516344" lon="49.314142"><time>2025-05-30T02:37:07.000Z</time></trkpt><trkpt lat="53.51628" lon="49.314075"><time>2025-05-30T02:37:09.000Z</time></trkpt><trkpt lat="53.51622" lon="49.314006"><time>2025-05-30T02:37:11.000Z</time></trkpt><trkpt lat="53.516152" lon="49.313947"><time>2025-05-30T02:37:13.000Z</time></trkpt><trkpt lat="53.516074" lon="49.313891"><time>2025-05-30T02:37:15.000Z</time></trkpt><trkpt lat="53.515989" lon="49.313827"><time>2025-05-30T02:37:17.000Z</time></trkpt><trkpt lat="53.515895" lon="49.313741"><time>2025-05-30T02:37:19.000Z</time></trkpt><trkpt lat="53.515807" lon="49.313639"><time>2025-05-30T02:37:21.000Z</time></trkpt><trkpt lat="53.515728" lon="49.31354"><time>2025-05-30T02:37:23.000Z</time></trkpt><trkpt lat="53.515649" lon="49.313431"><time>2025-05-30T02:37:25.000Z</time></trkpt><trkpt lat="53.515564" lon="49.313318"><time>2025-05-30T02:37:28.000Z</time></trkpt><trkpt lat="53.51547" lon="49.313191"><time>2025-05-30T02:37:30.000Z</time></trkpt><trkpt lat="53.515372" lon="49.31307"><time>2025-05-30T02:37:32.000Z</time></trkpt><trkpt lat="53.515271" lon="49.312976"><time>2025-05-30T02:37:35.000Z</time></trkpt><trkpt lat="53.515168" lon="49.312893"><time>2025-05-30T02:37:37.000Z</time></trkpt><trkpt lat="53.515081" lon="49.312825"><time>2025-05-30T02:37:39.000Z</time></trkpt><trkpt lat="53.515" lon="49.312742"><time>2025-05-30T02:37:41.000Z</time></trkpt><trkpt lat="53.514924" lon="49.312641"><time>2025-05-30T02:37:43.000Z</time></trkpt><trkpt lat="53.514854" lon="49.312523"><time>2025-05-30T02:37:45.000Z</time></trkpt><trkpt lat="53.514782" lon="49.312404"><time>2025-05-30T02:37:47.000Z</time></trkpt><trkpt lat="53.514701" lon="49.312301"><time>2025-05-30T02:37:49.000Z</time></trkpt><trkpt lat="53.514605" lon="49.312212"><time>2025-05-30T02:37:51.000Z</time></trkpt><trkpt lat="53.514507" lon="49.312114"><time>2025-05-30T02:37:53.000Z</time></trkpt><trkpt lat="53.514382" lon="49.311975"><time>2025-05-30T02:37:55.000Z</time></trkpt><trkpt lat="53.514265" lon="49.311842"><time>2025-05-30T02:37:59.000Z</time></trkpt><trkpt lat="53.514152" lon="49.311723"><time>2025-05-30T02:38:01.000Z</time></trkpt><trkpt lat="53.514072" lon="49.311643"><time>2025-05-30T02:38:03.000Z</time></trkpt><trkpt lat="53.513992" lon="49.311561"><time>2025-05-30T02:38:05.000Z</time></trkpt><trkpt lat="53.513912" lon="49.311477"><time>2025-05-30T02:38:07.000Z</time></trkpt><trkpt lat="53.513831" lon="49.311383"><time>2025-05-30T02:38:09.000Z</time></trkpt><trkpt lat="53.513748" lon="49.311287"><time>2025-05-30T02:38:11.000Z</time></trkpt><trkpt lat="53.513659" lon="49.3112"><time>2025-05-30T02:38:13.000Z</time></trkpt><trkpt lat="53.513569" lon="49.311126"><time>2025-05-30T02:38:15.000Z</time></trkpt><trkpt lat="53.513479" lon="49.311055"><time>2025-05-30T02:38:17.000Z</time></trkpt><trkpt lat="53.513391" lon="49.310993"><time>2025-05-30T02:38:19.000Z</time></trkpt><trkpt lat="53.513305" lon="49.310941"><time>2025-05-30T02:38:21.000Z</time></trkpt><trkpt lat="53.513225" lon="49.310896"><time>2025-05-30T02:38:23.000Z</time></trkpt><trkpt lat="53.51313" lon="49.310827"><time>2025-05-30T02:38:25.000Z</time></trkpt><trkpt lat="53.513035" lon="49.310748"><time>2025-05-30T02:38:27.000Z</time></trkpt><trkpt lat="53.512931" lon="49.310668"><time>2025-05-30T02:38:29.000Z</time></trkpt><trkpt lat="53.512843" lon="49.310614"><time>2025-05-30T02:38:31.000Z</time></trkpt><trkpt lat="53.512749" lon="49.310557"><time>2025-05-30T02:38:33.000Z</time></trkpt><trkpt lat="53.512639" lon="49.310485"><time>2025-05-30T02:38:35.000Z</time></trkpt><trkpt lat="53.512529" lon="49.310413"><time>2025-05-30T02:38:38.000Z</time></trkpt><trkpt lat="53.512422" lon="49.31035"><time>2025-05-30T02:38:40.000Z</time></trkpt><trkpt lat="53.512332" lon="49.310289"><time>2025-05-30T02:38:42.000Z</time></trkpt><trkpt lat="53.512229" lon="49.310194"><time>2025-05-30T02:38:44.000Z</time></trkpt><trkpt lat="53.512028" lon="49.310039"><time>2025-05-30T02:38:47.000Z</time></trkpt><trkpt lat="53.511828" lon="49.309891"><time>2025-05-30T02:38:56.000Z</time></trkpt><trkpt lat="53.511636" lon="49.309763"><time>2025-05-30T02:38:58.000Z</time></trkpt><trkpt lat="53.511538" lon="49.30968"><time>2025-05-30T02:39:00.000Z</time></trkpt><trkpt lat="53.511438" lon="49.309591"><time>2025-05-30T02:39:02.000Z</time></trkpt><trkpt lat="53.51134" lon="49.309505"><time>2025-05-30T02:39:04.000Z</time></trkpt><trkpt lat="53.511244" lon="49.309432"><time>2025-05-30T02:39:06.000Z</time></trkpt><trkpt lat="53.511151" lon="49.309378"><time>2025-05-30T02:39:08.000Z</time></trkpt><trkpt lat="53.511059" lon="49.309338"><time>2025-05-30T02:39:10.000Z</time></trkpt><trkpt lat="53.510966" lon="49.309286"><time>2025-05-30T02:39:12.000Z</time></trkpt><trkpt lat="53.510868" lon="49.309215"><time>2025-05-30T02:39:14.000Z</time></trkpt><trkpt lat="53.510751" lon="49.309116"><time>2025-05-30T02:39:16.000Z</time></trkpt><trkpt lat="53.510638" lon="49.309031"><time>2025-05-30T02:39:19.000Z</time></trkpt><trkpt lat="53.510531" lon="49.308963"><time>2025-05-30T02:39:21.000Z</time></trkpt><trkpt lat="53.510442" lon="49.308908"><time>2025-05-30T02:39:23.000Z</time></trkpt><trkpt lat="53.510355" lon="49.308852"><time>2025-05-30T02:39:25.000Z</time></trkpt><trkpt lat="53.510251" lon="49.308789"><time>2025-05-30T02:39:27.000Z</time></trkpt><trkpt lat="53.510141" lon="49.308728"><time>2025-05-30T02:39:30.000Z</time></trkpt><trkpt lat="53.510025" lon="49.308663"><time>2025-05-30T02:39:32.000Z</time></trkpt><trkpt lat="53.509924" lon="49.308599"><time>2025-05-30T02:39:34.000Z</time></trkpt><trkpt lat="53.509822" lon="49.308545"><time>2025-05-30T02:39:36.000Z</time></trkpt><trkpt lat="53.509722" lon="49.308498"><time>2025-05-30T02:39:38.000Z</time></trkpt><trkpt lat="53.509624" lon="49.308455"><time>2025-05-30T02:39:40.000Z</time></trkpt><trkpt lat="53.509529" lon="49.308408"><time>2025-05-30T02:39:42.000Z</time></trkpt><trkpt lat="53.509437" lon="49.308354"><time>2025-05-30T02:39:44.000Z</time></trkpt><trkpt lat="53.509349" lon="49.308294"><time>2025-05-30T02:39:46.000Z</time></trkpt><trkpt lat="53.509263" lon="49.308232"><time>2025-05-30T02:39:48.000Z</time></trkpt><trkpt lat="53.509175" lon="49.308167"><time>2025-05-30T02:39:50.000Z</time></trkpt><trkpt lat="53.50909" lon="49.308102"><time>2025-05-30T02:39:52.000Z</time></trkpt><trkpt lat="53.509001" lon="49.308043"><time>2025-05-30T02:39:54.000Z</time></trkpt><trkpt lat="53.508905" lon="49.30799"><time>2025-05-30T02:39:56.000Z</time></trkpt><trkpt lat="53.5088" lon="49.307927"><time>2025-05-30T02:39:58.000Z</time></trkpt><trkpt lat="53.508695" lon="49.307847"><time>2025-05-30T02:40:00.000Z</time></trkpt><trkpt lat="53.508593" lon="49.307757"><time>2025-05-30T02:40:02.000Z</time></trkpt><trkpt lat="53.508494" lon="49.307676"><time>2025-05-30T02:40:04.000Z</time></trkpt><trkpt lat="53.508392" lon="49.307615"><time>2025-05-30T02:40:06.000Z</time></trkpt><trkpt lat="53.508293" lon="49.307568"><time>2025-05-30T02:40:08.000Z</time></trkpt><trkpt lat="53.508196" lon="49.307526"><time>2025-05-30T02:40:10.000Z</time></trkpt><trkpt lat="53.508083" lon="49.307485"><time>2025-05-30T02:40:12.000Z</time></trkpt><trkpt lat="53.507969" lon="49.307431"><time>2025-05-30T02:40:15.000Z</time></trkpt><trkpt lat="53.507856" lon="49.307367"><time>2025-05-30T02:40:17.000Z</time></trkpt><trkpt lat="53.507762" lon="49.307292"><time>2025-05-30T02:40:19.000Z</time></trkpt><trkpt lat="53.507669" lon="49.307224"><time>2025-05-30T02:40:21.000Z</time></trkpt><trkpt lat="53.507569" lon="49.307168"><time>2025-05-30T02:40:23.000Z</time></trkpt><trkpt lat="53.507465" lon="49.307117"><time>2025-05-30T02:40:25.000Z</time></trkpt><trkpt lat="53.507358" lon="49.307065"><time>2025-05-30T02:40:27.000Z</time></trkpt><trkpt lat="53.507257" lon="49.307007"><time>2025-05-30T02:40:29.000Z</time></trkpt><trkpt lat="53.50716" lon="49.306951"><time>2025-05-30T02:40:31.000Z</time></trkpt><trkpt lat="53.507069" lon="49.306899"><time>2025-05-30T02:40:33.000Z</time></trkpt><trkpt lat="53.506978" lon="49.306857"><time>2025-05-30T02:40:35.000Z</time></trkpt><trkpt lat="53.506887" lon="49.306817"><time>2025-05-30T02:40:37.000Z</time></trkpt><trkpt lat="53.506796" lon="49.306777"><time>2025-05-30T02:40:39.000Z</time></trkpt><trkpt lat="53.506709" lon="49.306745"><time>2025-05-30T02:40:41.000Z</time></trkpt><trkpt lat="53.506624" lon="49.306722"><time>2025-05-30T02:40:43.000Z</time></trkpt><trkpt lat="53.506544" lon="49.306708"><time>2025-05-30T02:40:45.000Z</time></trkpt><trkpt lat="53.506465" lon="49.306685"><time>2025-05-30T02:40:47.000Z</time></trkpt><trkpt lat="53.506383" lon="49.306641"><time>2025-05-30T02:40:49.000Z</time></trkpt><trkpt lat="53.506298" lon="49.306572"><time>2025-05-30T02:40:51.000Z</time></trkpt><trkpt lat="53.506212" lon="49.306496"><time>2025-05-30T02:40:53.000Z</time></trkpt><trkpt lat="53.506127" lon="49.306428"><time>2025-05-30T02:40:55.000Z</time></trkpt><trkpt lat="53.506041" lon="49.306376"><time>2025-05-30T02:40:57.000Z</time></trkpt><trkpt lat="53.505932" lon="49.306308"><time>2025-05-30T02:40:59.000Z</time></trkpt><trkpt lat="53.505819" lon="49.306236"><time>2025-05-30T02:41:02.000Z</time></trkpt><trkpt lat="53.505705" lon="49.306166"><time>2025-05-30T02:41:04.000Z</time></trkpt><trkpt lat="53.505611" lon="49.306115"><time>2025-05-30T02:41:06.000Z</time></trkpt><trkpt lat="53.50552" lon="49.306062"><time>2025-05-30T02:41:08.000Z</time></trkpt><trkpt lat="53.505429" lon="49.305999"><time>2025-05-30T02:41:10.000Z</time></trkpt><trkpt lat="53.505337" lon="49.30594"><time>2025-05-30T02:41:12.000Z</time></trkpt><trkpt lat="53.50524" lon="49.305892"><time>2025-05-30T02:41:14.000Z</time></trkpt><trkpt lat="53.505144" lon="49.305858"><time>2025-05-30T02:41:16.000Z</time></trkpt><trkpt lat="53.505051" lon="49.305822"><time>2025-05-30T02:41:18.001Z</time></trkpt><trkpt lat="53.50488" lon="49.305689"><time>2025-05-30T02:41:20.001Z</time></trkpt><trkpt lat="53.504714" lon="49.305529"><time>2025-05-30T02:41:28.001Z</time></trkpt><trkpt lat="53.504554" lon="49.305366"><time>2025-05-30T02:41:30.001Z</time></trkpt><trkpt lat="53.504477" lon="49.305304"><time>2025-05-30T02:41:32.001Z</time></trkpt><trkpt lat="53.504391" lon="49.305274"><time>2025-05-30T02:41:34.001Z</time></trkpt><trkpt lat="53.504292" lon="49.305255"><time>2025-05-30T02:41:36.001Z</time></trkpt><trkpt lat="53.504192" lon="49.305224"><time>2025-05-30T02:41:38.001Z</time></trkpt><trkpt lat="53.504098" lon="49.305174"><time>2025-05-30T02:41:40.001Z</time></trkpt><trkpt lat="53.504013" lon="49.305109"><time>2025-05-30T02:41:42.001Z</time></trkpt><trkpt lat="53.503921" lon="49.305028"><time>2025-05-30T02:41:44.001Z</time></trkpt><trkpt lat="53.503832" lon="49.304953"><time>2025-05-30T02:41:47.001Z</time></trkpt><trkpt lat="53.503747" lon="49.304891"><time>2025-05-30T02:41:49.001Z</time></trkpt><trkpt lat="53.503672" lon="49.30486"><time>2025-05-30T02:41:51.001Z</time></trkpt><trkpt lat="53.503588" lon="49.304837"><time>2025-05-30T02:41:53.001Z</time></trkpt><trkpt lat="53.503493" lon="49.304806"><time>2025-05-30T02:41:55.001Z</time></trkpt><trkpt lat="53.503385" lon="49.304751"><time>2025-05-30T02:41:57.001Z</time></trkpt><trkpt lat="53.503276" lon="49.304684"><time>2025-05-30T02:41:59.001Z</time></trkpt><trkpt lat="53.503167" lon="49.304618"><time>2025-05-30T02:42:01.001Z</time></trkpt><trkpt lat="53.503063" lon="49.304556"><time>2025-05-30T02:42:03.001Z</time></trkpt><trkpt lat="53.502965" lon="49.304487"><time>2025-05-30T02:42:05.001Z</time></trkpt><trkpt lat="53.502845" lon="49.304391"><time>2025-05-30T02:42:07.001Z</time></trkpt><trkpt lat="53.502733" lon="49.304298"><time>2025-05-30T02:42:11.001Z</time></trkpt><trkpt lat="53.502624" lon="49.304211"><time>2025-05-30T02:42:13.001Z</time></trkpt><trkpt lat="53.50254" lon="49.304143"><time>2025-05-30T02:42:15.001Z</time></trkpt><trkpt lat="53.502451" lon="49.304073"><time>2025-05-30T02:42:17.001Z</time></trkpt><trkpt lat="53.502352" lon="49.304003"><time>2025-05-30T02:42:19.001Z</time></trkpt><trkpt lat="53.502242" lon="49.303935"><time>2025-05-30T02:42:21.001Z</time></trkpt><trkpt lat="53.502122" lon="49.303869"><time>2025-05-30T02:42:23.001Z</time></trkpt><trkpt lat="53.502006" lon="49.303807"><time>2025-05-30T02:42:25.001Z</time></trkpt><trkpt lat="53.501897" lon="49.303748"><time>2025-05-30T02:42:27.001Z</time></trkpt><trkpt lat="53.501803" lon="49.303678"><time>2025-05-30T02:42:29.001Z</time></trkpt><trkpt lat="53.501717" lon="49.303602"><time>2025-05-30T02:42:31.001Z</time></trkpt><trkpt lat="53.501634" lon="49.303536"><time>2025-05-30T02:42:33.001Z</time></trkpt><trkpt lat="53.501544" lon="49.303481"><time>2025-05-30T02:42:35.001Z</time></trkpt><trkpt lat="53.501448" lon="49.303421"><time>2025-05-30T02:42:37.001Z</time></trkpt><trkpt lat="53.501346" lon="49.303343"><time>2025-05-30T02:42:39.001Z</time></trkpt><trkpt lat="53.50124" lon="49.303248"><time>2025-05-30T02:42:41.001Z</time></trkpt><trkpt lat="53.501127" lon="49.303141"><time>2025-05-30T02:42:43.001Z</time></trkpt><trkpt lat="53.501014" lon="49.303026"><time>2025-05-30T02:42:45.001Z</time></trkpt><trkpt lat="53.500904" lon="49.302897"><time>2025-05-30T02:42:47.001Z</time></trkpt><trkpt lat="53.500801" lon="49.30276"><time>2025-05-30T02:42:49.001Z</time></trkpt><trkpt lat="53.500704" lon="49.302615"><time>2025-05-30T02:42:51.001Z</time></trkpt><trkpt lat="53.500618" lon="49.302475"><time>2025-05-30T02:42:53.001Z</time></trkpt><trkpt lat="53.500555" lon="49.302339"><time>2025-05-30T02:42:55.001Z</time></trkpt><trkpt lat="53.500506" lon="49.302206"><time>2025-05-30T02:42:57.001Z</time></trkpt><trkpt lat="53.500452" lon="49.302077"><time>2025-05-30T02:42:59.001Z</time></trkpt><trkpt lat="53.500378" lon="49.30195"><time>2025-05-30T02:43:01.001Z</time></trkpt><trkpt lat="53.500293" lon="49.30182"><time>2025-05-30T02:43:03.001Z</time></trkpt><trkpt lat="53.500208" lon="49.301687"><time>2025-05-30T02:43:05.001Z</time></trkpt><trkpt lat="53.50013" lon="49.301557"><time>2025-05-30T02:43:07.001Z</time></trkpt><trkpt lat="53.500058" lon="49.301433"><time>2025-05-30T02:43:09.001Z</time></trkpt><trkpt lat="53.499989" lon="49.301319"><time>2025-05-30T02:43:11.001Z</time></trkpt><trkpt lat="53.499918" lon="49.301207"><time>2025-05-30T02:43:13.001Z</time></trkpt><trkpt lat="53.499848" lon="49.301091"><time>2025-05-30T02:43:15.001Z</time></trkpt><trkpt lat="53.499784" lon="49.300961"><time>2025-05-30T02:43:17.001Z</time></trkpt><trkpt lat="53.499725" lon="49.300827"><time>2025-05-30T02:43:19.001Z</time></trkpt><trkpt lat="53.499667" lon="49.300703"><time>2025-05-30T02:43:21.001Z</time></trkpt><trkpt lat="53.499607" lon="49.300593"><time>2025-05-30T02:43:23.001Z</time></trkpt><trkpt lat="53.499545" lon="49.300496"><time>2025-05-30T02:43:25.001Z</time></trkpt><trkpt lat="53.499483" lon="49.300402"><time>2025-05-30T02:43:27.001Z</time></trkpt><trkpt lat="53.49942" lon="49.300311"><time>2025-05-30T02:43:29.001Z</time></trkpt><trkpt lat="53.499363" lon="49.300223"><time>2025-05-30T02:43:31.001Z</time></trkpt><trkpt lat="53.499304" lon="49.300129"><time>2025-05-30T02:43:33.001Z</time></trkpt><trkpt lat="53.499253" lon="49.30006"><time>2025-05-30T02:43:36.001Z</time></trkpt><trkpt lat="53.499201" lon="49.300042"><time>2025-05-30T02:43:38.001Z</time></trkpt><trkpt lat="53.499155" lon="49.30009"><time>2025-05-30T02:43:40.001Z</time></trkpt><trkpt lat="53.499105" lon="49.300173"><time>2025-05-30T02:43:42.001Z</time></trkpt><trkpt lat="53.499054" lon="49.300264"><time>2025-05-30T02:43:44.001Z</time></trkpt><trkpt lat="53.499005" lon="49.300353"><time>2025-05-30T02:43:46.001Z</time></trkpt><trkpt lat="53.498966" lon="49.300444"><time>2025-05-30T02:43:48.001Z</time></trkpt><trkpt lat="53.498933" lon="49.300521"><time>2025-05-30T02:43:50.001Z</time></trkpt><trkpt lat="53.498895" lon="49.300564"><time>2025-05-30T02:43:52.001Z</time></trkpt><trkpt lat="53.498841" lon="49.300567"><time>2025-05-30T02:43:54.001Z</time></trkpt><trkpt lat="53.498735" lon="49.300525"><time>2025-05-30T02:43:56.001Z</time></trkpt><trkpt lat="53.49862" lon="49.300471"><time>2025-05-30T02:44:00.000Z</time></trkpt><trkpt lat="53.498498" lon="49.300401"><time>2025-05-30T02:44:02.000Z</time></trkpt><trkpt lat="53.498411" lon="49.30034"><time>2025-05-30T02:44:04.001Z</time></trkpt><trkpt lat="53.498328" lon="49.300278"><time>2025-05-30T02:44:06.001Z</time></trkpt><trkpt lat="53.498248" lon="49.300217"><time>2025-05-30T02:44:08.001Z</time></trkpt><trkpt lat="53.498167" lon="49.300158"><time>2025-05-30T02:44:10.001Z</time></trkpt><trkpt lat="53.498085" lon="49.300106"><time>2025-05-30T02:44:12.001Z</time></trkpt><trkpt lat="53.498005" lon="49.300052"><time>2025-05-30T02:44:14.001Z</time></trkpt><trkpt lat="53.497933" lon="49.29997"><time>2025-05-30T02:44:16.000Z</time></trkpt><trkpt lat="53.49787" lon="49.299848"><time>2025-05-30T02:44:18.001Z</time></trkpt><trkpt lat="53.497815" lon="49.299709"><time>2025-05-30T02:44:20.001Z</time></trkpt><trkpt lat="53.49777" lon="49.299573"><time>2025-05-30T02:44:22.001Z</time></trkpt><trkpt lat="53.49774" lon="49.299435"><time>2025-05-30T02:44:24.001Z</time></trkpt><trkpt lat="53.497732" lon="49.299287"><time>2025-05-30T02:44:26.001Z</time></trkpt><trkpt lat="53.497749" lon="49.299137"><time>2025-05-30T02:44:28.001Z</time></trkpt><trkpt lat="53.497782" lon="49.298985"><time>2025-05-30T02:44:30.001Z</time></trkpt><trkpt lat="53.497816" lon="49.298834"><time>2025-05-30T02:44:32.001Z</time></trkpt><trkpt lat="53.497837" lon="49.298676"><time>2025-05-30T02:44:34.001Z</time></trkpt><trkpt lat="53.497845" lon="49.298501"><time>2025-05-30T02:44:36.001Z</time></trkpt><trkpt lat="53.49785" lon="49.298316"><time>2025-05-30T02:44:38.001Z</time></trkpt><trkpt lat="53.49786" lon="49.298134"><time>2025-05-30T02:44:40.001Z</time></trkpt><trkpt lat="53.497866" lon="49.297985"><time>2025-05-30T02:44:42.001Z</time></trkpt><trkpt lat="53.497853" lon="49.297861"><time>2025-05-30T02:44:44.001Z</time></trkpt><trkpt lat="53.497817" lon="49.297752"><time>2025-05-30T02:44:46.001Z</time></trkpt><trkpt lat="53.497766" lon="49.297609"><time>2025-05-30T02:44:48.001Z</time></trkpt><trkpt lat="53.497717" lon="49.297438"><time>2025-05-30T02:44:51.001Z</time></trkpt><trkpt lat="53.497672" lon="49.297241"><time>2025-05-30T02:44:53.001Z</time></trkpt><trkpt lat="53.497635" lon="49.297052"><time>2025-05-30T02:44:55.001Z</time></trkpt><trkpt lat="53.497588" lon="49.296868"><time>2025-05-30T02:44:57.001Z</time></trkpt><trkpt lat="53.497531" lon="49.296685"><time>2025-05-30T02:44:59.001Z</time></trkpt><trkpt lat="53.497468" lon="49.296513"><time>2025-05-30T02:45:01.001Z</time></trkpt><trkpt lat="53.497404" lon="49.296363"><time>2025-05-30T02:45:03.001Z</time></trkpt><trkpt lat="53.497332" lon="49.296215"><time>2025-05-30T02:45:05.001Z</time></trkpt><trkpt lat="53.497258" lon="49.296078"><time>2025-05-30T02:45:08.001Z</time></trkpt><trkpt lat="53.49717" lon="49.295901"><time>2025-05-30T02:45:10.001Z</time></trkpt><trkpt lat="53.497092" lon="49.295744"><time>2025-05-30T02:45:13.001Z</time></trkpt><trkpt lat="53.497013" lon="49.29559"><time>2025-05-30T02:45:15.001Z</time></trkpt><trkpt lat="53.496946" lon="49.295479"><time>2025-05-30T02:45:17.001Z</time></trkpt><trkpt lat="53.496881" lon="49.295365"><time>2025-05-30T02:45:19.001Z</time></trkpt><trkpt lat="53.496823" lon="49.295236"><time>2025-05-30T02:45:21.001Z</time></trkpt><trkpt lat="53.496768" lon="49.295087"><time>2025-05-30T02:45:23.001Z</time></trkpt><trkpt lat="53.496709" lon="49.294927"><time>2025-05-30T02:45:25.001Z</time></trkpt><trkpt lat="53.496637" lon="49.294773"><time>2025-05-30T02:45:27.001Z</time></trkpt><trkpt lat="53.496556" lon="49.294628"><time>2025-05-30T02:45:29.001Z</time></trkpt><trkpt lat="53.49647" lon="49.294486"><time>2025-05-30T02:45:31.001Z</time></trkpt><trkpt lat="53.496388" lon="49.294344"><time>2025-05-30T02:45:33.001Z</time></trkpt><trkpt lat="53.496311" lon="49.294199"><time>2025-05-30T02:45:35.001Z</time></trkpt><trkpt lat="53.496237" lon="49.294055"><time>2025-05-30T02:45:37.001Z</time></trkpt><trkpt lat="53.496159" lon="49.293915"><time>2025-05-30T02:45:39.001Z</time></trkpt><trkpt lat="53.496079" lon="49.293767"><time>2025-05-30T02:45:41.001Z</time></trkpt><trkpt lat="53.496" lon="49.293621"><time>2025-05-30T02:45:43.001Z</time></trkpt><trkpt lat="53.495923" lon="49.29349"><time>2025-05-30T02:45:45.001Z</time></trkpt><trkpt lat="53.495844" lon="49.293377"><time>2025-05-30T02:45:47.001Z</time></trkpt><trkpt lat="53.495764" lon="49.293265"><time>2025-05-30T02:45:49.001Z</time></trkpt><trkpt lat="53.495684" lon="49.293141"><time>2025-05-30T02:45:51.001Z</time></trkpt><trkpt lat="53.495609" lon="49.29301"><time>2025-05-30T02:45:53.001Z</time></trkpt><trkpt lat="53.495534" lon="49.292879"><time>2025-05-30T02:45:55.001Z</time></trkpt><trkpt lat="53.495454" lon="49.292753"><time>2025-05-30T02:45:57.001Z</time></trkpt><trkpt lat="53.495364" lon="49.292626"><time>2025-05-30T02:45:59.001Z</time></trkpt><trkpt lat="53.495272" lon="49.292499"><time>2025-05-30T02:46:01.001Z</time></trkpt><trkpt lat="53.495179" lon="49.292372"><time>2025-05-30T02:46:03.001Z</time></trkpt><trkpt lat="53.495087" lon="49.292252"><time>2025-05-30T02:46:05.001Z</time></trkpt><trkpt lat="53.494996" lon="49.292143"><time>2025-05-30T02:46:07.001Z</time></trkpt><trkpt lat="53.49491" lon="49.29204"><time>2025-05-30T02:46:09.001Z</time></trkpt><trkpt lat="53.494828" lon="49.291935"><time>2025-05-30T02:46:11.001Z</time></trkpt><trkpt lat="53.494748" lon="49.291819"><time>2025-05-30T02:46:13.001Z</time></trkpt><trkpt lat="53.494666" lon="49.291703"><time>2025-05-30T02:46:15.001Z</time></trkpt><trkpt lat="53.49459" lon="49.291591"><time>2025-05-30T02:46:17.001Z</time></trkpt><trkpt lat="53.494539" lon="49.291479"><time>2025-05-30T02:46:19.001Z</time></trkpt><trkpt lat="53.494528" lon="49.291359"><time>2025-05-30T02:46:21.001Z</time></trkpt><trkpt lat="53.494552" lon="49.291238"><time>2025-05-30T02:46:23.001Z</time></trkpt><trkpt lat="53.494596" lon="49.291126"><time>2025-05-30T02:46:25.001Z</time></trkpt><trkpt lat="53.494647" lon="49.291023"><time>2025-05-30T02:46:27.001Z</time></trkpt><trkpt lat="53.494704" lon="49.29093"><time>2025-05-30T02:46:29.001Z</time></trkpt><trkpt lat="53.494763" lon="49.290845"><time>2025-05-30T02:46:31.001Z</time></trkpt><trkpt lat="53.494815" lon="49.290765"><time>2025-05-30T02:46:33.001Z</time></trkpt><trkpt lat="53.494858" lon="49.290684"><time>2025-05-30T02:46:35.001Z</time></trkpt><trkpt lat="53.494898" lon="49.290596"><time>2025-05-30T02:46:37.001Z</time></trkpt><trkpt lat="53.494941" lon="49.290505"><time>2025-05-30T02:46:39.001Z</time></trkpt><trkpt lat="53.494992" lon="49.290406"><time>2025-05-30T02:46:41.001Z</time></trkpt><trkpt lat="53.495048" lon="49.290295"><time>2025-05-30T02:46:43.001Z</time></trkpt><trkpt lat="53.495105" lon="49.290175"><time>2025-05-30T02:46:45.001Z</time></trkpt><trkpt lat="53.495164" lon="49.290053"><time>2025-05-30T02:46:47.001Z</time></trkpt><trkpt lat="53.495227" lon="49.289935"><time>2025-05-30T02:46:49.001Z</time></trkpt><trkpt lat="53.495289" lon="49.289827"><time>2025-05-30T02:46:51.001Z</time></trkpt><trkpt lat="53.495348" lon="49.289725"><time>2025-05-30T02:46:53.001Z</time></trkpt><trkpt lat="53.495401" lon="49.289632"><time>2025-05-30T02:46:55.001Z</time></trkpt><trkpt lat="53.49545" lon="49.289548"><time>2025-05-30T02:46:57.001Z</time></trkpt><trkpt lat="53.495487" lon="49.289486"><time>2025-05-30T02:46:59.001Z</time></trkpt><trkpt lat="53.495496" lon="49.289434"><time>2025-05-30T02:47:02.000Z</time></trkpt><trkpt lat="53.49548" lon="49.289378"><time>2025-05-30T02:47:06.001Z</time></trkpt><trkpt lat="53.49545" lon="49.28931"><time>2025-05-30T02:47:08.001Z</time></trkpt><trkpt lat="53.495428" lon="49.289248"><time>2025-05-30T02:47:10.001Z</time></trkpt><trkpt lat="53.495416" lon="49.289194"><time>2025-05-30T02:47:14.001Z</time></trkpt><trkpt lat="53.495416" lon="49.289137"><time>2025-05-30T02:47:18.001Z</time></trkpt><trkpt lat="53.495415" lon="49.289063"><time>2025-05-30T02:47:20.001Z</time></trkpt><trkpt lat="53.49541" lon="49.288967"><time>2025-05-30T02:47:22.001Z</time></trkpt><trkpt lat="53.495406" lon="49.288855"><time>2025-05-30T02:47:24.001Z</time></trkpt><trkpt lat="53.495412" lon="49.288737"><time>2025-05-30T02:47:26.001Z</time></trkpt><trkpt lat="53.49543" lon="49.288624"><time>2025-05-30T02:47:28.001Z</time></trkpt><trkpt lat="53.495456" lon="49.288517"><time>2025-05-30T02:47:30.001Z</time></trkpt><trkpt lat="53.495466" lon="49.288422"><time>2025-05-30T02:47:32.001Z</time></trkpt><trkpt lat="53.495451" lon="49.288354"><time>2025-05-30T02:47:34.001Z</time></trkpt><trkpt lat="53.495408" lon="49.288334"><time>2025-05-30T02:47:36.001Z</time></trkpt><trkpt lat="53.495361" lon="49.288355"><time>2025-05-30T02:47:38.001Z</time></trkpt><trkpt lat="53.495317" lon="49.288395"><time>2025-05-30T02:47:40.001Z</time></trkpt><trkpt lat="53.495271" lon="49.288408"><time>2025-05-30T02:47:42.001Z</time></trkpt><trkpt lat="53.495217" lon="49.288388"><time>2025-05-30T02:47:44.001Z</time></trkpt><trkpt lat="53.495152" lon="49.28835"><time>2025-05-30T02:47:46.001Z</time></trkpt><trkpt lat="53.495077" lon="49.288312"><time>2025-05-30T02:47:48.001Z</time></trkpt><trkpt lat="53.494996" lon="49.28828"><time>2025-05-30T02:47:50.001Z</time></trkpt><trkpt lat="53.494909" lon="49.288243"><time>2025-05-30T02:47:52.001Z</time></trkpt><trkpt lat="53.494817" lon="49.288207"><time>2025-05-30T02:47:54.001Z</time></trkpt><trkpt lat="53.494721" lon="49.288179"><time>2025-05-30T02:47:56.001Z</time></trkpt><trkpt lat="53.494628" lon="49.288161"><time>2025-05-30T02:47:58.001Z</time></trkpt><trkpt lat="53.494541" lon="49.288139"><time>2025-05-30T02:48:00.000Z</time></trkpt><trkpt lat="53.494457" lon="49.288107"><time>2025-05-30T02:48:02.000Z</time></trkpt><trkpt lat="53.494369" lon="49.288064"><time>2025-05-30T02:48:04.001Z</time></trkpt><trkpt lat="53.494275" lon="49.288007"><time>2025-05-30T02:48:06.001Z</time></trkpt><trkpt lat="53.494187" lon="49.287951"><time>2025-05-30T02:48:08.001Z</time></trkpt><trkpt lat="53.494115" lon="49.28792"><time>2025-05-30T02:48:10.001Z</time></trkpt><trkpt lat="53.494059" lon="49.287921"><time>2025-05-30T02:48:12.001Z</time></trkpt><trkpt lat="53.493999" lon="49.287928"><time>2025-05-30T02:48:14.001Z</time></trkpt><trkpt lat="53.493924" lon="49.287916"><time>2025-05-30T02:48:18.001Z</time></trkpt><trkpt lat="53.493814" lon="49.287879"><time>2025-05-30T02:48:20.001Z</time></trkpt><trkpt lat="53.493705" lon="49.287839"><time>2025-05-30T02:48:22.001Z</time></trkpt><trkpt lat="53.493601" lon="49.287801"><time>2025-05-30T02:48:24.001Z</time></trkpt><trkpt lat="53.493523" lon="49.28778"><time>2025-05-30T02:48:26.001Z</time></trkpt><trkpt lat="53.493445" lon="49.287769"><time>2025-05-30T02:48:28.001Z</time></trkpt><trkpt lat="53.493362" lon="49.287755"><time>2025-05-30T02:48:30.001Z</time></trkpt><trkpt lat="53.493275" lon="49.28773"><time>2025-05-30T02:48:32.001Z</time></trkpt><trkpt lat="53.493187" lon="49.287697"><time>2025-05-30T02:48:34.001Z</time></trkpt><trkpt lat="53.493098" lon="49.287666"><time>2025-05-30T02:48:36.001Z</time></trkpt><trkpt lat="53.493007" lon="49.287641"><time>2025-05-30T02:48:38.001Z</time></trkpt><trkpt lat="53.492897" lon="49.287631"><time>2025-05-30T02:48:40.001Z</time></trkpt><trkpt lat="53.492777" lon="49.287637"><time>2025-05-30T02:48:43.001Z</time></trkpt><trkpt lat="53.492644" lon="49.287653"><time>2025-05-30T02:48:45.001Z</time></trkpt><trkpt lat="53.492515" lon="49.287678"><time>2025-05-30T02:48:47.001Z</time></trkpt><trkpt lat="53.492387" lon="49.287729"><time>2025-05-30T02:48:49.001Z</time></trkpt><trkpt lat="53.492266" lon="49.287818"><time>2025-05-30T02:48:51.001Z</time></trkpt><trkpt lat="53.492146" lon="49.287933"><time>2025-05-30T02:48:53.001Z</time></trkpt><trkpt lat="53.492016" lon="49.288053"><time>2025-05-30T02:48:55.001Z</time></trkpt><trkpt lat="53.491879" lon="49.288167"><time>2025-05-30T02:48:57.001Z</time></trkpt><trkpt lat="53.491746" lon="49.288291"><time>2025-05-30T02:48:59.001Z</time></trkpt><trkpt lat="53.491619" lon="49.288415"><time>2025-05-30T02:49:01.001Z</time></trkpt><trkpt lat="53.491497" lon="49.288544"><time>2025-05-30T02:49:03.001Z</time></trkpt><trkpt lat="53.491378" lon="49.288676"><time>2025-05-30T02:49:05.001Z</time></trkpt><trkpt lat="53.491266" lon="49.288822"><time>2025-05-30T02:49:07.001Z</time></trkpt><trkpt lat="53.491158" lon="49.288975"><time>2025-05-30T02:49:09.001Z</time></trkpt><trkpt lat="53.491054" lon="49.289133"><time>2025-05-30T02:49:11.001Z</time></trkpt><trkpt lat="53.490954" lon="49.289292"><time>2025-05-30T02:49:13.001Z</time></trkpt><trkpt lat="53.490854" lon="49.289447"><time>2025-05-30T02:49:15.001Z</time></trkpt><trkpt lat="53.490747" lon="49.289587"><time>2025-05-30T02:49:17.001Z</time></trkpt><trkpt lat="53.490638" lon="49.289731"><time>2025-05-30T02:49:19.001Z</time></trkpt><trkpt lat="53.490533" lon="49.289893"><time>2025-05-30T02:49:21.001Z</time></trkpt><trkpt lat="53.490431" lon="49.290056"><time>2025-05-30T02:49:23.001Z</time></trkpt><trkpt lat="53.490316" lon="49.29018"><time>2025-05-30T02:49:25.001Z</time></trkpt><trkpt lat="53.490185" lon="49.290282"><time>2025-05-30T02:49:27.001Z</time></trkpt><trkpt lat="53.49005" lon="49.290403"><time>2025-05-30T02:49:29.001Z</time></trkpt><trkpt lat="53.489924" lon="49.290555"><time>2025-05-30T02:49:31.001Z</time></trkpt><trkpt lat="53.489816" lon="49.290702"><time>2025-05-30T02:49:33.001Z</time></trkpt><trkpt lat="53.489726" lon="49.290838"><time>2025-05-30T02:49:35.001Z</time></trkpt><trkpt lat="53.489649" lon="49.290973"><time>2025-05-30T02:49:37.001Z</time></trkpt><trkpt lat="53.489565" lon="49.291096"><time>2025-05-30T02:49:39.001Z</time></trkpt><trkpt lat="53.489466" lon="49.291204"><time>2025-05-30T02:49:41.001Z</time></trkpt><trkpt lat="53.489363" lon="49.29133"><time>2025-05-30T02:49:43.001Z</time></trkpt><trkpt lat="53.489274" lon="49.291517"><time>2025-05-30T02:49:45.001Z</time></trkpt><trkpt lat="53.489185" lon="49.291739"><time>2025-05-30T02:49:47.001Z</time></trkpt><trkpt lat="53.489074" lon="49.291968"><time>2025-05-30T02:49:49.001Z</time></trkpt><trkpt lat="53.48896" lon="49.292111"><time>2025-05-30T02:49:52.001Z</time></trkpt><trkpt lat="53.488874" lon="49.292145"><time>2025-05-30T02:49:54.001Z</time></trkpt><trkpt lat="53.488846" lon="49.292059"><time>2025-05-30T02:49:56.001Z</time></trkpt><trkpt lat="53.488848" lon="49.291932"><time>2025-05-30T02:49:58.001Z</time></trkpt><trkpt lat="53.488861" lon="49.291804"><time>2025-05-30T02:50:00.000Z</time></trkpt><trkpt lat="53.488872" lon="49.29168"><time>2025-05-30T02:50:02.000Z</time></trkpt><trkpt lat="53.488886" lon="49.291552"><time>2025-05-30T02:50:04.001Z</time></trkpt><trkpt lat="53.488912" lon="49.291389"><time>2025-05-30T02:50:06.001Z</time></trkpt><trkpt lat="53.48894" lon="49.291215"><time>2025-05-30T02:50:09.001Z</time></trkpt><trkpt lat="53.488968" lon="49.291034"><time>2025-05-30T02:50:11.001Z</time></trkpt><trkpt lat="53.488994" lon="49.290847"><time>2025-05-30T02:50:13.001Z</time></trkpt><trkpt lat="53.48902" lon="49.290665"><time>2025-05-30T02:50:16.000Z</time></trkpt><trkpt lat="53.489048" lon="49.290488"><time>2025-05-30T02:50:18.001Z</time></trkpt><trkpt lat="53.489072" lon="49.290344"><time>2025-05-30T02:50:20.001Z</time></trkpt><trkpt lat="53.489094" lon="49.290211"><time>2025-05-30T02:50:22.001Z</time></trkpt><trkpt lat="53.489109" lon="49.290087"><time>2025-05-30T02:50:24.001Z</time></trkpt><trkpt lat="53.489119" lon="49.289964"><time>2025-05-30T02:50:26.001Z</time></trkpt><trkpt lat="53.48913" lon="49.289835"><time>2025-05-30T02:50:28.001Z</time></trkpt><trkpt lat="53.489145" lon="49.289699"><time>2025-05-30T02:50:30.001Z</time></trkpt><trkpt lat="53.489164" lon="49.289559"><time>2025-05-30T02:50:32.001Z</time></trkpt><trkpt lat="53.489184" lon="49.28941"><time>2025-05-30T02:50:34.001Z</time></trkpt><trkpt lat="53.489193" lon="49.289246"><time>2025-05-30T02:50:36.001Z</time></trkpt><trkpt lat="53.489195" lon="49.289077"><time>2025-05-30T02:50:38.001Z</time></trkpt><trkpt lat="53.489198" lon="49.28891"><time>2025-05-30T02:50:40.001Z</time></trkpt><trkpt lat="53.489212" lon="49.288743"><time>2025-05-30T02:50:42.001Z</time></trkpt><trkpt lat="53.489239" lon="49.288567"><time>2025-05-30T02:50:44.001Z</time></trkpt><trkpt lat="53.489268" lon="49.288385"><time>2025-05-30T02:50:46.001Z</time></trkpt><trkpt lat="53.489301" lon="49.288208"><time>2025-05-30T02:50:48.001Z</time></trkpt><trkpt lat="53.48933" lon="49.288042"><time>2025-05-30T02:50:50.001Z</time></trkpt><trkpt lat="53.489359" lon="49.287884"><time>2025-05-30T02:50:52.001Z</time></trkpt><trkpt lat="53.489386" lon="49.287725"><time>2025-05-30T02:50:54.001Z</time></trkpt><trkpt lat="53.489413" lon="49.287565"><time>2025-05-30T02:50:56.001Z</time></trkpt><trkpt lat="53.489438" lon="49.287401"><time>2025-05-30T02:50:58.001Z</time></trkpt><trkpt lat="53.48946" lon="49.287241"><time>2025-05-30T02:51:00.000Z</time></trkpt><trkpt lat="53.489483" lon="49.28708"><time>2025-05-30T02:51:02.000Z</time></trkpt><trkpt lat="53.489508" lon="49.28692"><time>2025-05-30T02:51:04.001Z</time></trkpt><trkpt lat="53.489534" lon="49.286762"><time>2025-05-30T02:51:06.001Z</time></trkpt><trkpt lat="53.489561" lon="49.286603"><time>2025-05-30T02:51:08.001Z</time></trkpt><trkpt lat="53.489587" lon="49.286444"><time>2025-05-30T02:51:10.001Z</time></trkpt><trkpt lat="53.489617" lon="49.286279"><time>2025-05-30T02:51:12.001Z</time></trkpt><trkpt lat="53.489648" lon="49.286112"><time>2025-05-30T02:51:14.001Z</time></trkpt><trkpt lat="53.489679" lon="49.285943"><time>2025-05-30T02:51:16.000Z</time></trkpt><trkpt lat="53.489709" lon="49.285772"><time>2025-05-30T02:51:18.001Z</time></trkpt><trkpt lat="53.489739" lon="49.2856"><time>2025-05-30T02:51:20.001Z</time></trkpt><trkpt lat="53.489769" lon="49.285426"><time>2025-05-30T02:51:22.001Z</time></trkpt><trkpt lat="53.489797" lon="49.285249"><time>2025-05-30T02:51:24.001Z</time></trkpt><trkpt lat="53.489825" lon="49.28507"><time>2025-05-30T02:51:26.001Z</time></trkpt><trkpt lat="53.48985" lon="49.284893"><time>2025-05-30T02:51:28.001Z</time></trkpt><trkpt lat="53.489874" lon="49.284722"><time>2025-05-30T02:51:30.001Z</time></trkpt><trkpt lat="53.489897" lon="49.284556"><time>2025-05-30T02:51:32.001Z</time></trkpt><trkpt lat="53.489922" lon="49.284388"><time>2025-05-30T02:51:34.001Z</time></trkpt><trkpt lat="53.489947" lon="49.284218"><time>2025-05-30T02:51:36.001Z</time></trkpt><trkpt lat="53.489972" lon="49.284051"><time>2025-05-30T02:51:38.001Z</time></trkpt><trkpt lat="53.489997" lon="49.28389"><time>2025-05-30T02:51:40.001Z</time></trkpt><trkpt lat="53.490023" lon="49.283734"><time>2025-05-30T02:51:42.001Z</time></trkpt><trkpt lat="53.490048" lon="49.283581"><time>2025-05-30T02:51:44.001Z</time></trkpt><trkpt lat="53.490071" lon="49.283432"><time>2025-05-30T02:51:46.001Z</time></trkpt><trkpt lat="53.490094" lon="49.283286"><time>2025-05-30T02:51:48.001Z</time></trkpt><trkpt lat="53.490119" lon="49.283149"><time>2025-05-30T02:51:50.001Z</time></trkpt><trkpt lat="53.490145" lon="49.283024"><time>2025-05-30T02:51:52.001Z</time></trkpt><trkpt lat="53.490173" lon="49.282907"><time>2025-05-30T02:51:54.001Z</time></trkpt><trkpt lat="53.490196" lon="49.282794"><time>2025-05-30T02:51:56.001Z</time></trkpt><trkpt lat="53.490214" lon="49.282683"><time>2025-05-30T02:51:58.001Z</time></trkpt><trkpt lat="53.490229" lon="49.282569"><time>2025-05-30T02:52:00.000Z</time></trkpt><trkpt lat="53.490245" lon="49.282448"><time>2025-05-30T02:52:02.000Z</time></trkpt><trkpt lat="53.490259" lon="49.282322"><time>2025-05-30T02:52:04.001Z</time></trkpt><trkpt lat="53.490269" lon="49.282205"><time>2025-05-30T02:52:06.001Z</time></trkpt><trkpt lat="53.490277" lon="49.282096"><time>2025-05-30T02:52:08.001Z</time></trkpt><trkpt lat="53.490289" lon="49.28199"><time>2025-05-30T02:52:10.001Z</time></trkpt><trkpt lat="53.490304" lon="49.28188"><time>2025-05-30T02:52:12.001Z</time></trkpt><trkpt lat="53.490321" lon="49.281764"><time>2025-05-30T02:52:14.001Z</time></trkpt><trkpt lat="53.49034" lon="49.281647"><time>2025-05-30T02:52:16.000Z</time></trkpt><trkpt lat="53.49036" lon="49.281531"><time>2025-05-30T02:52:18.001Z</time></trkpt><trkpt lat="53.490376" lon="49.281429"><time>2025-05-30T02:52:20.001Z</time></trkpt><trkpt lat="53.490388" lon="49.281337"><time>2025-05-30T02:52:22.001Z</time></trkpt><trkpt lat="53.490399" lon="49.281254"><time>2025-05-30T02:52:24.001Z</time></trkpt><trkpt lat="53.49041" lon="49.281174"><time>2025-05-30T02:52:26.001Z</time></trkpt><trkpt lat="53.490421" lon="49.281097"><time>2025-05-30T02:52:28.001Z</time></trkpt><trkpt lat="53.49043" lon="49.281025"><time>2025-05-30T02:52:30.001Z</time></trkpt><trkpt lat="53.490439" lon="49.28096"><time>2025-05-30T02:52:32.001Z</time></trkpt><trkpt lat="53.490445" lon="49.280893"><time>2025-05-30T02:52:34.001Z</time></trkpt><trkpt lat="53.490455" lon="49.280817"><time>2025-05-30T02:52:36.001Z</time></trkpt><trkpt lat="53.490465" lon="49.280741"><time>2025-05-30T02:52:38.001Z</time></trkpt><trkpt lat="53.490479" lon="49.280673"><time>2025-05-30T02:52:40.001Z</time></trkpt><trkpt lat="53.490492" lon="49.280614"><time>2025-05-30T02:52:42.001Z</time></trkpt><trkpt lat="53.490505" lon="49.280548"><time>2025-05-30T02:52:44.001Z</time></trkpt><trkpt lat="53.490521" lon="49.28046"><time>2025-05-30T02:52:46.001Z</time></trkpt><trkpt lat="53.49054" lon="49.280356"><time>2025-05-30T02:52:48.001Z</time></trkpt><trkpt lat="53.490564" lon="49.280238"><time>2025-05-30T02:52:50.001Z</time></trkpt><trkpt lat="53.490591" lon="49.280117"><time>2025-05-30T02:52:52.001Z</time></trkpt><trkpt lat="53.490619" lon="49.279988"><time>2025-05-30T02:52:54.001Z</time></trkpt><trkpt lat="53.490648" lon="49.279853"><time>2025-05-30T02:52:56.001Z</time></trkpt><trkpt lat="53.490679" lon="49.279706"><time>2025-05-30T02:52:58.001Z</time></trkpt><trkpt lat="53.490716" lon="49.279549"><time>2025-05-30T02:53:00.000Z</time></trkpt><trkpt lat="53.490761" lon="49.279382"><time>2025-05-30T02:53:02.000Z</time></trkpt><trkpt lat="53.490806" lon="49.279215"><time>2025-05-30T02:53:04.001Z</time></trkpt><trkpt lat="53.490849" lon="49.279051"><time>2025-05-30T02:53:06.001Z</time></trkpt><trkpt lat="53.49089" lon="49.278891"><time>2025-05-30T02:53:08.001Z</time></trkpt><trkpt lat="53.49093" lon="49.278732"><time>2025-05-30T02:53:10.001Z</time></trkpt><trkpt lat="53.490972" lon="49.278575"><time>2025-05-30T02:53:12.001Z</time></trkpt><trkpt lat="53.491026" lon="49.278388"><time>2025-05-30T02:53:14.001Z</time></trkpt><trkpt lat="53.491081" lon="49.2782"><time>2025-05-30T02:53:17.001Z</time></trkpt><trkpt lat="53.491138" lon="49.278008"><time>2025-05-30T02:53:19.001Z</time></trkpt><trkpt lat="53.491195" lon="49.277818"><time>2025-05-30T02:53:21.001Z</time></trkpt><trkpt lat="53.491255" lon="49.277627"><time>2025-05-30T02:53:24.001Z</time></trkpt><trkpt lat="53.491317" lon="49.277438"><time>2025-05-30T02:53:26.001Z</time></trkpt><trkpt lat="53.49137" lon="49.277282"><time>2025-05-30T02:53:28.001Z</time></trkpt><trkpt lat="53.491422" lon="49.277133"><time>2025-05-30T02:53:30.001Z</time></trkpt><trkpt lat="53.491475" lon="49.276993"><time>2025-05-30T02:53:32.001Z</time></trkpt><trkpt lat="53.491533" lon="49.276853"><time>2025-05-30T02:53:34.001Z</time></trkpt><trkpt lat="53.491592" lon="49.276714"><time>2025-05-30T02:53:36.001Z</time></trkpt><trkpt lat="53.491651" lon="49.27657"><time>2025-05-30T02:53:38.001Z</time></trkpt><trkpt lat="53.491718" lon="49.276431"><time>2025-05-30T02:53:40.001Z</time></trkpt><trkpt lat="53.491795" lon="49.276302"><time>2025-05-30T02:53:42.001Z</time></trkpt><trkpt lat="53.491876" lon="49.276178"><time>2025-05-30T02:53:44.001Z</time></trkpt><trkpt lat="53.491956" lon="49.276056"><time>2025-05-30T02:53:46.001Z</time></trkpt><trkpt lat="53.49203" lon="49.275942"><time>2025-05-30T02:53:48.001Z</time></trkpt><trkpt lat="53.492104" lon="49.27583"><time>2025-05-30T02:53:50.001Z</time></trkpt><trkpt lat="53.492166" lon="49.275718"><time>2025-05-30T02:53:53.001Z</time></trkpt><trkpt lat="53.492215" lon="49.275599"><time>2025-05-30T02:53:55.001Z</time></trkpt><trkpt lat="53.492249" lon="49.27549"><time>2025-05-30T02:53:57.001Z</time></trkpt><trkpt lat="53.492286" lon="49.275385"><time>2025-05-30T02:53:59.001Z</time></trkpt><trkpt lat="53.492333" lon="49.275286"><time>2025-05-30T02:54:01.001Z</time></trkpt><trkpt lat="53.492389" lon="49.275189"><time>2025-05-30T02:54:03.001Z</time></trkpt><trkpt lat="53.492442" lon="49.275096"><time>2025-05-30T02:54:05.001Z</time></trkpt><trkpt lat="53.492488" lon="49.274997"><time>2025-05-30T02:54:07.001Z</time></trkpt><trkpt lat="53.492528" lon="49.274888"><time>2025-05-30T02:54:09.001Z</time></trkpt><trkpt lat="53.492565" lon="49.274777"><time>2025-05-30T02:54:11.001Z</time></trkpt><trkpt lat="53.492601" lon="49.274678"><time>2025-05-30T02:54:13.001Z</time></trkpt><trkpt lat="53.492639" lon="49.274592"><time>2025-05-30T02:54:15.001Z</time></trkpt><trkpt lat="53.492678" lon="49.274508"><time>2025-05-30T02:54:17.001Z</time></trkpt><trkpt lat="53.492721" lon="49.274416"><time>2025-05-30T02:54:19.001Z</time></trkpt><trkpt lat="53.492796" lon="49.274247"><time>2025-05-30T02:54:21.001Z</time></trkpt><trkpt lat="53.492867" lon="49.274075"><time>2025-05-30T02:54:27.001Z</time></trkpt><trkpt lat="53.492934" lon="49.273906"><time>2025-05-30T02:54:29.001Z</time></trkpt><trkpt lat="53.492985" lon="49.273772"><time>2025-05-30T02:54:31.001Z</time></trkpt><trkpt lat="53.493046" lon="49.273638"><time>2025-05-30T02:54:35.001Z</time></trkpt><trkpt lat="53.493105" lon="49.273511"><time>2025-05-30T02:54:37.001Z</time></trkpt><trkpt lat="53.49314" lon="49.273424"><time>2025-05-30T02:54:39.001Z</time></trkpt><trkpt lat="53.49317" lon="49.273337"><time>2025-05-30T02:54:41.001Z</time></trkpt><trkpt lat="53.493203" lon="49.27324"><time>2025-05-30T02:54:43.001Z</time></trkpt><trkpt lat="53.493239" lon="49.273146"><time>2025-05-30T02:54:45.001Z</time></trkpt><trkpt lat="53.493268" lon="49.27306"><time>2025-05-30T02:54:47.001Z</time></trkpt><trkpt lat="53.493291" lon="49.27298"><time>2025-05-30T02:54:49.001Z</time></trkpt><trkpt lat="53.493319" lon="49.272898"><time>2025-05-30T02:54:51.001Z</time></trkpt><trkpt lat="53.493353" lon="49.272812"><time>2025-05-30T02:54:53.001Z</time></trkpt><trkpt lat="53.493393" lon="49.272723"><time>2025-05-30T02:54:55.001Z</time></trkpt><trkpt lat="53.493431" lon="49.272638"><time>2025-05-30T02:54:57.001Z</time></trkpt><trkpt lat="53.493462" lon="49.272559"><time>2025-05-30T02:54:59.001Z</time></trkpt><trkpt lat="53.493488" lon="49.272487"><time>2025-05-30T02:55:01.001Z</time></trkpt><trkpt lat="53.493511" lon="49.272417"><time>2025-05-30T02:55:03.001Z</time></trkpt><trkpt lat="53.493534" lon="49.272347"><time>2025-05-30T02:55:05.001Z</time></trkpt><trkpt lat="53.493558" lon="49.272278"><time>2025-05-30T02:55:07.001Z</time></trkpt><trkpt lat="53.493584" lon="49.272206"><time>2025-05-30T02:55:09.001Z</time></trkpt><trkpt lat="53.493615" lon="49.272127"><time>2025-05-30T02:55:11.001Z</time></trkpt><trkpt lat="53.49365" lon="49.272038"><time>2025-05-30T02:55:13.001Z</time></trkpt><trkpt lat="53.493691" lon="49.271941"><time>2025-05-30T02:55:15.001Z</time></trkpt><trkpt lat="53.493747" lon="49.271817"><time>2025-05-30T02:55:17.001Z</time></trkpt><trkpt lat="53.493806" lon="49.271684"><time>2025-05-30T02:55:20.001Z</time></trkpt><trkpt lat="53.493865" lon="49.271544"><time>2025-05-30T02:55:22.001Z</time></trkpt><trkpt lat="53.493913" lon="49.271419"><time>2025-05-30T02:55:24.001Z</time></trkpt><trkpt lat="53.493965" lon="49.2713"><time>2025-05-30T02:55:26.001Z</time></trkpt><trkpt lat="53.494022" lon="49.271193"><time>2025-05-30T02:55:28.001Z</time></trkpt><trkpt lat="53.494079" lon="49.271089"><time>2025-05-30T02:55:30.001Z</time></trkpt><trkpt lat="53.49413" lon="49.270976"><time>2025-05-30T02:55:32.001Z</time></trkpt><trkpt lat="53.494175" lon="49.270855"><time>2025-05-30T02:55:34.001Z</time></trkpt><trkpt lat="53.494219" lon="49.270741"><time>2025-05-30T02:55:36.001Z</time></trkpt><trkpt lat="53.494259" lon="49.270634"><time>2025-05-30T02:55:38.001Z</time></trkpt><trkpt lat="53.494295" lon="49.270527"><time>2025-05-30T02:55:40.001Z</time></trkpt><trkpt lat="53.494324" lon="49.270419"><time>2025-05-30T02:55:42.001Z</time></trkpt><trkpt lat="53.494337" lon="49.270317"><time>2025-05-30T02:55:44.001Z</time></trkpt><trkpt lat="53.494333" lon="49.270218"><time>2025-05-30T02:55:46.001Z</time></trkpt><trkpt lat="53.494333" lon="49.270121"><time>2025-05-30T02:55:48.001Z</time></trkpt><trkpt lat="53.494352" lon="49.270028"><time>2025-05-30T02:55:50.001Z</time></trkpt><trkpt lat="53.49439" lon="49.269942"><time>2025-05-30T02:55:52.001Z</time></trkpt><trkpt lat="53.494426" lon="49.269863"><time>2025-05-30T02:55:54.001Z</time></trkpt><trkpt lat="53.494462" lon="49.269789"><time>2025-05-30T02:55:56.001Z</time></trkpt><trkpt lat="53.494499" lon="49.269722"><time>2025-05-30T02:55:58.001Z</time></trkpt><trkpt lat="53.494543" lon="49.269663"><time>2025-05-30T02:56:00.000Z</time></trkpt><trkpt lat="53.494593" lon="49.269606"><time>2025-05-30T02:56:02.000Z</time></trkpt><trkpt lat="53.494644" lon="49.269542"><time>2025-05-30T02:56:04.001Z</time></trkpt><trkpt lat="53.494692" lon="49.269464"><time>2025-05-30T02:56:06.001Z</time></trkpt><trkpt lat="53.494734" lon="49.269382"><time>2025-05-30T02:56:08.001Z</time></trkpt><trkpt lat="53.494774" lon="49.269306"><time>2025-05-30T02:56:10.001Z</time></trkpt><trkpt lat="53.494814" lon="49.269245"><time>2025-05-30T02:56:12.001Z</time></trkpt><trkpt lat="53.494855" lon="49.269203"><time>2025-05-30T02:56:14.001Z</time></trkpt><trkpt lat="53.494895" lon="49.269175"><time>2025-05-30T02:56:16.000Z</time></trkpt><trkpt lat="53.495032" lon="49.268947"><time>2025-05-30T02:56:18.001Z</time></trkpt><trkpt lat="53.49517" lon="49.268683"><time>2025-05-30T02:56:32.001Z</time></trkpt><trkpt lat="53.495315" lon="49.268385"><time>2025-05-30T02:56:34.001Z</time></trkpt><trkpt lat="53.495366" lon="49.268264"><time>2025-05-30T02:56:36.001Z</time></trkpt><trkpt lat="53.49542" lon="49.268149"><time>2025-05-30T02:56:38.001Z</time></trkpt><trkpt lat="53.495474" lon="49.268036"><time>2025-05-30T02:56:40.001Z</time></trkpt><trkpt lat="53.495526" lon="49.267922"><time>2025-05-30T02:56:42.001Z</time></trkpt><trkpt lat="53.495581" lon="49.267809"><time>2025-05-30T02:56:44.001Z</time></trkpt><trkpt lat="53.495648" lon="49.267724"><time>2025-05-30T02:56:46.001Z</time></trkpt><trkpt lat="53.495729" lon="49.267694"><time>2025-05-30T02:56:48.001Z</time></trkpt><trkpt lat="53.49582" lon="49.267699"><time>2025-05-30T02:56:50.001Z</time></trkpt><trkpt lat="53.495907" lon="49.267724"><time>2025-05-30T02:56:52.001Z</time></trkpt><trkpt lat="53.495988" lon="49.267741"><time>2025-05-30T02:56:54.001Z</time></trkpt><trkpt lat="53.496053" lon="49.267763"><time>2025-05-30T02:56:56.001Z</time></trkpt><trkpt lat="53.496143" lon="49.267795"><time>2025-05-30T02:56:58.001Z</time></trkpt><trkpt lat="53.496235" lon="49.267824"><time>2025-05-30T02:57:01.001Z</time></trkpt><trkpt lat="53.496338" lon="49.267849"><time>2025-05-30T02:57:03.001Z</time></trkpt><trkpt lat="53.496416" lon="49.26786"><time>2025-05-30T02:57:05.001Z</time></trkpt><trkpt lat="53.496489" lon="49.267872"><time>2025-05-30T02:57:07.001Z</time></trkpt><trkpt lat="53.496559" lon="49.267884"><time>2025-05-30T02:57:09.001Z</time></trkpt><trkpt lat="53.496627" lon="49.267887"><time>2025-05-30T02:57:11.001Z</time></trkpt><trkpt lat="53.49669" lon="49.267858"><time>2025-05-30T02:57:13.001Z</time></trkpt><trkpt lat="53.496741" lon="49.267781"><time>2025-05-30T02:57:15.001Z</time></trkpt><trkpt lat="53.49677" lon="49.267654"><time>2025-05-30T02:57:17.001Z</time></trkpt><trkpt lat="53.49677" lon="49.267497"><time>2025-05-30T02:57:19.001Z</time></trkpt><trkpt lat="53.496729" lon="49.267306"><time>2025-05-30T02:57:21.001Z</time></trkpt><trkpt lat="53.496668" lon="49.267115"><time>2025-05-30T02:57:24.001Z</time></trkpt><trkpt lat="53.4966" lon="49.266921"><time>2025-05-30T02:57:26.001Z</time></trkpt><trkpt lat="53.496541" lon="49.266745"><time>2025-05-30T02:57:28.001Z</time></trkpt><trkpt lat="53.496481" lon="49.266566"><time>2025-05-30T02:57:30.001Z</time></trkpt><trkpt lat="53.496419" lon="49.266385"><time>2025-05-30T02:57:32.001Z</time></trkpt><trkpt lat="53.496357" lon="49.266203"><time>2025-05-30T02:57:34.001Z</time></trkpt><trkpt lat="53.496305" lon="49.266018"><time>2025-05-30T02:57:36.001Z</time></trkpt><trkpt lat="53.496273" lon="49.26583"><time>2025-05-30T02:57:38.001Z</time></trkpt><trkpt lat="53.496246" lon="49.265652"><time>2025-05-30T02:57:40.001Z</time></trkpt><trkpt lat="53.496232" lon="49.265486"><time>2025-05-30T02:57:42.001Z</time></trkpt><trkpt lat="53.496239" lon="49.265337"><time>2025-05-30T02:57:44.001Z</time></trkpt><trkpt lat="53.49628" lon="49.265198"><time>2025-05-30T02:57:46.001Z</time></trkpt><trkpt lat="53.496341" lon="49.265067"><time>2025-05-30T02:57:48.001Z</time></trkpt><trkpt lat="53.496403" lon="49.264935"><time>2025-05-30T02:57:50.001Z</time></trkpt><trkpt lat="53.496465" lon="49.2648"><time>2025-05-30T02:57:52.001Z</time></trkpt><trkpt lat="53.496525" lon="49.264659"><time>2025-05-30T02:57:54.001Z</time></trkpt><trkpt lat="53.496584" lon="49.264515"><time>2025-05-30T02:57:56.001Z</time></trkpt><trkpt lat="53.496644" lon="49.264367"><time>2025-05-30T02:57:58.001Z</time></trkpt><trkpt lat="53.496705" lon="49.264216"><time>2025-05-30T02:58:00.000Z</time></trkpt><trkpt lat="53.496766" lon="49.264065"><time>2025-05-30T02:58:02.000Z</time></trkpt><trkpt lat="53.496828" lon="49.263913"><time>2025-05-30T02:58:04.001Z</time></trkpt><trkpt lat="53.496891" lon="49.263761"><time>2025-05-30T02:58:06.001Z</time></trkpt><trkpt lat="53.49696" lon="49.263616"><time>2025-05-30T02:58:08.001Z</time></trkpt><trkpt lat="53.497041" lon="49.263496"><time>2025-05-30T02:58:10.001Z</time></trkpt><trkpt lat="53.497131" lon="49.2634"><time>2025-05-30T02:58:12.001Z</time></trkpt><trkpt lat="53.497225" lon="49.263315"><time>2025-05-30T02:58:14.001Z</time></trkpt><trkpt lat="53.497317" lon="49.263223"><time>2025-05-30T02:58:16.000Z</time></trkpt><trkpt lat="53.497409" lon="49.263121"><time>2025-05-30T02:58:18.001Z</time></trkpt><trkpt lat="53.497495" lon="49.263006"><time>2025-05-30T02:58:20.001Z</time></trkpt><trkpt lat="53.497578" lon="49.262875"><time>2025-05-30T02:58:22.001Z</time></trkpt><trkpt lat="53.497665" lon="49.262739"><time>2025-05-30T02:58:24.001Z</time></trkpt><trkpt lat="53.497767" lon="49.262624"><time>2025-05-30T02:58:26.001Z</time></trkpt><trkpt lat="53.497889" lon="49.262554"><time>2025-05-30T02:58:28.001Z</time></trkpt><trkpt lat="53.498024" lon="49.262528"><time>2025-05-30T02:58:30.001Z</time></trkpt><trkpt lat="53.498164" lon="49.262531"><time>2025-05-30T02:58:32.001Z</time></trkpt><trkpt lat="53.4983" lon="49.262542"><time>2025-05-30T02:58:34.001Z</time></trkpt><trkpt lat="53.498432" lon="49.262551"><time>2025-05-30T02:58:36.001Z</time></trkpt><trkpt lat="53.498559" lon="49.262554"><time>2025-05-30T02:58:38.001Z</time></trkpt><trkpt lat="53.498682" lon="49.262537"><time>2025-05-30T02:58:40.001Z</time></trkpt><trkpt lat="53.498795" lon="49.262485"><time>2025-05-30T02:58:42.001Z</time></trkpt><trkpt lat="53.498892" lon="49.262381"><time>2025-05-30T02:58:44.001Z</time></trkpt><trkpt lat="53.49897" lon="49.262236"><time>2025-05-30T02:58:46.001Z</time></trkpt><trkpt lat="53.499035" lon="49.26207"><time>2025-05-30T02:58:48.001Z</time></trkpt><trkpt lat="53.499098" lon="49.261901"><time>2025-05-30T02:58:50.001Z</time></trkpt><trkpt lat="53.499159" lon="49.261736"><time>2025-05-30T02:58:52.001Z</time></trkpt><trkpt lat="53.499213" lon="49.261569"><time>2025-05-30T02:58:54.001Z</time></trkpt><trkpt lat="53.499251" lon="49.261396"><time>2025-05-30T02:58:56.001Z</time></trkpt><trkpt lat="53.499284" lon="49.261246"><time>2025-05-30T02:58:58.001Z</time></trkpt><trkpt lat="53.499316" lon="49.261152"><time>2025-05-30T02:59:00.000Z</time></trkpt><trkpt lat="53.499347" lon="49.261098"><time>2025-05-30T02:59:02.000Z</time></trkpt><trkpt lat="53.499365" lon="49.261046"><time>2025-05-30T02:59:04.001Z</time></trkpt><trkpt lat="53.49937" lon="49.26096"><time>2025-05-30T02:59:06.001Z</time></trkpt><trkpt lat="53.49937" lon="49.260851"><time>2025-05-30T02:59:08.001Z</time></trkpt><trkpt lat="53.499364" lon="49.260729"><time>2025-05-30T02:59:10.001Z</time></trkpt><trkpt lat="53.499347" lon="49.260598"><time>2025-05-30T02:59:12.001Z</time></trkpt><trkpt lat="53.499318" lon="49.260464"><time>2025-05-30T02:59:14.001Z</time></trkpt><trkpt lat="53.499279" lon="49.26033"><time>2025-05-30T02:59:16.000Z</time></trkpt><trkpt lat="53.499241" lon="49.260202"><time>2025-05-30T02:59:18.001Z</time></trkpt><trkpt lat="53.499211" lon="49.260074"><time>2025-05-30T02:59:20.001Z</time></trkpt><trkpt lat="53.499183" lon="49.259943"><time>2025-05-30T02:59:22.001Z</time></trkpt><trkpt lat="53.499151" lon="49.259806"><time>2025-05-30T02:59:24.001Z</time></trkpt><trkpt lat="53.499118" lon="49.259654"><time>2025-05-30T02:59:26.001Z</time></trkpt><trkpt lat="53.499095" lon="49.259492"><time>2025-05-30T02:59:28.001Z</time></trkpt><trkpt lat="53.499088" lon="49.259323"><time>2025-05-30T02:59:30.001Z</time></trkpt><trkpt lat="53.499095" lon="49.259162"><time>2025-05-30T02:59:32.001Z</time></trkpt><trkpt lat="53.499117" lon="49.259012"><time>2025-05-30T02:59:34.001Z</time></trkpt><trkpt lat="53.499151" lon="49.25888"><time>2025-05-30T02:59:36.001Z</time></trkpt><trkpt lat="53.499191" lon="49.258767"><time>2025-05-30T02:59:38.001Z</time></trkpt><trkpt lat="53.499232" lon="49.258668"><time>2025-05-30T02:59:40.001Z</time></trkpt><trkpt lat="53.499273" lon="49.258575"><time>2025-05-30T02:59:42.001Z</time></trkpt><trkpt lat="53.499316" lon="49.258479"><time>2025-05-30T02:59:44.001Z</time></trkpt><trkpt lat="53.499358" lon="49.258381"><time>2025-05-30T02:59:46.001Z</time></trkpt><trkpt lat="53.499397" lon="49.258282"><time>2025-05-30T02:59:48.001Z</time></trkpt><trkpt lat="53.499416" lon="49.258187"><time>2025-05-30T02:59:50.001Z</time></trkpt><trkpt lat="53.499402" lon="49.2581"><time>2025-05-30T02:59:52.001Z</time></trkpt><trkpt lat="53.499363" lon="49.258017"><time>2025-05-30T02:59:54.001Z</time></trkpt><trkpt lat="53.499334" lon="49.257926"><time>2025-05-30T02:59:56.001Z</time></trkpt><trkpt lat="53.499338" lon="49.257822"><time>2025-05-30T02:59:58.001Z</time></trkpt><trkpt lat="53.499374" lon="49.257708"><time>2025-05-30T03:00:00.000Z</time></trkpt><trkpt lat="53.499421" lon="49.257593"><time>2025-05-30T03:00:02.000Z</time></trkpt><trkpt lat="53.499469" lon="49.257478"><time>2025-05-30T03:00:04.001Z</time></trkpt><trkpt lat="53.499518" lon="49.257364"><time>2025-05-30T03:00:06.001Z</time></trkpt><trkpt lat="53.499568" lon="49.257248"><time>2025-05-30T03:00:08.001Z</time></trkpt><trkpt lat="53.499617" lon="49.25713"><time>2025-05-30T03:00:10.001Z</time></trkpt><trkpt lat="53.499666" lon="49.257012"><time>2025-05-30T03:00:12.001Z</time></trkpt><trkpt lat="53.499715" lon="49.256895"><time>2025-05-30T03:00:14.001Z</time></trkpt><trkpt lat="53.499763" lon="49.25678"><time>2025-05-30T03:00:16.000Z</time></trkpt><trkpt lat="53.499812" lon="49.256666"><time>2025-05-30T03:00:18.001Z</time></trkpt><trkpt lat="53.499858" lon="49.256551"><time>2025-05-30T03:00:20.001Z</time></trkpt><trkpt lat="53.499905" lon="49.256434"><time>2025-05-30T03:00:22.001Z</time></trkpt><trkpt lat="53.499952" lon="49.256315"><time>2025-05-30T03:00:24.001Z</time></trkpt><trkpt lat="53.499999" lon="49.256192"><time>2025-05-30T03:00:26.001Z</time></trkpt><trkpt lat="53.500048" lon="49.256068"><time>2025-05-30T03:00:28.001Z</time></trkpt><trkpt lat="53.500096" lon="49.255946"><time>2025-05-30T03:00:30.001Z</time></trkpt><trkpt lat="53.500143" lon="49.255825"><time>2025-05-30T03:00:32.001Z</time></trkpt><trkpt lat="53.500191" lon="49.255705"><time>2025-05-30T03:00:34.001Z</time></trkpt><trkpt lat="53.500241" lon="49.255583"><time>2025-05-30T03:00:36.001Z</time></trkpt><trkpt lat="53.500294" lon="49.255458"><time>2025-05-30T03:00:38.001Z</time></trkpt><trkpt lat="53.500348" lon="49.255328"><time>2025-05-30T03:00:40.001Z</time></trkpt><trkpt lat="53.5004" lon="49.255198"><time>2025-05-30T03:00:42.001Z</time></trkpt><trkpt lat="53.50045" lon="49.255072"><time>2025-05-30T03:00:44.001Z</time></trkpt><trkpt lat="53.500502" lon="49.254952"><time>2025-05-30T03:00:46.001Z</time></trkpt><trkpt lat="53.500556" lon="49.254829"><time>2025-05-30T03:00:48.001Z</time></trkpt><trkpt lat="53.500612" lon="49.254703"><time>2025-05-30T03:00:50.001Z</time></trkpt><trkpt lat="53.500666" lon="49.254574"><time>2025-05-30T03:00:52.001Z</time></trkpt><trkpt lat="53.50072" lon="49.254447"><time>2025-05-30T03:00:54.001Z</time></trkpt><trkpt lat="53.500772" lon="49.254317"><time>2025-05-30T03:00:56.001Z</time></trkpt><trkpt lat="53.500824" lon="49.254186"><time>2025-05-30T03:00:58.001Z</time></trkpt><trkpt lat="53.500877" lon="49.254054"><time>2025-05-30T03:01:00.000Z</time></trkpt><trkpt lat="53.500932" lon="49.253924"><time>2025-05-30T03:01:02.000Z</time></trkpt><trkpt lat="53.500986" lon="49.253796"><time>2025-05-30T03:01:04.001Z</time></trkpt><trkpt lat="53.501042" lon="49.253673"><time>2025-05-30T03:01:06.001Z</time></trkpt><trkpt lat="53.501102" lon="49.25356"><time>2025-05-30T03:01:08.001Z</time></trkpt><trkpt lat="53.501169" lon="49.253457"><time>2025-05-30T03:01:10.001Z</time></trkpt><trkpt lat="53.501237" lon="49.253354"><time>2025-05-30T03:01:12.001Z</time></trkpt><trkpt lat="53.5013" lon="49.253243"><time>2025-05-30T03:01:14.001Z</time></trkpt><trkpt lat="53.501355" lon="49.253119"><time>2025-05-30T03:01:16.000Z</time></trkpt><trkpt lat="53.501407" lon="49.25299"><time>2025-05-30T03:01:18.001Z</time></trkpt><trkpt lat="53.50146" lon="49.252856"><time>2025-05-30T03:01:20.001Z</time></trkpt><trkpt lat="53.501516" lon="49.252726"><time>2025-05-30T03:01:22.001Z</time></trkpt><trkpt lat="53.501573" lon="49.252599"><time>2025-05-30T03:01:24.001Z</time></trkpt><trkpt lat="53.50163" lon="49.252476"><time>2025-05-30T03:01:26.001Z</time></trkpt><trkpt lat="53.501683" lon="49.252351"><time>2025-05-30T03:01:28.001Z</time></trkpt><trkpt lat="53.501733" lon="49.25222"><time>2025-05-30T03:01:30.001Z</time></trkpt><trkpt lat="53.501782" lon="49.252084"><time>2025-05-30T03:01:32.001Z</time></trkpt><trkpt lat="53.501832" lon="49.251947"><time>2025-05-30T03:01:34.001Z</time></trkpt><trkpt lat="53.501883" lon="49.25181"><time>2025-05-30T03:01:36.001Z</time></trkpt><trkpt lat="53.501935" lon="49.251672"><time>2025-05-30T03:01:38.001Z</time></trkpt><trkpt lat="53.501988" lon="49.251532"><time>2025-05-30T03:01:40.001Z</time></trkpt><trkpt lat="53.502051" lon="49.25137"><time>2025-05-30T03:01:42.001Z</time></trkpt><trkpt lat="53.502114" lon="49.251213"><time>2025-05-30T03:01:45.001Z</time></trkpt><trkpt lat="53.502178" lon="49.251067"><time>2025-05-30T03:01:47.001Z</time></trkpt><trkpt lat="53.502232" lon="49.250957"><time>2025-05-30T03:01:49.001Z</time></trkpt><trkpt lat="53.502289" lon="49.250856"><time>2025-05-30T03:01:51.001Z</time></trkpt><trkpt lat="53.50235" lon="49.250755"><time>2025-05-30T03:01:53.001Z</time></trkpt><trkpt lat="53.502422" lon="49.250664"><time>2025-05-30T03:01:55.001Z</time></trkpt><trkpt lat="53.502502" lon="49.250592"><time>2025-05-30T03:01:57.001Z</time></trkpt><trkpt lat="53.502582" lon="49.250558"><time>2025-05-30T03:01:59.001Z</time></trkpt><trkpt lat="53.502657" lon="49.250579"><time>2025-05-30T03:02:01.001Z</time></trkpt><trkpt lat="53.502724" lon="49.250649"><time>2025-05-30T03:02:03.001Z</time></trkpt><trkpt lat="53.502781" lon="49.250746"><time>2025-05-30T03:02:05.001Z</time></trkpt><trkpt lat="53.502834" lon="49.250841"><time>2025-05-30T03:02:07.001Z</time></trkpt><trkpt lat="53.502891" lon="49.250935"><time>2025-05-30T03:02:09.001Z</time></trkpt><trkpt lat="53.502954" lon="49.25103"><time>2025-05-30T03:02:11.001Z</time></trkpt><trkpt lat="53.503018" lon="49.251125"><time>2025-05-30T03:02:13.001Z</time></trkpt><trkpt lat="53.503079" lon="49.251218"><time>2025-05-30T03:02:15.001Z</time></trkpt><trkpt lat="53.503143" lon="49.251312"><time>2025-05-30T03:02:17.001Z</time></trkpt><trkpt lat="53.50321" lon="49.251409"><time>2025-05-30T03:02:19.001Z</time></trkpt><trkpt lat="53.503278" lon="49.251509"><time>2025-05-30T03:02:21.001Z</time></trkpt><trkpt lat="53.503344" lon="49.251606"><time>2025-05-30T03:02:23.001Z</time></trkpt><trkpt lat="53.503405" lon="49.251699"><time>2025-05-30T03:02:25.001Z</time></trkpt><trkpt lat="53.503465" lon="49.251791"><time>2025-05-30T03:02:27.001Z</time></trkpt><trkpt lat="53.503526" lon="49.251885"><time>2025-05-30T03:02:29.001Z</time></trkpt><trkpt lat="53.503591" lon="49.251981"><time>2025-05-30T03:02:31.001Z</time></trkpt><trkpt lat="53.503657" lon="49.252077"><time>2025-05-30T03:02:33.001Z</time></trkpt><trkpt lat="53.50372" lon="49.252172"><time>2025-05-30T03:02:35.001Z</time></trkpt><trkpt lat="53.503782" lon="49.252263"><time>2025-05-30T03:02:37.001Z</time></trkpt><trkpt lat="53.503843" lon="49.252351"><time>2025-05-30T03:02:39.001Z</time></trkpt><trkpt lat="53.503901" lon="49.252432"><time>2025-05-30T03:02:41.001Z</time></trkpt><trkpt lat="53.503956" lon="49.252509"><time>2025-05-30T03:02:43.001Z</time></trkpt><trkpt lat="53.504005" lon="49.252585"><time>2025-05-30T03:02:45.001Z</time></trkpt><trkpt lat="53.504054" lon="49.252663"><time>2025-05-30T03:02:47.001Z</time></trkpt><trkpt lat="53.504107" lon="49.252745"><time>2025-05-30T03:02:49.001Z</time></trkpt><trkpt lat="53.504164" lon="49.252829"><time>2025-05-30T03:02:51.001Z</time></trkpt><trkpt lat="53.504224" lon="49.252916"><time>2025-05-30T03:02:53.001Z</time></trkpt><trkpt lat="53.504282" lon="49.253002"><time>2025-05-30T03:02:55.001Z</time></trkpt><trkpt lat="53.50434" lon="49.253083"><time>2025-05-30T03:02:57.001Z</time></trkpt><trkpt lat="53.504397" lon="49.253158"><time>2025-05-30T03:02:59.001Z</time></trkpt><trkpt lat="53.504457" lon="49.25323"><time>2025-05-30T03:03:01.001Z</time></trkpt><trkpt lat="53.50452" lon="49.253302"><time>2025-05-30T03:03:03.001Z</time></trkpt><trkpt lat="53.504586" lon="49.253375"><time>2025-05-30T03:03:05.001Z</time></trkpt><trkpt lat="53.504652" lon="49.25345"><time>2025-05-30T03:03:07.001Z</time></trkpt><trkpt lat="53.504715" lon="49.253522"><time>2025-05-30T03:03:09.001Z</time></trkpt><trkpt lat="53.504775" lon="49.25359"><time>2025-05-30T03:03:11.001Z</time></trkpt><trkpt lat="53.504829" lon="49.253646"><time>2025-05-30T03:03:13.001Z</time></trkpt><trkpt lat="53.50488" lon="49.253692"><time>2025-05-30T03:03:15.001Z</time></trkpt><trkpt lat="53.504928" lon="49.253733"><time>2025-05-30T03:03:17.001Z</time></trkpt><trkpt lat="53.504975" lon="49.25378"><time>2025-05-30T03:03:19.001Z</time></trkpt><trkpt lat="53.505023" lon="49.253839"><time>2025-05-30T03:03:21.001Z</time></trkpt><trkpt lat="53.505074" lon="49.253901"><time>2025-05-30T03:03:23.001Z</time></trkpt><trkpt lat="53.505127" lon="49.253957"><time>2025-05-30T03:03:25.001Z</time></trkpt><trkpt lat="53.505178" lon="49.254006"><time>2025-05-30T03:03:27.001Z</time></trkpt><trkpt lat="53.505229" lon="49.254057"><time>2025-05-30T03:03:29.001Z</time></trkpt><trkpt lat="53.50528" lon="49.254113"><time>2025-05-30T03:03:31.001Z</time></trkpt><trkpt lat="53.505334" lon="49.254168"><time>2025-05-30T03:03:33.001Z</time></trkpt><trkpt lat="53.505387" lon="49.254216"><time>2025-05-30T03:03:35.001Z</time></trkpt><trkpt lat="53.505442" lon="49.254261"><time>2025-05-30T03:03:37.001Z</time></trkpt><trkpt lat="53.505496" lon="49.254295"><time>2025-05-30T03:03:39.001Z</time></trkpt><trkpt lat="53.505555" lon="49.254317"><time>2025-05-30T03:03:41.001Z</time></trkpt><trkpt lat="53.505617" lon="49.254324"><time>2025-05-30T03:03:43.001Z</time></trkpt><trkpt lat="53.505684" lon="49.254328"><time>2025-05-30T03:03:45.001Z</time></trkpt><trkpt lat="53.50575" lon="49.254327"><time>2025-05-30T03:03:47.001Z</time></trkpt><trkpt lat="53.505816" lon="49.254322"><time>2025-05-30T03:03:49.001Z</time></trkpt><trkpt lat="53.50588" lon="49.254312"><time>2025-05-30T03:03:51.001Z</time></trkpt><trkpt lat="53.505953" lon="49.254282"><time>2025-05-30T03:03:53.001Z</time></trkpt><trkpt lat="53.506013" lon="49.25422"><time>2025-05-30T03:03:56.001Z</time></trkpt><trkpt lat="53.506048" lon="49.254128"><time>2025-05-30T03:03:58.001Z</time></trkpt><trkpt lat="53.506048" lon="49.254028"><time>2025-05-30T03:04:00.000Z</time></trkpt><trkpt lat="53.506035" lon="49.253924"><time>2025-05-30T03:04:02.000Z</time></trkpt><trkpt lat="53.506022" lon="49.253831"><time>2025-05-30T03:04:05.001Z</time></trkpt><trkpt lat="53.506013" lon="49.253744"><time>2025-05-30T03:04:07.001Z</time></trkpt><trkpt lat="53.50601" lon="49.253674"><time>2025-05-30T03:04:09.001Z</time></trkpt><trkpt lat="53.506009" lon="49.253602"><time>2025-05-30T03:04:11.001Z</time></trkpt><trkpt lat="53.506012" lon="49.253526"><time>2025-05-30T03:04:13.001Z</time></trkpt><trkpt lat="53.506017" lon="49.253444"><time>2025-05-30T03:04:15.001Z</time></trkpt><trkpt lat="53.506019" lon="49.253361"><time>2025-05-30T03:04:17.001Z</time></trkpt><trkpt lat="53.506018" lon="49.253279"><time>2025-05-30T03:04:19.001Z</time></trkpt><trkpt lat="53.506016" lon="49.253206"><time>2025-05-30T03:04:21.001Z</time></trkpt><trkpt lat="53.506027" lon="49.25313"><time>2025-05-30T03:04:23.001Z</time></trkpt><trkpt lat="53.506036" lon="49.253058"><time>2025-05-30T03:04:27.001Z</time></trkpt><trkpt lat="53.50604" lon="49.252983"><time>2025-05-30T03:04:42.001Z</time></trkpt><trkpt lat="53.50603" lon="49.252909"><time>2025-05-30T03:04:44.001Z</time></trkpt><trkpt lat="53.506028" lon="49.252819"><time>2025-05-30T03:04:46.001Z</time></trkpt><trkpt lat="53.506036" lon="49.252715"><time>2025-05-30T03:04:48.001Z</time></trkpt><trkpt lat="53.506049" lon="49.252606"><time>2025-05-30T03:04:50.001Z</time></trkpt><trkpt lat="53.506063" lon="49.252492"><time>2025-05-30T03:04:52.001Z</time></trkpt><trkpt lat="53.506077" lon="49.252378"><time>2025-05-30T03:04:54.001Z</time></trkpt><trkpt lat="53.506099" lon="49.252274"><time>2025-05-30T03:04:56.001Z</time></trkpt><trkpt lat="53.506139" lon="49.252206"><time>2025-05-30T03:04:58.001Z</time></trkpt><trkpt lat="53.50622" lon="49.252178"><time>2025-05-30T03:05:00.000Z</time></trkpt><trkpt lat="53.506316" lon="49.252178"><time>2025-05-30T03:05:03.001Z</time></trkpt><trkpt lat="53.50641" lon="49.252171"><time>2025-05-30T03:05:05.001Z</time></trkpt><trkpt lat="53.506457" lon="49.252132"><time>2025-05-30T03:05:07.001Z</time></trkpt><trkpt lat="53.506486" lon="49.252066"><time>2025-05-30T03:05:09.001Z</time></trkpt><trkpt lat="53.506513" lon="49.252015"><time>2025-05-30T03:05:11.001Z</time></trkpt><trkpt lat="53.506561" lon="49.251994"><time>2025-05-30T03:05:13.001Z</time></trkpt><trkpt lat="53.506627" lon="49.251997"><time>2025-05-30T03:05:15.001Z</time></trkpt><trkpt lat="53.506704" lon="49.252012"><time>2025-05-30T03:05:17.001Z</time></trkpt><trkpt lat="53.506786" lon="49.252034"><time>2025-05-30T03:05:19.001Z</time></trkpt><trkpt lat="53.506866" lon="49.25206"><time>2025-05-30T03:05:21.001Z</time></trkpt><trkpt lat="53.506947" lon="49.252079"><time>2025-05-30T03:05:23.001Z</time></trkpt><trkpt lat="53.507027" lon="49.252094"><time>2025-05-30T03:05:25.001Z</time></trkpt><trkpt lat="53.507108" lon="49.252109"><time>2025-05-30T03:05:27.001Z</time></trkpt><trkpt lat="53.507182" lon="49.252121"><time>2025-05-30T03:05:29.001Z</time></trkpt><trkpt lat="53.507251" lon="49.252134"><time>2025-05-30T03:05:31.001Z</time></trkpt><trkpt lat="53.507317" lon="49.252144"><time>2025-05-30T03:05:33.001Z</time></trkpt><trkpt lat="53.507383" lon="49.25216"><time>2025-05-30T03:05:35.001Z</time></trkpt><trkpt lat="53.507453" lon="49.252175"><time>2025-05-30T03:05:37.001Z</time></trkpt><trkpt lat="53.507527" lon="49.252188"><time>2025-05-30T03:05:39.001Z</time></trkpt><trkpt lat="53.507604" lon="49.25219"><time>2025-05-30T03:05:41.001Z</time></trkpt><trkpt lat="53.50767" lon="49.252175"><time>2025-05-30T03:05:43.001Z</time></trkpt><trkpt lat="53.507723" lon="49.252143"><time>2025-05-30T03:05:45.001Z</time></trkpt><trkpt lat="53.507758" lon="49.252092"><time>2025-05-30T03:05:47.001Z</time></trkpt><trkpt lat="53.507775" lon="49.252021"><time>2025-05-30T03:05:49.001Z</time></trkpt><trkpt lat="53.507777" lon="49.251925"><time>2025-05-30T03:05:51.001Z</time></trkpt><trkpt lat="53.507777" lon="49.251807"><time>2025-05-30T03:05:53.001Z</time></trkpt><trkpt lat="53.507788" lon="49.251674"><time>2025-05-30T03:05:55.001Z</time></trkpt><trkpt lat="53.507805" lon="49.251529"><time>2025-05-30T03:05:57.001Z</time></trkpt><trkpt lat="53.50782" lon="49.251378"><time>2025-05-30T03:05:59.001Z</time></trkpt><trkpt lat="53.507831" lon="49.251221"><time>2025-05-30T03:06:01.001Z</time></trkpt><trkpt lat="53.50784" lon="49.251061"><time>2025-05-30T03:06:03.001Z</time></trkpt><trkpt lat="53.507851" lon="49.250895"><time>2025-05-30T03:06:05.001Z</time></trkpt><trkpt lat="53.507862" lon="49.250725"><time>2025-05-30T03:06:07.001Z</time></trkpt><trkpt lat="53.507876" lon="49.250556"><time>2025-05-30T03:06:09.001Z</time></trkpt><trkpt lat="53.507889" lon="49.250384"><time>2025-05-30T03:06:11.001Z</time></trkpt><trkpt lat="53.507906" lon="49.250207"><time>2025-05-30T03:06:13.001Z</time></trkpt><trkpt lat="53.507927" lon="49.250023"><time>2025-05-30T03:06:15.001Z</time></trkpt><trkpt lat="53.507947" lon="49.249842"><time>2025-05-30T03:06:17.001Z</time></trkpt><trkpt lat="53.507966" lon="49.249661"><time>2025-05-30T03:06:19.001Z</time></trkpt><trkpt lat="53.50798" lon="49.249481"><time>2025-05-30T03:06:21.002Z</time></trkpt><trkpt lat="53.507992" lon="49.249302"><time>2025-05-30T03:06:23.002Z</time></trkpt><trkpt lat="53.508002" lon="49.249132"><time>2025-05-30T03:06:25.002Z</time></trkpt><trkpt lat="53.508015" lon="49.248979"><time>2025-05-30T03:06:27.002Z</time></trkpt><trkpt lat="53.508036" lon="49.248836"><time>2025-05-30T03:06:29.002Z</time></trkpt><trkpt lat="53.508056" lon="49.248697"><time>2025-05-30T03:06:31.002Z</time></trkpt><trkpt lat="53.508068" lon="49.248549"><time>2025-05-30T03:06:33.002Z</time></trkpt><trkpt lat="53.508072" lon="49.248386"><time>2025-05-30T03:06:35.002Z</time></trkpt><trkpt lat="53.50808" lon="49.248211"><time>2025-05-30T03:06:37.002Z</time></trkpt><trkpt lat="53.508095" lon="49.24804"><time>2025-05-30T03:06:39.002Z</time></trkpt><trkpt lat="53.508116" lon="49.247888"><time>2025-05-30T03:06:41.002Z</time></trkpt><trkpt lat="53.508144" lon="49.247777"><time>2025-05-30T03:06:43.002Z</time></trkpt><trkpt lat="53.508167" lon="49.24769"><time>2025-05-30T03:06:45.002Z</time></trkpt><trkpt lat="53.508187" lon="49.247599"><time>2025-05-30T03:06:51.002Z</time></trkpt><trkpt lat="53.508201" lon="49.247481"><time>2025-05-30T03:06:53.002Z</time></trkpt><trkpt lat="53.508225" lon="49.247349"><time>2025-05-30T03:06:55.002Z</time></trkpt><trkpt lat="53.508259" lon="49.247215"><time>2025-05-30T03:06:57.002Z</time></trkpt><trkpt lat="53.508294" lon="49.247061"><time>2025-05-30T03:06:59.002Z</time></trkpt><trkpt lat="53.508327" lon="49.246893"><time>2025-05-30T03:07:02.002Z</time></trkpt><trkpt lat="53.508363" lon="49.246732"><time>2025-05-30T03:07:04.001Z</time></trkpt><trkpt lat="53.508404" lon="49.246586"><time>2025-05-30T03:07:06.002Z</time></trkpt><trkpt lat="53.50845" lon="49.246443"><time>2025-05-30T03:07:08.002Z</time></trkpt><trkpt lat="53.508497" lon="49.246302"><time>2025-05-30T03:07:10.002Z</time></trkpt><trkpt lat="53.508551" lon="49.246167"><time>2025-05-30T03:07:12.002Z</time></trkpt><trkpt lat="53.508612" lon="49.246037"><time>2025-05-30T03:07:14.002Z</time></trkpt><trkpt lat="53.508674" lon="49.245901"><time>2025-05-30T03:07:16.002Z</time></trkpt><trkpt lat="53.508736" lon="49.24577"><time>2025-05-30T03:07:18.002Z</time></trkpt><trkpt lat="53.508796" lon="49.245647"><time>2025-05-30T03:07:20.002Z</time></trkpt><trkpt lat="53.508852" lon="49.24552"><time>2025-05-30T03:07:22.002Z</time></trkpt><trkpt lat="53.5089" lon="49.245382"><time>2025-05-30T03:07:24.002Z</time></trkpt><trkpt lat="53.508935" lon="49.245238"><time>2025-05-30T03:07:26.002Z</time></trkpt><trkpt lat="53.508964" lon="49.245102"><time>2025-05-30T03:07:28.002Z</time></trkpt><trkpt lat="53.508993" lon="49.244981"><time>2025-05-30T03:07:30.002Z</time></trkpt><trkpt lat="53.509024" lon="49.244862"><time>2025-05-30T03:07:32.001Z</time></trkpt><trkpt lat="53.509053" lon="49.24474"><time>2025-05-30T03:07:34.002Z</time></trkpt><trkpt lat="53.509066" lon="49.24462"><time>2025-05-30T03:07:36.002Z</time></trkpt><trkpt lat="53.509044" lon="49.244524"><time>2025-05-30T03:07:38.002Z</time></trkpt><trkpt lat="53.508985" lon="49.244451"><time>2025-05-30T03:07:40.002Z</time></trkpt><trkpt lat="53.508874" lon="49.244398"><time>2025-05-30T03:07:42.002Z</time></trkpt><trkpt lat="53.508762" lon="49.24435"><time>2025-05-30T03:07:46.002Z</time></trkpt><trkpt lat="53.508653" lon="49.244301"><time>2025-05-30T03:07:48.002Z</time></trkpt><trkpt lat="53.508555" lon="49.244238"><time>2025-05-30T03:07:50.002Z</time></trkpt><trkpt lat="53.508456" lon="49.244168"><time>2025-05-30T03:07:53.002Z</time></trkpt><trkpt lat="53.508357" lon="49.244095"><time>2025-05-30T03:07:55.002Z</time></trkpt><trkpt lat="53.508277" lon="49.244029"><time>2025-05-30T03:07:57.002Z</time></trkpt><trkpt lat="53.508216" lon="49.243949"><time>2025-05-30T03:07:59.002Z</time></trkpt><trkpt lat="53.508191" lon="49.243842"><time>2025-05-30T03:08:01.002Z</time></trkpt><trkpt lat="53.508204" lon="49.243712"><time>2025-05-30T03:08:03.002Z</time></trkpt><trkpt lat="53.508243" lon="49.243573"><time>2025-05-30T03:08:05.002Z</time></trkpt><trkpt lat="53.508287" lon="49.243442"><time>2025-05-30T03:08:07.002Z</time></trkpt><trkpt lat="53.508339" lon="49.243286"><time>2025-05-30T03:08:09.002Z</time></trkpt><trkpt lat="53.508386" lon="49.243128"><time>2025-05-30T03:08:12.002Z</time></trkpt><trkpt lat="53.508434" lon="49.242964"><time>2025-05-30T03:08:14.002Z</time></trkpt><trkpt lat="53.508471" lon="49.242819"><time>2025-05-30T03:08:16.002Z</time></trkpt><trkpt lat="53.508509" lon="49.242671"><time>2025-05-30T03:08:18.002Z</time></trkpt><trkpt lat="53.508548" lon="49.242521"><time>2025-05-30T03:08:20.002Z</time></trkpt><trkpt lat="53.508589" lon="49.242371"><time>2025-05-30T03:08:22.002Z</time></trkpt><trkpt lat="53.508631" lon="49.242225"><time>2025-05-30T03:08:24.002Z</time></trkpt><trkpt lat="53.508671" lon="49.242084"><time>2025-05-30T03:08:26.002Z</time></trkpt><trkpt lat="53.508714" lon="49.24195"><time>2025-05-30T03:08:28.002Z</time></trkpt><trkpt lat="53.508759" lon="49.241817"><time>2025-05-30T03:08:30.002Z</time></trkpt><trkpt lat="53.508804" lon="49.241683"><time>2025-05-30T03:08:32.001Z</time></trkpt><trkpt lat="53.508848" lon="49.241536"><time>2025-05-30T03:08:34.002Z</time></trkpt><trkpt lat="53.508889" lon="49.241382"><time>2025-05-30T03:08:36.002Z</time></trkpt><trkpt lat="53.50893" lon="49.24122"><time>2025-05-30T03:08:38.002Z</time></trkpt><trkpt lat="53.508976" lon="49.241063"><time>2025-05-30T03:08:40.002Z</time></trkpt><trkpt lat="53.509026" lon="49.240906"><time>2025-05-30T03:08:42.002Z</time></trkpt><trkpt lat="53.50908" lon="49.240746"><time>2025-05-30T03:08:44.002Z</time></trkpt><trkpt lat="53.509134" lon="49.240584"><time>2025-05-30T03:08:46.002Z</time></trkpt><trkpt lat="53.509186" lon="49.240425"><time>2025-05-30T03:08:48.002Z</time></trkpt><trkpt lat="53.509231" lon="49.240272"><time>2025-05-30T03:08:50.002Z</time></trkpt><trkpt lat="53.50927" lon="49.240123"><time>2025-05-30T03:08:52.002Z</time></trkpt><trkpt lat="53.50931" lon="49.239973"><time>2025-05-30T03:08:54.002Z</time></trkpt><trkpt lat="53.509355" lon="49.239819"><time>2025-05-30T03:08:56.002Z</time></trkpt><trkpt lat="53.509401" lon="49.239662"><time>2025-05-30T03:08:58.002Z</time></trkpt><trkpt lat="53.509447" lon="49.239508"><time>2025-05-30T03:09:00.001Z</time></trkpt><trkpt lat="53.509491" lon="49.239355"><time>2025-05-30T03:09:02.002Z</time></trkpt><trkpt lat="53.509537" lon="49.239204"><time>2025-05-30T03:09:04.001Z</time></trkpt><trkpt lat="53.509585" lon="49.239047"><time>2025-05-30T03:09:06.002Z</time></trkpt><trkpt lat="53.509636" lon="49.238889"><time>2025-05-30T03:09:08.002Z</time></trkpt><trkpt lat="53.50968" lon="49.238735"><time>2025-05-30T03:09:10.002Z</time></trkpt><trkpt lat="53.5097" lon="49.238592"><time>2025-05-30T03:09:12.002Z</time></trkpt><trkpt lat="53.509675" lon="49.23847"><time>2025-05-30T03:09:14.002Z</time></trkpt><trkpt lat="53.509602" lon="49.238371"><time>2025-05-30T03:09:16.002Z</time></trkpt><trkpt lat="53.509499" lon="49.238291"><time>2025-05-30T03:09:18.002Z</time></trkpt><trkpt lat="53.509387" lon="49.238215"><time>2025-05-30T03:09:20.002Z</time></trkpt><trkpt lat="53.509279" lon="49.238135"><time>2025-05-30T03:09:22.002Z</time></trkpt><trkpt lat="53.509156" lon="49.238031"><time>2025-05-30T03:09:24.002Z</time></trkpt><trkpt lat="53.509033" lon="49.237921"><time>2025-05-30T03:09:27.002Z</time></trkpt><trkpt lat="53.508908" lon="49.237803"><time>2025-05-30T03:09:29.002Z</time></trkpt><trkpt lat="53.508799" lon="49.237692"><time>2025-05-30T03:09:31.002Z</time></trkpt><trkpt lat="53.508687" lon="49.237577"><time>2025-05-30T03:09:33.002Z</time></trkpt><trkpt lat="53.50857" lon="49.237466"><time>2025-05-30T03:09:35.002Z</time></trkpt><trkpt lat="53.50845" lon="49.237362"><time>2025-05-30T03:09:37.002Z</time></trkpt><trkpt lat="53.508326" lon="49.237262"><time>2025-05-30T03:09:39.002Z</time></trkpt><trkpt lat="53.508205" lon="49.237163"><time>2025-05-30T03:09:41.002Z</time></trkpt><trkpt lat="53.508092" lon="49.237081"><time>2025-05-30T03:09:43.002Z</time></trkpt><trkpt lat="53.508008" lon="49.237004"><time>2025-05-30T03:09:45.002Z</time></trkpt><trkpt lat="53.50797" lon="49.236917"><time>2025-05-30T03:09:47.002Z</time></trkpt><trkpt lat="53.507976" lon="49.236797"><time>2025-05-30T03:09:49.002Z</time></trkpt><trkpt lat="53.508015" lon="49.236634"><time>2025-05-30T03:09:51.002Z</time></trkpt><trkpt lat="53.508064" lon="49.236464"><time>2025-05-30T03:09:54.002Z</time></trkpt><trkpt lat="53.50811" lon="49.23629"><time>2025-05-30T03:09:56.002Z</time></trkpt><trkpt lat="53.508149" lon="49.236138"><time>2025-05-30T03:09:58.002Z</time></trkpt><trkpt lat="53.508188" lon="49.235988"><time>2025-05-30T03:10:00.001Z</time></trkpt><trkpt lat="53.508229" lon="49.235845"><time>2025-05-30T03:10:02.002Z</time></trkpt><trkpt lat="53.508278" lon="49.235714"><time>2025-05-30T03:10:04.001Z</time></trkpt><trkpt lat="53.508328" lon="49.235595"><time>2025-05-30T03:10:06.002Z</time></trkpt><trkpt lat="53.508376" lon="49.235476"><time>2025-05-30T03:10:08.002Z</time></trkpt><trkpt lat="53.508417" lon="49.235348"><time>2025-05-30T03:10:10.002Z</time></trkpt><trkpt lat="53.508454" lon="49.235205"><time>2025-05-30T03:10:12.002Z</time></trkpt><trkpt lat="53.508493" lon="49.235059"><time>2025-05-30T03:10:14.002Z</time></trkpt><trkpt lat="53.508537" lon="49.234906"><time>2025-05-30T03:10:16.002Z</time></trkpt><trkpt lat="53.508584" lon="49.234746"><time>2025-05-30T03:10:18.002Z</time></trkpt><trkpt lat="53.508626" lon="49.234585"><time>2025-05-30T03:10:20.002Z</time></trkpt><trkpt lat="53.508663" lon="49.234433"><time>2025-05-30T03:10:22.002Z</time></trkpt><trkpt lat="53.508695" lon="49.2343"><time>2025-05-30T03:10:24.002Z</time></trkpt><trkpt lat="53.508724" lon="49.234181"><time>2025-05-30T03:10:26.002Z</time></trkpt><trkpt lat="53.508735" lon="49.234071"><time>2025-05-30T03:10:28.002Z</time></trkpt><trkpt lat="53.508711" lon="49.233977"><time>2025-05-30T03:10:30.002Z</time></trkpt><trkpt lat="53.50865" lon="49.2339"><time>2025-05-30T03:10:32.001Z</time></trkpt><trkpt lat="53.508568" lon="49.233842"><time>2025-05-30T03:10:34.002Z</time></trkpt><trkpt lat="53.508489" lon="49.23378"><time>2025-05-30T03:10:36.002Z</time></trkpt><trkpt lat="53.508435" lon="49.233688"><time>2025-05-30T03:10:38.002Z</time></trkpt><trkpt lat="53.508422" lon="49.233562"><time>2025-05-30T03:10:40.002Z</time></trkpt><trkpt lat="53.50845" lon="49.233421"><time>2025-05-30T03:10:42.002Z</time></trkpt><trkpt lat="53.508501" lon="49.233285"><time>2025-05-30T03:10:44.002Z</time></trkpt><trkpt lat="53.508551" lon="49.233152"><time>2025-05-30T03:10:46.002Z</time></trkpt><trkpt lat="53.508582" lon="49.233016"><time>2025-05-30T03:10:48.002Z</time></trkpt><trkpt lat="53.508587" lon="49.232884"><time>2025-05-30T03:10:50.002Z</time></trkpt><trkpt lat="53.508585" lon="49.232763"><time>2025-05-30T03:10:52.002Z</time></trkpt><trkpt lat="53.508596" lon="49.232649"><time>2025-05-30T03:10:54.002Z</time></trkpt><trkpt lat="53.508631" lon="49.232533"><time>2025-05-30T03:10:56.002Z</time></trkpt><trkpt lat="53.508673" lon="49.232408"><time>2025-05-30T03:10:58.002Z</time></trkpt><trkpt lat="53.508712" lon="49.232278"><time>2025-05-30T03:11:00.001Z</time></trkpt><trkpt lat="53.508745" lon="49.232156"><time>2025-05-30T03:11:02.002Z</time></trkpt><trkpt lat="53.508778" lon="49.232078"><time>2025-05-30T03:11:04.001Z</time></trkpt><trkpt lat="53.508818" lon="49.232061"><time>2025-05-30T03:11:06.002Z</time></trkpt><trkpt lat="53.508871" lon="49.232096"><time>2025-05-30T03:11:08.002Z</time></trkpt><trkpt lat="53.508932" lon="49.23212"><time>2025-05-30T03:11:10.002Z</time></trkpt><trkpt lat="53.508987" lon="49.232083"><time>2025-05-30T03:11:12.002Z</time></trkpt><trkpt lat="53.50903" lon="49.231979"><time>2025-05-30T03:11:14.002Z</time></trkpt><trkpt lat="53.509062" lon="49.231841"><time>2025-05-30T03:11:16.002Z</time></trkpt><trkpt lat="53.509099" lon="49.2317"><time>2025-05-30T03:11:18.002Z</time></trkpt><trkpt lat="53.509143" lon="49.231539"><time>2025-05-30T03:11:20.002Z</time></trkpt><trkpt lat="53.509176" lon="49.231371"><time>2025-05-30T03:11:23.002Z</time></trkpt><trkpt lat="53.509183" lon="49.231198"><time>2025-05-30T03:11:25.002Z</time></trkpt><trkpt lat="53.509163" lon="49.231049"><time>2025-05-30T03:11:27.002Z</time></trkpt><trkpt lat="53.509146" lon="49.23091"><time>2025-05-30T03:11:29.002Z</time></trkpt><trkpt lat="53.509149" lon="49.230776"><time>2025-05-30T03:11:31.002Z</time></trkpt><trkpt lat="53.50917" lon="49.230639"><time>2025-05-30T03:11:33.002Z</time></trkpt><trkpt lat="53.509194" lon="49.230495"><time>2025-05-30T03:11:35.002Z</time></trkpt><trkpt lat="53.509213" lon="49.230349"><time>2025-05-30T03:11:37.002Z</time></trkpt><trkpt lat="53.509232" lon="49.230207"><time>2025-05-30T03:11:39.002Z</time></trkpt><trkpt lat="53.509285" lon="49.229918"><time>2025-05-30T03:11:41.002Z</time></trkpt><trkpt lat="53.509348" lon="49.229637"><time>2025-05-30T03:11:50.002Z</time></trkpt><trkpt lat="53.509414" lon="49.229373"><time>2025-05-30T03:11:52.002Z</time></trkpt><trkpt lat="53.509447" lon="49.22928"><time>2025-05-30T03:11:54.002Z</time></trkpt><trkpt lat="53.50947" lon="49.229189"><time>2025-05-30T03:11:56.002Z</time></trkpt><trkpt lat="53.50949" lon="49.229081"><time>2025-05-30T03:11:58.002Z</time></trkpt><trkpt lat="53.509513" lon="49.228948"><time>2025-05-30T03:12:00.001Z</time></trkpt><trkpt lat="53.509537" lon="49.228801"><time>2025-05-30T03:12:02.002Z</time></trkpt><trkpt lat="53.509563" lon="49.228649"><time>2025-05-30T03:12:04.001Z</time></trkpt><trkpt lat="53.509591" lon="49.228499"><time>2025-05-30T03:12:06.002Z</time></trkpt><trkpt lat="53.50963" lon="49.228363"><time>2025-05-30T03:12:08.002Z</time></trkpt><trkpt lat="53.509679" lon="49.228247"><time>2025-05-30T03:12:10.002Z</time></trkpt><trkpt lat="53.509729" lon="49.228154"><time>2025-05-30T03:12:12.002Z</time></trkpt><trkpt lat="53.509762" lon="49.228069"><time>2025-05-30T03:12:14.002Z</time></trkpt><trkpt lat="53.509762" lon="49.22799"><time>2025-05-30T03:12:16.002Z</time></trkpt><trkpt lat="53.509739" lon="49.227894"><time>2025-05-30T03:12:18.002Z</time></trkpt><trkpt lat="53.509718" lon="49.227785"><time>2025-05-30T03:12:21.002Z</time></trkpt><trkpt lat="53.509715" lon="49.227655"><time>2025-05-30T03:12:23.002Z</time></trkpt><trkpt lat="53.509729" lon="49.227521"><time>2025-05-30T03:12:25.002Z</time></trkpt><trkpt lat="53.509753" lon="49.227384"><time>2025-05-30T03:12:27.002Z</time></trkpt><trkpt lat="53.509781" lon="49.227243"><time>2025-05-30T03:12:29.002Z</time></trkpt><trkpt lat="53.509809" lon="49.227103"><time>2025-05-30T03:12:31.002Z</time></trkpt><trkpt lat="53.509832" lon="49.226966"><time>2025-05-30T03:12:33.002Z</time></trkpt><trkpt lat="53.509851" lon="49.226836"><time>2025-05-30T03:12:35.002Z</time></trkpt><trkpt lat="53.509872" lon="49.226704"><time>2025-05-30T03:12:37.002Z</time></trkpt><trkpt lat="53.509894" lon="49.226568"><time>2025-05-30T03:12:39.002Z</time></trkpt><trkpt lat="53.509917" lon="49.226427"><time>2025-05-30T03:12:41.002Z</time></trkpt><trkpt lat="53.509938" lon="49.226284"><time>2025-05-30T03:12:43.002Z</time></trkpt><trkpt lat="53.509959" lon="49.226137"><time>2025-05-30T03:12:45.002Z</time></trkpt><trkpt lat="53.509981" lon="49.225988"><time>2025-05-30T03:12:47.002Z</time></trkpt><trkpt lat="53.510009" lon="49.225838"><time>2025-05-30T03:12:49.002Z</time></trkpt><trkpt lat="53.510034" lon="49.225676"><time>2025-05-30T03:12:51.002Z</time></trkpt><trkpt lat="53.510057" lon="49.225522"><time>2025-05-30T03:12:54.002Z</time></trkpt><trkpt lat="53.510069" lon="49.225371"><time>2025-05-30T03:12:56.002Z</time></trkpt><trkpt lat="53.510075" lon="49.22524"><time>2025-05-30T03:12:58.002Z</time></trkpt><trkpt lat="53.510081" lon="49.225102"><time>2025-05-30T03:13:00.001Z</time></trkpt><trkpt lat="53.510088" lon="49.224965"><time>2025-05-30T03:13:02.002Z</time></trkpt><trkpt lat="53.5101" lon="49.224819"><time>2025-05-30T03:13:04.001Z</time></trkpt><trkpt lat="53.51011" lon="49.224667"><time>2025-05-30T03:13:06.002Z</time></trkpt><trkpt lat="53.510119" lon="49.224511"><time>2025-05-30T03:13:08.002Z</time></trkpt><trkpt lat="53.510127" lon="49.224357"><time>2025-05-30T03:13:10.002Z</time></trkpt><trkpt lat="53.510137" lon="49.224207"><time>2025-05-30T03:13:12.002Z</time></trkpt><trkpt lat="53.510153" lon="49.224062"><time>2025-05-30T03:13:14.002Z</time></trkpt><trkpt lat="53.510171" lon="49.223926"><time>2025-05-30T03:13:16.002Z</time></trkpt><trkpt lat="53.510185" lon="49.223804"><time>2025-05-30T03:13:18.002Z</time></trkpt><trkpt lat="53.510193" lon="49.2237"><time>2025-05-30T03:13:20.002Z</time></trkpt><trkpt lat="53.510201" lon="49.223613"><time>2025-05-30T03:13:22.002Z</time></trkpt><trkpt lat="53.51021" lon="49.223534"><time>2025-05-30T03:13:24.002Z</time></trkpt><trkpt lat="53.510221" lon="49.22346"><time>2025-05-30T03:13:26.002Z</time></trkpt><trkpt lat="53.510231" lon="49.223395"><time>2025-05-30T03:13:28.002Z</time></trkpt><trkpt lat="53.510238" lon="49.223339"><time>2025-05-30T03:13:30.002Z</time></trkpt><trkpt lat="53.510242" lon="49.223286"><time>2025-05-30T03:13:32.001Z</time></trkpt><trkpt lat="53.510246" lon="49.223235"><time>2025-05-30T03:13:34.002Z</time></trkpt><trkpt lat="53.51025" lon="49.223186"><time>2025-05-30T03:13:36.002Z</time></trkpt><trkpt lat="53.510254" lon="49.223136"><time>2025-05-30T03:13:38.002Z</time></trkpt><trkpt lat="53.510257" lon="49.223077"><time>2025-05-30T03:13:40.002Z</time></trkpt><trkpt lat="53.510262" lon="49.223001"><time>2025-05-30T03:13:42.002Z</time></trkpt><trkpt lat="53.51027" lon="49.222907"><time>2025-05-30T03:13:44.002Z</time></trkpt><trkpt lat="53.510278" lon="49.222796"><time>2025-05-30T03:13:46.002Z</time></trkpt><trkpt lat="53.51029" lon="49.222673"><time>2025-05-30T03:13:48.002Z</time></trkpt><trkpt lat="53.510302" lon="49.222541"><time>2025-05-30T03:13:50.002Z</time></trkpt><trkpt lat="53.510317" lon="49.222405"><time>2025-05-30T03:13:52.002Z</time></trkpt><trkpt lat="53.510329" lon="49.222264"><time>2025-05-30T03:13:54.002Z</time></trkpt><trkpt lat="53.510341" lon="49.222121"><time>2025-05-30T03:13:56.002Z</time></trkpt><trkpt lat="53.510352" lon="49.221975"><time>2025-05-30T03:13:58.002Z</time></trkpt><trkpt lat="53.510365" lon="49.221827"><time>2025-05-30T03:14:00.001Z</time></trkpt><trkpt lat="53.510375" lon="49.221677"><time>2025-05-30T03:14:02.002Z</time></trkpt><trkpt lat="53.510384" lon="49.221527"><time>2025-05-30T03:14:04.001Z</time></trkpt><trkpt lat="53.510393" lon="49.22138"><time>2025-05-30T03:14:06.002Z</time></trkpt><trkpt lat="53.510403" lon="49.22124"><time>2025-05-30T03:14:08.002Z</time></trkpt><trkpt lat="53.510415" lon="49.22111"><time>2025-05-30T03:14:10.002Z</time></trkpt><trkpt lat="53.510422" lon="49.220982"><time>2025-05-30T03:14:12.002Z</time></trkpt><trkpt lat="53.51043" lon="49.220848"><time>2025-05-30T03:14:14.002Z</time></trkpt><trkpt lat="53.510441" lon="49.220696"><time>2025-05-30T03:14:16.002Z</time></trkpt><trkpt lat="53.510459" lon="49.220528"><time>2025-05-30T03:14:18.002Z</time></trkpt><trkpt lat="53.510478" lon="49.220354"><time>2025-05-30T03:14:20.002Z</time></trkpt><trkpt lat="53.510493" lon="49.22018"><time>2025-05-30T03:14:22.002Z</time></trkpt><trkpt lat="53.510504" lon="49.220012"><time>2025-05-30T03:14:24.002Z</time></trkpt><trkpt lat="53.510514" lon="49.21985"><time>2025-05-30T03:14:26.002Z</time></trkpt><trkpt lat="53.510523" lon="49.219692"><time>2025-05-30T03:14:28.002Z</time></trkpt><trkpt lat="53.51053" lon="49.219539"><time>2025-05-30T03:14:30.002Z</time></trkpt><trkpt lat="53.51054" lon="49.219389"><time>2025-05-30T03:14:32.001Z</time></trkpt><trkpt lat="53.510551" lon="49.219242"><time>2025-05-30T03:14:34.002Z</time></trkpt><trkpt lat="53.510564" lon="49.219094"><time>2025-05-30T03:14:36.002Z</time></trkpt><trkpt lat="53.510576" lon="49.218946"><time>2025-05-30T03:14:38.002Z</time></trkpt><trkpt lat="53.510585" lon="49.218799"><time>2025-05-30T03:14:40.002Z</time></trkpt><trkpt lat="53.510593" lon="49.218657"><time>2025-05-30T03:14:42.002Z</time></trkpt><trkpt lat="53.510603" lon="49.218523"><time>2025-05-30T03:14:44.002Z</time></trkpt><trkpt lat="53.510614" lon="49.218393"><time>2025-05-30T03:14:46.002Z</time></trkpt><trkpt lat="53.510627" lon="49.218269"><time>2025-05-30T03:14:48.002Z</time></trkpt><trkpt lat="53.51064" lon="49.218147"><time>2025-05-30T03:14:50.002Z</time></trkpt><trkpt lat="53.51065" lon="49.218029"><time>2025-05-30T03:14:52.002Z</time></trkpt><trkpt lat="53.51066" lon="49.217915"><time>2025-05-30T03:14:54.002Z</time></trkpt><trkpt lat="53.510668" lon="49.217804"><time>2025-05-30T03:14:56.002Z</time></trkpt><trkpt lat="53.510674" lon="49.217699"><time>2025-05-30T03:14:58.002Z</time></trkpt><trkpt lat="53.510677" lon="49.217595"><time>2025-05-30T03:15:00.001Z</time></trkpt><trkpt lat="53.510678" lon="49.217491"><time>2025-05-30T03:15:02.002Z</time></trkpt><trkpt lat="53.510678" lon="49.217385"><time>2025-05-30T03:15:04.001Z</time></trkpt><trkpt lat="53.510678" lon="49.217279"><time>2025-05-30T03:15:06.002Z</time></trkpt><trkpt lat="53.510675" lon="49.217171"><time>2025-05-30T03:15:08.002Z</time></trkpt><trkpt lat="53.510668" lon="49.217059"><time>2025-05-30T03:15:10.002Z</time></trkpt><trkpt lat="53.510661" lon="49.21694"><time>2025-05-30T03:15:12.002Z</time></trkpt><trkpt lat="53.510659" lon="49.216827"><time>2025-05-30T03:15:14.002Z</time></trkpt><trkpt lat="53.510661" lon="49.216738"><time>2025-05-30T03:15:16.002Z</time></trkpt><trkpt lat="53.510675" lon="49.216612"><time>2025-05-30T03:15:42.002Z</time></trkpt><trkpt lat="53.510668" lon="49.216501"><time>2025-05-30T03:15:44.002Z</time></trkpt><trkpt lat="53.510664" lon="49.216381"><time>2025-05-30T03:15:46.002Z</time></trkpt><trkpt lat="53.51066" lon="49.216257"><time>2025-05-30T03:15:48.002Z</time></trkpt><trkpt lat="53.510655" lon="49.216141"><time>2025-05-30T03:15:50.002Z</time></trkpt><trkpt lat="53.510656" lon="49.216048"><time>2025-05-30T03:15:52.002Z</time></trkpt><trkpt lat="53.510672" lon="49.215986"><time>2025-05-30T03:15:54.002Z</time></trkpt><trkpt lat="53.510706" lon="49.215961"><time>2025-05-30T03:15:56.002Z</time></trkpt><trkpt lat="53.510756" lon="49.215952"><time>2025-05-30T03:15:58.002Z</time></trkpt><trkpt lat="53.510807" lon="49.215944"><time>2025-05-30T03:16:00.001Z</time></trkpt><trkpt lat="53.510851" lon="49.215919"><time>2025-05-30T03:16:02.002Z</time></trkpt><trkpt lat="53.510873" lon="49.215882"><time>2025-05-30T03:16:04.001Z</time></trkpt><trkpt lat="53.51087" lon="49.21583"><time>2025-05-30T03:16:06.002Z</time></trkpt><trkpt lat="53.510851" lon="49.215765"><time>2025-05-30T03:16:08.002Z</time></trkpt><trkpt lat="53.510833" lon="49.215702"><time>2025-05-30T03:16:10.002Z</time></trkpt><trkpt lat="53.510796" lon="49.215634"><time>2025-05-30T03:17:24.002Z</time></trkpt><trkpt lat="53.510814" lon="49.215548"><time>2025-05-30T03:21:41.002Z</time></trkpt><trkpt lat="53.510817" lon="49.215609"><time>2025-05-30T03:23:03.002Z</time></trkpt><trkpt lat="53.510852" lon="49.215668"><time>2025-05-30T03:23:07.002Z</time></trkpt><trkpt lat="53.510885" lon="49.215734"><time>2025-05-30T03:23:12.002Z</time></trkpt><trkpt lat="53.510921" lon="49.215785"><time>2025-05-30T03:23:14.002Z</time></trkpt><trkpt lat="53.510956" lon="49.215797"><time>2025-05-30T03:23:16.002Z</time></trkpt><trkpt lat="53.510996" lon="49.215783"><time>2025-05-30T03:23:18.002Z</time></trkpt><trkpt lat="53.511038" lon="49.215763"><time>2025-05-30T03:23:20.002Z</time></trkpt><trkpt lat="53.511084" lon="49.215739"><time>2025-05-30T03:23:22.002Z</time></trkpt><trkpt lat="53.511136" lon="49.215709"><time>2025-05-30T03:23:24.002Z</time></trkpt><trkpt lat="53.511193" lon="49.215674"><time>2025-05-30T03:23:26.002Z</time></trkpt><trkpt lat="53.511252" lon="49.215634"><time>2025-05-30T03:23:28.002Z</time></trkpt><trkpt lat="53.511313" lon="49.21559"><time>2025-05-30T03:23:30.002Z</time></trkpt><trkpt lat="53.511373" lon="49.215547"><time>2025-05-30T03:23:32.001Z</time></trkpt><trkpt lat="53.511434" lon="49.215507"><time>2025-05-30T03:23:34.002Z</time></trkpt><trkpt lat="53.511493" lon="49.215472"><time>2025-05-30T03:23:36.002Z</time></trkpt><trkpt lat="53.511552" lon="49.215438"><time>2025-05-30T03:23:38.002Z</time></trkpt><trkpt lat="53.511609" lon="49.215404"><time>2025-05-30T03:23:40.002Z</time></trkpt><trkpt lat="53.511668" lon="49.215371"><time>2025-05-30T03:23:42.002Z</time></trkpt><trkpt lat="53.511726" lon="49.215338"><time>2025-05-30T03:23:44.002Z</time></trkpt><trkpt lat="53.511782" lon="49.215304"><time>2025-05-30T03:23:46.002Z</time></trkpt><trkpt lat="53.511837" lon="49.215269"><time>2025-05-30T03:23:48.002Z</time></trkpt><trkpt lat="53.511896" lon="49.215233"><time>2025-05-30T03:23:50.002Z</time></trkpt><trkpt lat="53.511956" lon="49.215196"><time>2025-05-30T03:23:53.002Z</time></trkpt><trkpt lat="53.512016" lon="49.21516"><time>2025-05-30T03:23:55.002Z</time></trkpt><trkpt lat="53.512072" lon="49.215123"><time>2025-05-30T03:23:57.002Z</time></trkpt><trkpt lat="53.512132" lon="49.215085"><time>2025-05-30T03:23:59.002Z</time></trkpt><trkpt lat="53.512194" lon="49.215049"><time>2025-05-30T03:24:01.002Z</time></trkpt><trkpt lat="53.512261" lon="49.215017"><time>2025-05-30T03:24:03.002Z</time></trkpt><trkpt lat="53.51233" lon="49.21499"><time>2025-05-30T03:24:05.002Z</time></trkpt><trkpt lat="53.512401" lon="49.214963"><time>2025-05-30T03:24:07.002Z</time></trkpt><trkpt lat="53.512468" lon="49.214933"><time>2025-05-30T03:24:09.002Z</time></trkpt><trkpt lat="53.51253" lon="49.214901"><time>2025-05-30T03:24:11.002Z</time></trkpt><trkpt lat="53.512592" lon="49.214867"><time>2025-05-30T03:24:13.002Z</time></trkpt><trkpt lat="53.512655" lon="49.214831"><time>2025-05-30T03:24:15.002Z</time></trkpt><trkpt lat="53.512722" lon="49.214792"><time>2025-05-30T03:24:17.002Z</time></trkpt><trkpt lat="53.512788" lon="49.214748"><time>2025-05-30T03:24:19.002Z</time></trkpt><trkpt lat="53.512852" lon="49.2147"><time>2025-05-30T03:24:21.002Z</time></trkpt><trkpt lat="53.512915" lon="49.214652"><time>2025-05-30T03:24:23.002Z</time></trkpt><trkpt lat="53.512976" lon="49.214607"><time>2025-05-30T03:24:25.002Z</time></trkpt><trkpt lat="53.513038" lon="49.214565"><time>2025-05-30T03:24:27.002Z</time></trkpt><trkpt lat="53.513103" lon="49.214527"><time>2025-05-30T03:24:29.002Z</time></trkpt><trkpt lat="53.513172" lon="49.214488"><time>2025-05-30T03:24:31.002Z</time></trkpt><trkpt lat="53.513245" lon="49.214442"><time>2025-05-30T03:24:33.002Z</time></trkpt><trkpt lat="53.51332" lon="49.214391"><time>2025-05-30T03:24:35.002Z</time></trkpt><trkpt lat="53.513395" lon="49.21434"><time>2025-05-30T03:24:37.002Z</time></trkpt><trkpt lat="53.513469" lon="49.214288"><time>2025-05-30T03:24:39.002Z</time></trkpt><trkpt lat="53.513544" lon="49.214238"><time>2025-05-30T03:24:41.002Z</time></trkpt><trkpt lat="53.513619" lon="49.214185"><time>2025-05-30T03:24:43.002Z</time></trkpt><trkpt lat="53.513689" lon="49.214126"><time>2025-05-30T03:24:45.002Z</time></trkpt><trkpt lat="53.513739" lon="49.214051"><time>2025-05-30T03:24:47.002Z</time></trkpt><trkpt lat="53.513757" lon="49.213954"><time>2025-05-30T03:24:49.002Z</time></trkpt><trkpt lat="53.513741" lon="49.21384"><time>2025-05-30T03:24:51.002Z</time></trkpt><trkpt lat="53.513708" lon="49.213715"><time>2025-05-30T03:24:53.002Z</time></trkpt><trkpt lat="53.513673" lon="49.213586"><time>2025-05-30T03:24:55.002Z</time></trkpt><trkpt lat="53.513639" lon="49.213457"><time>2025-05-30T03:24:57.002Z</time></trkpt><trkpt lat="53.513606" lon="49.213326"><time>2025-05-30T03:24:59.002Z</time></trkpt><trkpt lat="53.513576" lon="49.213188"><time>2025-05-30T03:25:01.002Z</time></trkpt><trkpt lat="53.513548" lon="49.213048"><time>2025-05-30T03:25:03.002Z</time></trkpt><trkpt lat="53.51352" lon="49.212905"><time>2025-05-30T03:25:05.002Z</time></trkpt><trkpt lat="53.513485" lon="49.212763"><time>2025-05-30T03:25:07.002Z</time></trkpt><trkpt lat="53.51345" lon="49.212618"><time>2025-05-30T03:25:09.002Z</time></trkpt><trkpt lat="53.51342" lon="49.212467"><time>2025-05-30T03:25:11.002Z</time></trkpt><trkpt lat="53.513396" lon="49.212313"><time>2025-05-30T03:25:13.002Z</time></trkpt><trkpt lat="53.513367" lon="49.212138"><time>2025-05-30T03:25:15.002Z</time></trkpt><trkpt lat="53.51333" lon="49.21197"><time>2025-05-30T03:25:18.002Z</time></trkpt><trkpt lat="53.51329" lon="49.211802"><time>2025-05-30T03:25:20.002Z</time></trkpt><trkpt lat="53.513252" lon="49.211656"><time>2025-05-30T03:25:22.002Z</time></trkpt><trkpt lat="53.513214" lon="49.211505"><time>2025-05-30T03:25:24.002Z</time></trkpt><trkpt lat="53.513178" lon="49.211356"><time>2025-05-30T03:25:26.002Z</time></trkpt><trkpt lat="53.513148" lon="49.211208"><time>2025-05-30T03:25:28.002Z</time></trkpt><trkpt lat="53.513121" lon="49.211065"><time>2025-05-30T03:25:30.002Z</time></trkpt><trkpt lat="53.513096" lon="49.210922"><time>2025-05-30T03:25:32.001Z</time></trkpt><trkpt lat="53.51307" lon="49.210776"><time>2025-05-30T03:25:34.002Z</time></trkpt><trkpt lat="53.513045" lon="49.210625"><time>2025-05-30T03:25:36.002Z</time></trkpt><trkpt lat="53.513016" lon="49.210472"><time>2025-05-30T03:25:38.002Z</time></trkpt><trkpt lat="53.512984" lon="49.210323"><time>2025-05-30T03:25:40.002Z</time></trkpt><trkpt lat="53.512949" lon="49.210177"><time>2025-05-30T03:25:42.002Z</time></trkpt><trkpt lat="53.512914" lon="49.210035"><time>2025-05-30T03:25:44.002Z</time></trkpt><trkpt lat="53.512876" lon="49.209893"><time>2025-05-30T03:25:46.002Z</time></trkpt><trkpt lat="53.512839" lon="49.209742"><time>2025-05-30T03:25:48.002Z</time></trkpt><trkpt lat="53.512803" lon="49.209578"><time>2025-05-30T03:25:50.002Z</time></trkpt><trkpt lat="53.512767" lon="49.209408"><time>2025-05-30T03:25:52.002Z</time></trkpt><trkpt lat="53.51273" lon="49.209239"><time>2025-05-30T03:25:54.002Z</time></trkpt><trkpt lat="53.512692" lon="49.209076"><time>2025-05-30T03:25:56.002Z</time></trkpt><trkpt lat="53.512657" lon="49.208917"><time>2025-05-30T03:25:58.002Z</time></trkpt><trkpt lat="53.512623" lon="49.208755"><time>2025-05-30T03:26:00.001Z</time></trkpt><trkpt lat="53.51259" lon="49.208596"><time>2025-05-30T03:26:02.002Z</time></trkpt><trkpt lat="53.512557" lon="49.208433"><time>2025-05-30T03:26:04.001Z</time></trkpt><trkpt lat="53.512525" lon="49.208269"><time>2025-05-30T03:26:06.002Z</time></trkpt><trkpt lat="53.512492" lon="49.208101"><time>2025-05-30T03:26:08.002Z</time></trkpt><trkpt lat="53.512457" lon="49.207932"><time>2025-05-30T03:26:10.002Z</time></trkpt><trkpt lat="53.512417" lon="49.207764"><time>2025-05-30T03:26:12.002Z</time></trkpt><trkpt lat="53.512374" lon="49.207597"><time>2025-05-30T03:26:14.002Z</time></trkpt><trkpt lat="53.512331" lon="49.207429"><time>2025-05-30T03:26:16.002Z</time></trkpt><trkpt lat="53.512294" lon="49.207262"><time>2025-05-30T03:26:18.002Z</time></trkpt><trkpt lat="53.512261" lon="49.207097"><time>2025-05-30T03:26:20.002Z</time></trkpt><trkpt lat="53.512229" lon="49.206938"><time>2025-05-30T03:26:22.002Z</time></trkpt><trkpt lat="53.512197" lon="49.206781"><time>2025-05-30T03:26:24.002Z</time></trkpt><trkpt lat="53.512166" lon="49.206621"><time>2025-05-30T03:26:26.002Z</time></trkpt><trkpt lat="53.512135" lon="49.206457"><time>2025-05-30T03:26:28.002Z</time></trkpt><trkpt lat="53.512105" lon="49.206291"><time>2025-05-30T03:26:30.002Z</time></trkpt><trkpt lat="53.512067" lon="49.206099"><time>2025-05-30T03:26:32.001Z</time></trkpt><trkpt lat="53.512025" lon="49.205909"><time>2025-05-30T03:26:35.002Z</time></trkpt><trkpt lat="53.511975" lon="49.205692"><time>2025-05-30T03:26:37.002Z</time></trkpt><trkpt lat="53.511932" lon="49.205502"><time>2025-05-30T03:26:40.002Z</time></trkpt><trkpt lat="53.51189" lon="49.205307"><time>2025-05-30T03:26:42.002Z</time></trkpt><trkpt lat="53.511855" lon="49.205141"><time>2025-05-30T03:26:44.002Z</time></trkpt><trkpt lat="53.511815" lon="49.204953"><time>2025-05-30T03:26:46.002Z</time></trkpt><trkpt lat="53.511774" lon="49.204767"><time>2025-05-30T03:26:49.002Z</time></trkpt><trkpt lat="53.511733" lon="49.20458"><time>2025-05-30T03:26:51.002Z</time></trkpt><trkpt lat="53.5117" lon="49.204414"><time>2025-05-30T03:26:53.002Z</time></trkpt><trkpt lat="53.511669" lon="49.204252"><time>2025-05-30T03:26:55.002Z</time></trkpt><trkpt lat="53.511633" lon="49.204099"><time>2025-05-30T03:26:57.002Z</time></trkpt><trkpt lat="53.511592" lon="49.203948"><time>2025-05-30T03:26:59.002Z</time></trkpt><trkpt lat="53.511549" lon="49.203793"><time>2025-05-30T03:27:01.002Z</time></trkpt><trkpt lat="53.511511" lon="49.203627"><time>2025-05-30T03:27:03.002Z</time></trkpt><trkpt lat="53.511475" lon="49.203458"><time>2025-05-30T03:27:05.002Z</time></trkpt><trkpt lat="53.511443" lon="49.203292"><time>2025-05-30T03:27:07.002Z</time></trkpt><trkpt lat="53.51141" lon="49.203136"><time>2025-05-30T03:27:09.002Z</time></trkpt><trkpt lat="53.511373" lon="49.202983"><time>2025-05-30T03:27:11.002Z</time></trkpt><trkpt lat="53.511331" lon="49.202825"><time>2025-05-30T03:27:13.002Z</time></trkpt><trkpt lat="53.51129" lon="49.202661"><time>2025-05-30T03:27:15.002Z</time></trkpt><trkpt lat="53.511256" lon="49.202494"><time>2025-05-30T03:27:17.002Z</time></trkpt><trkpt lat="53.511226" lon="49.202327"><time>2025-05-30T03:27:19.002Z</time></trkpt><trkpt lat="53.511195" lon="49.202161"><time>2025-05-30T03:27:21.002Z</time></trkpt><trkpt lat="53.511163" lon="49.201995"><time>2025-05-30T03:27:23.002Z</time></trkpt><trkpt lat="53.51113" lon="49.201828"><time>2025-05-30T03:27:25.002Z</time></trkpt><trkpt lat="53.511096" lon="49.201664"><time>2025-05-30T03:27:27.002Z</time></trkpt><trkpt lat="53.511063" lon="49.201503"><time>2025-05-30T03:27:29.002Z</time></trkpt><trkpt lat="53.511031" lon="49.201345"><time>2025-05-30T03:27:31.002Z</time></trkpt><trkpt lat="53.510999" lon="49.201186"><time>2025-05-30T03:27:33.002Z</time></trkpt><trkpt lat="53.510966" lon="49.201027"><time>2025-05-30T03:27:35.002Z</time></trkpt><trkpt lat="53.51093" lon="49.200865"><time>2025-05-30T03:27:37.002Z</time></trkpt><trkpt lat="53.510894" lon="49.200701"><time>2025-05-30T03:27:39.002Z</time></trkpt><trkpt lat="53.510861" lon="49.200537"><time>2025-05-30T03:27:41.002Z</time></trkpt><trkpt lat="53.510835" lon="49.200377"><time>2025-05-30T03:27:43.002Z</time></trkpt><trkpt lat="53.510839" lon="49.200235"><time>2025-05-30T03:27:45.002Z</time></trkpt><trkpt lat="53.510886" lon="49.200138"><time>2025-05-30T03:27:47.002Z</time></trkpt><trkpt lat="53.510972" lon="49.200082"><time>2025-05-30T03:27:49.002Z</time></trkpt><trkpt lat="53.511072" lon="49.200048"><time>2025-05-30T03:27:51.002Z</time></trkpt><trkpt lat="53.511169" lon="49.200002"><time>2025-05-30T03:27:53.002Z</time></trkpt><trkpt lat="53.511262" lon="49.199945"><time>2025-05-30T03:27:55.002Z</time></trkpt><trkpt lat="53.511356" lon="49.199886"><time>2025-05-30T03:27:57.002Z</time></trkpt><trkpt lat="53.51145" lon="49.199831"><time>2025-05-30T03:27:59.002Z</time></trkpt><trkpt lat="53.511544" lon="49.199777"><time>2025-05-30T03:28:01.002Z</time></trkpt><trkpt lat="53.511637" lon="49.199721"><time>2025-05-30T03:28:03.002Z</time></trkpt><trkpt lat="53.51173" lon="49.199663"><time>2025-05-30T03:28:05.002Z</time></trkpt><trkpt lat="53.511823" lon="49.199605"><time>2025-05-30T03:28:07.002Z</time></trkpt><trkpt lat="53.511916" lon="49.199547"><time>2025-05-30T03:28:09.002Z</time></trkpt><trkpt lat="53.512007" lon="49.19949"><time>2025-05-30T03:28:11.002Z</time></trkpt><trkpt lat="53.512098" lon="49.199431"><time>2025-05-30T03:28:13.002Z</time></trkpt><trkpt lat="53.512189" lon="49.199373"><time>2025-05-30T03:28:15.002Z</time></trkpt><trkpt lat="53.512278" lon="49.199319"><time>2025-05-30T03:28:17.002Z</time></trkpt><trkpt lat="53.512359" lon="49.199262"><time>2025-05-30T03:28:19.002Z</time></trkpt><trkpt lat="53.512418" lon="49.199189"><time>2025-05-30T03:28:21.002Z</time></trkpt><trkpt lat="53.512433" lon="49.199085"><time>2025-05-30T03:28:23.002Z</time></trkpt><trkpt lat="53.512411" lon="49.198953"><time>2025-05-30T03:28:25.002Z</time></trkpt><trkpt lat="53.512368" lon="49.198804"><time>2025-05-30T03:28:27.002Z</time></trkpt><trkpt lat="53.512324" lon="49.198647"><time>2025-05-30T03:28:29.002Z</time></trkpt><trkpt lat="53.512283" lon="49.19849"><time>2025-05-30T03:28:31.002Z</time></trkpt><trkpt lat="53.512245" lon="49.198333"><time>2025-05-30T03:28:33.002Z</time></trkpt><trkpt lat="53.51221" lon="49.198182"><time>2025-05-30T03:28:35.002Z</time></trkpt><trkpt lat="53.512182" lon="49.198058"><time>2025-05-30T03:28:37.002Z</time></trkpt><trkpt lat="53.512151" lon="49.197977"><time>2025-05-30T03:28:39.002Z</time></trkpt><trkpt lat="53.512123" lon="49.19792"><time>2025-05-30T03:28:44.002Z</time></trkpt><trkpt lat="53.51209" lon="49.197882"><time>2025-05-30T03:28:46.002Z</time></trkpt><trkpt lat="53.512058" lon="49.197832"><time>2025-05-30T03:28:48.002Z</time></trkpt><trkpt lat="53.512029" lon="49.197772"><time>2025-05-30T03:28:50.002Z</time></trkpt><trkpt lat="53.512021" lon="49.197725"><time>2025-05-30T03:28:52.002Z</time></trkpt><trkpt lat="53.51202" lon="49.197686"><time>2025-05-30T03:28:58.002Z</time></trkpt><trkpt lat="53.512015" lon="49.197654"><time>2025-05-30T03:29:14.002Z</time></trkpt><trkpt lat="53.511993" lon="49.19758"><time>2025-05-30T03:29:16.002Z</time></trkpt><trkpt lat="53.511966" lon="49.197476"><time>2025-05-30T03:29:18.002Z</time></trkpt><trkpt lat="53.511935" lon="49.197354"><time>2025-05-30T03:29:20.002Z</time></trkpt><trkpt lat="53.511898" lon="49.197221"><time>2025-05-30T03:29:22.002Z</time></trkpt><trkpt lat="53.511858" lon="49.197087"><time>2025-05-30T03:29:24.002Z</time></trkpt><trkpt lat="53.511824" lon="49.196959"><time>2025-05-30T03:29:26.002Z</time></trkpt><trkpt lat="53.511805" lon="49.196833"><time>2025-05-30T03:29:28.002Z</time></trkpt><trkpt lat="53.511798" lon="49.196666"><time>2025-05-30T03:29:30.002Z</time></trkpt><trkpt lat="53.511793" lon="49.196502"><time>2025-05-30T03:29:34.002Z</time></trkpt><trkpt lat="53.511781" lon="49.196351"><time>2025-05-30T03:29:36.002Z</time></trkpt><trkpt lat="53.51176" lon="49.196249"><time>2025-05-30T03:29:38.002Z</time></trkpt><trkpt lat="53.511725" lon="49.196154"><time>2025-05-30T03:29:40.002Z</time></trkpt><trkpt lat="53.511674" lon="49.196061"><time>2025-05-30T03:29:42.002Z</time></trkpt><trkpt lat="53.511612" lon="49.195973"><time>2025-05-30T03:29:44.002Z</time></trkpt><trkpt lat="53.511542" lon="49.195903"><time>2025-05-30T03:29:46.002Z</time></trkpt><trkpt lat="53.511469" lon="49.195865"><time>2025-05-30T03:29:48.002Z</time></trkpt><trkpt lat="53.511399" lon="49.195854"><time>2025-05-30T03:29:50.002Z</time></trkpt><trkpt lat="53.511341" lon="49.195842"><time>2025-05-30T03:29:52.002Z</time></trkpt><trkpt lat="53.511305" lon="49.195804"><time>2025-05-30T03:29:54.002Z</time></trkpt><trkpt lat="53.511307" lon="49.195741"><time>2025-05-30T03:29:56.002Z</time></trkpt><trkpt lat="53.511349" lon="49.195671"><time>2025-05-30T03:29:58.002Z</time></trkpt><trkpt lat="53.511461" lon="49.195514"><time>2025-05-30T03:30:00.001Z</time></trkpt><trkpt lat="53.511569" lon="49.195275"><time>2025-05-30T03:30:08.002Z</time></trkpt><trkpt lat="53.511662" lon="49.194999"><time>2025-05-30T03:30:13.002Z</time></trkpt><trkpt lat="53.511693" lon="49.194796"><time>2025-05-30T03:30:15.002Z</time></trkpt><trkpt lat="53.511721" lon="49.194671"><time>2025-05-30T03:30:17.002Z</time></trkpt><trkpt lat="53.511748" lon="49.194566"><time>2025-05-30T03:30:19.002Z</time></trkpt><trkpt lat="53.51177" lon="49.194462"><time>2025-05-30T03:30:21.002Z</time></trkpt><trkpt lat="53.511785" lon="49.194358"><time>2025-05-30T03:30:23.002Z</time></trkpt><trkpt lat="53.5118" lon="49.194265"><time>2025-05-30T03:30:25.002Z</time></trkpt><trkpt lat="53.511826" lon="49.194189"><time>2025-05-30T03:30:27.002Z</time></trkpt><trkpt lat="53.511873" lon="49.194119"><time>2025-05-30T03:30:29.002Z</time></trkpt><trkpt lat="53.511941" lon="49.194017"><time>2025-05-30T03:30:31.002Z</time></trkpt><trkpt lat="53.512016" lon="49.193861"><time>2025-05-30T03:30:33.002Z</time></trkpt><trkpt lat="53.512078" lon="49.193679"><time>2025-05-30T03:30:35.003Z</time></trkpt><trkpt lat="53.512119" lon="49.193527"><time>2025-05-30T03:30:37.003Z</time></trkpt><trkpt lat="53.512143" lon="49.193432"><time>2025-05-30T03:30:39.000Z</time></trkpt><trkpt lat="53.512153" lon="49.193366"><time>2025-05-30T03:30:41.000Z</time></trkpt><trkpt lat="53.512146" lon="49.193297"><time>2025-05-30T03:30:43.000Z</time></trkpt><trkpt lat="53.512125" lon="49.193208"><time>2025-05-30T03:30:45.000Z</time></trkpt><trkpt lat="53.512089" lon="49.193135"><time>2025-05-30T03:30:48.000Z</time></trkpt><trkpt lat="53.512037" lon="49.193087"><time>2025-05-30T03:30:50.000Z</time></trkpt><trkpt lat="53.511971" lon="49.193065"><time>2025-05-30T03:30:52.000Z</time></trkpt><trkpt lat="53.511896" lon="49.193042"><time>2025-05-30T03:30:54.000Z</time></trkpt><trkpt lat="53.511826" lon="49.193017"><time>2025-05-30T03:30:56.000Z</time></trkpt><trkpt lat="53.511749" lon="49.192982"><time>2025-05-30T03:30:58.000Z</time></trkpt><trkpt lat="53.511678" lon="49.192941"><time>2025-05-30T03:31:00.000Z</time></trkpt><trkpt lat="53.511605" lon="49.192897"><time>2025-05-30T03:31:02.000Z</time></trkpt><trkpt lat="53.511546" lon="49.192867"><time>2025-05-30T03:31:04.000Z</time></trkpt><trkpt lat="53.511492" lon="49.192863"><time>2025-05-30T03:31:06.000Z</time></trkpt><trkpt lat="53.511449" lon="49.192892"><time>2025-05-30T03:31:08.000Z</time></trkpt><trkpt lat="53.511412" lon="49.192931"><time>2025-05-30T03:31:10.000Z</time></trkpt><trkpt lat="53.51137" lon="49.192958"><time>2025-05-30T03:31:12.000Z</time></trkpt><trkpt lat="53.511311" lon="49.192967"><time>2025-05-30T03:31:14.000Z</time></trkpt><trkpt lat="53.511236" lon="49.192974"><time>2025-05-30T03:31:16.000Z</time></trkpt><trkpt lat="53.511143" lon="49.192976"><time>2025-05-30T03:31:18.000Z</time></trkpt><trkpt lat="53.511054" lon="49.192979"><time>2025-05-30T03:31:21.000Z</time></trkpt><trkpt lat="53.510973" lon="49.192987"><time>2025-05-30T03:31:23.000Z</time></trkpt><trkpt lat="53.510911" lon="49.193006"><time>2025-05-30T03:31:25.000Z</time></trkpt><trkpt lat="53.51085" lon="49.193014"><time>2025-05-30T03:31:27.000Z</time></trkpt><trkpt lat="53.510787" lon="49.193009"><time>2025-05-30T03:31:29.000Z</time></trkpt><trkpt lat="53.510717" lon="49.19299"><time>2025-05-30T03:31:31.000Z</time></trkpt><trkpt lat="53.510643" lon="49.192966"><time>2025-05-30T03:31:33.000Z</time></trkpt><trkpt lat="53.510569" lon="49.192936"><time>2025-05-30T03:31:35.000Z</time></trkpt><trkpt lat="53.510496" lon="49.192909"><time>2025-05-30T03:31:37.000Z</time></trkpt><trkpt lat="53.510422" lon="49.192886"><time>2025-05-30T03:31:39.000Z</time></trkpt><trkpt lat="53.510348" lon="49.192871"><time>2025-05-30T03:31:41.000Z</time></trkpt><trkpt lat="53.510279" lon="49.192863"><time>2025-05-30T03:31:43.000Z</time></trkpt><trkpt lat="53.510212" lon="49.192865"><time>2025-05-30T03:31:45.000Z</time></trkpt><trkpt lat="53.510149" lon="49.19288"><time>2025-05-30T03:31:47.000Z</time></trkpt><trkpt lat="53.510091" lon="49.192908"><time>2025-05-30T03:31:49.000Z</time></trkpt><trkpt lat="53.510038" lon="49.192937"><time>2025-05-30T03:31:51.000Z</time></trkpt><trkpt lat="53.509987" lon="49.192948"><time>2025-05-30T03:31:53.000Z</time></trkpt><trkpt lat="53.509919" lon="49.192945"><time>2025-05-30T03:31:55.000Z</time></trkpt><trkpt lat="53.509837" lon="49.192923"><time>2025-05-30T03:31:57.000Z</time></trkpt><trkpt lat="53.509735" lon="49.192888"><time>2025-05-30T03:31:59.000Z</time></trkpt><trkpt lat="53.509639" lon="49.192846"><time>2025-05-30T03:32:02.000Z</time></trkpt><trkpt lat="53.509546" lon="49.192819"><time>2025-05-30T03:32:04.000Z</time></trkpt><trkpt lat="53.50946" lon="49.192812"><time>2025-05-30T03:32:06.000Z</time></trkpt><trkpt lat="53.509371" lon="49.192801"><time>2025-05-30T03:32:08.000Z</time></trkpt><trkpt lat="53.509285" lon="49.192763"><time>2025-05-30T03:32:10.000Z</time></trkpt><trkpt lat="53.509203" lon="49.192702"><time>2025-05-30T03:32:12.000Z</time></trkpt><trkpt lat="53.509127" lon="49.192643"><time>2025-05-30T03:32:14.000Z</time></trkpt><trkpt lat="53.509052" lon="49.192604"><time>2025-05-30T03:32:16.000Z</time></trkpt><trkpt lat="53.508979" lon="49.192584"><time>2025-05-30T03:32:18.000Z</time></trkpt><trkpt lat="53.508905" lon="49.192583"><time>2025-05-30T03:32:20.000Z</time></trkpt><trkpt lat="53.508827" lon="49.192599"><time>2025-05-30T03:32:22.000Z</time></trkpt><trkpt lat="53.508745" lon="49.192619"><time>2025-05-30T03:32:24.000Z</time></trkpt><trkpt lat="53.508663" lon="49.192632"><time>2025-05-30T03:32:26.000Z</time></trkpt><trkpt lat="53.508578" lon="49.192627"><time>2025-05-30T03:32:28.000Z</time></trkpt><trkpt lat="53.508489" lon="49.19262"><time>2025-05-30T03:32:30.000Z</time></trkpt><trkpt lat="53.5084" lon="49.192614"><time>2025-05-30T03:32:32.000Z</time></trkpt><trkpt lat="53.50831" lon="49.192606"><time>2025-05-30T03:32:34.000Z</time></trkpt><trkpt lat="53.508219" lon="49.192585"><time>2025-05-30T03:32:36.000Z</time></trkpt><trkpt lat="53.508125" lon="49.192545"><time>2025-05-30T03:32:38.000Z</time></trkpt><trkpt lat="53.508035" lon="49.192498"><time>2025-05-30T03:32:40.000Z</time></trkpt><trkpt lat="53.50796" lon="49.192451"><time>2025-05-30T03:32:42.000Z</time></trkpt><trkpt lat="53.507895" lon="49.192395"><time>2025-05-30T03:32:44.000Z</time></trkpt><trkpt lat="53.507835" lon="49.192316"><time>2025-05-30T03:32:46.000Z</time></trkpt><trkpt lat="53.507772" lon="49.192218"><time>2025-05-30T03:32:48.000Z</time></trkpt><trkpt lat="53.50771" lon="49.192115"><time>2025-05-30T03:32:50.000Z</time></trkpt><trkpt lat="53.507655" lon="49.192013"><time>2025-05-30T03:32:52.000Z</time></trkpt><trkpt lat="53.507614" lon="49.191912"><time>2025-05-30T03:32:54.000Z</time></trkpt><trkpt lat="53.507579" lon="49.191807"><time>2025-05-30T03:32:56.000Z</time></trkpt><trkpt lat="53.507539" lon="49.191699"><time>2025-05-30T03:32:58.000Z</time></trkpt><trkpt lat="53.507489" lon="49.191587"><time>2025-05-30T03:33:00.000Z</time></trkpt><trkpt lat="53.507436" lon="49.191468"><time>2025-05-30T03:33:02.000Z</time></trkpt><trkpt lat="53.507384" lon="49.191345"><time>2025-05-30T03:33:04.000Z</time></trkpt><trkpt lat="53.507335" lon="49.191219"><time>2025-05-30T03:33:06.000Z</time></trkpt><trkpt lat="53.507283" lon="49.191104"><time>2025-05-30T03:33:08.000Z</time></trkpt><trkpt lat="53.507225" lon="49.191008"><time>2025-05-30T03:33:10.000Z</time></trkpt><trkpt lat="53.507162" lon="49.190924"><time>2025-05-30T03:33:12.000Z</time></trkpt><trkpt lat="53.507092" lon="49.190847"><time>2025-05-30T03:33:14.000Z</time></trkpt><trkpt lat="53.507028" lon="49.190758"><time>2025-05-30T03:33:16.000Z</time></trkpt><trkpt lat="53.506974" lon="49.190651"><time>2025-05-30T03:33:18.000Z</time></trkpt><trkpt lat="53.506938" lon="49.190516"><time>2025-05-30T03:33:20.000Z</time></trkpt><trkpt lat="53.506906" lon="49.190376"><time>2025-05-30T03:33:22.000Z</time></trkpt><trkpt lat="53.506873" lon="49.190244"><time>2025-05-30T03:33:24.000Z</time></trkpt><trkpt lat="53.506832" lon="49.190121"><time>2025-05-30T03:33:26.000Z</time></trkpt><trkpt lat="53.50678" lon="49.190002"><time>2025-05-30T03:33:28.000Z</time></trkpt><trkpt lat="53.506715" lon="49.189889"><time>2025-05-30T03:33:30.000Z</time></trkpt><trkpt lat="53.506652" lon="49.18978"><time>2025-05-30T03:33:32.000Z</time></trkpt><trkpt lat="53.506597" lon="49.189668"><time>2025-05-30T03:33:34.000Z</time></trkpt><trkpt lat="53.506558" lon="49.189545"><time>2025-05-30T03:33:36.000Z</time></trkpt><trkpt lat="53.506523" lon="49.189413"><time>2025-05-30T03:33:38.000Z</time></trkpt><trkpt lat="53.50649" lon="49.189281"><time>2025-05-30T03:33:40.000Z</time></trkpt><trkpt lat="53.50646" lon="49.189146"><time>2025-05-30T03:33:42.000Z</time></trkpt><trkpt lat="53.506432" lon="49.18901"><time>2025-05-30T03:33:44.000Z</time></trkpt><trkpt lat="53.506403" lon="49.188868"><time>2025-05-30T03:33:46.000Z</time></trkpt><trkpt lat="53.506372" lon="49.188727"><time>2025-05-30T03:33:48.000Z</time></trkpt><trkpt lat="53.506339" lon="49.188582"><time>2025-05-30T03:33:50.000Z</time></trkpt><trkpt lat="53.506304" lon="49.188433"><time>2025-05-30T03:33:52.000Z</time></trkpt><trkpt lat="53.506262" lon="49.188291"><time>2025-05-30T03:33:54.000Z</time></trkpt><trkpt lat="53.506217" lon="49.188156"><time>2025-05-30T03:33:56.000Z</time></trkpt><trkpt lat="53.506188" lon="49.188029"><time>2025-05-30T03:33:58.000Z</time></trkpt><trkpt lat="53.506183" lon="49.1879"><time>2025-05-30T03:34:00.000Z</time></trkpt><trkpt lat="53.506188" lon="49.187766"><time>2025-05-30T03:34:02.000Z</time></trkpt><trkpt lat="53.506181" lon="49.187627"><time>2025-05-30T03:34:04.000Z</time></trkpt><trkpt lat="53.506157" lon="49.187487"><time>2025-05-30T03:34:06.000Z</time></trkpt><trkpt lat="53.506124" lon="49.187352"><time>2025-05-30T03:34:08.000Z</time></trkpt><trkpt lat="53.506086" lon="49.18723"><time>2025-05-30T03:34:10.000Z</time></trkpt><trkpt lat="53.506046" lon="49.187112"><time>2025-05-30T03:34:12.000Z</time></trkpt><trkpt lat="53.506009" lon="49.186993"><time>2025-05-30T03:34:14.000Z</time></trkpt><trkpt lat="53.505983" lon="49.186871"><time>2025-05-30T03:34:16.000Z</time></trkpt><trkpt lat="53.505967" lon="49.186755"><time>2025-05-30T03:34:18.000Z</time></trkpt><trkpt lat="53.505951" lon="49.186655"><time>2025-05-30T03:34:20.000Z</time></trkpt><trkpt lat="53.505932" lon="49.186564"><time>2025-05-30T03:34:22.000Z</time></trkpt><trkpt lat="53.505914" lon="49.186471"><time>2025-05-30T03:34:24.000Z</time></trkpt><trkpt lat="53.505901" lon="49.186371"><time>2025-05-30T03:34:26.000Z</time></trkpt><trkpt lat="53.505891" lon="49.186271"><time>2025-05-30T03:34:28.000Z</time></trkpt><trkpt lat="53.505881" lon="49.186166"><time>2025-05-30T03:34:30.000Z</time></trkpt><trkpt lat="53.505864" lon="49.186058"><time>2025-05-30T03:34:32.000Z</time></trkpt><trkpt lat="53.505834" lon="49.185934"><time>2025-05-30T03:34:34.000Z</time></trkpt><trkpt lat="53.505797" lon="49.185813"><time>2025-05-30T03:34:37.000Z</time></trkpt><trkpt lat="53.50575" lon="49.18567"><time>2025-05-30T03:34:39.000Z</time></trkpt><trkpt lat="53.505706" lon="49.18553"><time>2025-05-30T03:34:41.000Z</time></trkpt><trkpt lat="53.505661" lon="49.185384"><time>2025-05-30T03:34:43.000Z</time></trkpt><trkpt lat="53.505623" lon="49.185261"><time>2025-05-30T03:34:45.000Z</time></trkpt><trkpt lat="53.505585" lon="49.185152"><time>2025-05-30T03:34:47.000Z</time></trkpt><trkpt lat="53.505546" lon="49.185047"><time>2025-05-30T03:34:49.000Z</time></trkpt><trkpt lat="53.50551" lon="49.184937"><time>2025-05-30T03:34:51.000Z</time></trkpt><trkpt lat="53.505483" lon="49.184821"><time>2025-05-30T03:34:53.000Z</time></trkpt><trkpt lat="53.505459" lon="49.184708"><time>2025-05-30T03:34:55.000Z</time></trkpt><trkpt lat="53.50543" lon="49.184595"><time>2025-05-30T03:34:57.000Z</time></trkpt><trkpt lat="53.505385" lon="49.184459"><time>2025-05-30T03:34:59.000Z</time></trkpt><trkpt lat="53.505344" lon="49.184323"><time>2025-05-30T03:35:02.000Z</time></trkpt><trkpt lat="53.505312" lon="49.184191"><time>2025-05-30T03:35:04.000Z</time></trkpt><trkpt lat="53.505295" lon="49.184085"><time>2025-05-30T03:35:06.000Z</time></trkpt><trkpt lat="53.505284" lon="49.183982"><time>2025-05-30T03:35:08.000Z</time></trkpt><trkpt lat="53.505272" lon="49.183882"><time>2025-05-30T03:35:10.000Z</time></trkpt><trkpt lat="53.505254" lon="49.183762"><time>2025-05-30T03:35:12.000Z</time></trkpt><trkpt lat="53.505224" lon="49.18363"><time>2025-05-30T03:35:14.000Z</time></trkpt><trkpt lat="53.505186" lon="49.183493"><time>2025-05-30T03:35:16.000Z</time></trkpt><trkpt lat="53.50515" lon="49.183378"><time>2025-05-30T03:35:18.000Z</time></trkpt><trkpt lat="53.505118" lon="49.183284"><time>2025-05-30T03:35:20.000Z</time></trkpt><trkpt lat="53.505089" lon="49.183211"><time>2025-05-30T03:35:22.000Z</time></trkpt><trkpt lat="53.505063" lon="49.18315"><time>2025-05-30T03:35:24.000Z</time></trkpt><trkpt lat="53.505047" lon="49.183095"><time>2025-05-30T03:35:28.000Z</time></trkpt><trkpt lat="53.505036" lon="49.18303"><time>2025-05-30T03:35:30.000Z</time></trkpt><trkpt lat="53.505028" lon="49.182955"><time>2025-05-30T03:35:32.000Z</time></trkpt><trkpt lat="53.505013" lon="49.182863"><time>2025-05-30T03:35:34.000Z</time></trkpt><trkpt lat="53.504993" lon="49.182759"><time>2025-05-30T03:35:36.000Z</time></trkpt><trkpt lat="53.50497" lon="49.182653"><time>2025-05-30T03:35:38.000Z</time></trkpt><trkpt lat="53.504946" lon="49.182559"><time>2025-05-30T03:35:40.000Z</time></trkpt><trkpt lat="53.504929" lon="49.182467"><time>2025-05-30T03:35:42.000Z</time></trkpt><trkpt lat="53.504927" lon="49.18238"><time>2025-05-30T03:35:44.000Z</time></trkpt><trkpt lat="53.504939" lon="49.182286"><time>2025-05-30T03:35:46.000Z</time></trkpt><trkpt lat="53.504955" lon="49.182197"><time>2025-05-30T03:35:48.000Z</time></trkpt><trkpt lat="53.504963" lon="49.182104"><time>2025-05-30T03:35:50.000Z</time></trkpt><trkpt lat="53.504959" lon="49.182009"><time>2025-05-30T03:35:52.000Z</time></trkpt><trkpt lat="53.504951" lon="49.181918"><time>2025-05-30T03:35:54.000Z</time></trkpt><trkpt lat="53.504943" lon="49.181843"><time>2025-05-30T03:35:56.000Z</time></trkpt><trkpt lat="53.504937" lon="49.181769"><time>2025-05-30T03:35:58.000Z</time></trkpt><trkpt lat="53.504928" lon="49.181677"><time>2025-05-30T03:36:02.000Z</time></trkpt><trkpt lat="53.50492" lon="49.181554"><time>2025-05-30T03:36:04.000Z</time></trkpt><trkpt lat="53.504913" lon="49.181417"><time>2025-05-30T03:36:06.000Z</time></trkpt><trkpt lat="53.504903" lon="49.181277"><time>2025-05-30T03:36:08.000Z</time></trkpt><trkpt lat="53.50489" lon="49.18115"><time>2025-05-30T03:36:10.000Z</time></trkpt><trkpt lat="53.504874" lon="49.181031"><time>2025-05-30T03:36:12.000Z</time></trkpt><trkpt lat="53.504861" lon="49.180926"><time>2025-05-30T03:36:14.000Z</time></trkpt><trkpt lat="53.504851" lon="49.18082"><time>2025-05-30T03:36:16.000Z</time></trkpt><trkpt lat="53.504841" lon="49.18071"><time>2025-05-30T03:36:18.000Z</time></trkpt><trkpt lat="53.504829" lon="49.180593"><time>2025-05-30T03:36:20.000Z</time></trkpt><trkpt lat="53.504806" lon="49.180476"><time>2025-05-30T03:36:22.000Z</time></trkpt><trkpt lat="53.504778" lon="49.180378"><time>2025-05-30T03:36:24.000Z</time></trkpt><trkpt lat="53.504744" lon="49.180292"><time>2025-05-30T03:36:26.000Z</time></trkpt><trkpt lat="53.504714" lon="49.180226"><time>2025-05-30T03:36:28.000Z</time></trkpt><trkpt lat="53.504697" lon="49.180158"><time>2025-05-30T03:36:30.000Z</time></trkpt><trkpt lat="53.504691" lon="49.180099"><time>2025-05-30T03:36:32.000Z</time></trkpt><trkpt lat="53.504686" lon="49.180038"><time>2025-05-30T03:36:34.000Z</time></trkpt><trkpt lat="53.504681" lon="49.179977"><time>2025-05-30T03:36:36.000Z</time></trkpt><trkpt lat="53.504678" lon="49.179918"><time>2025-05-30T03:36:38.000Z</time></trkpt><trkpt lat="53.504678" lon="49.179861"><time>2025-05-30T03:36:40.000Z</time></trkpt><trkpt lat="53.504673" lon="49.179808"><time>2025-05-30T03:36:42.000Z</time></trkpt><trkpt lat="53.504663" lon="49.179747"><time>2025-05-30T03:36:44.000Z</time></trkpt><trkpt lat="53.504649" lon="49.179675"><time>2025-05-30T03:36:46.000Z</time></trkpt><trkpt lat="53.504633" lon="49.179587"><time>2025-05-30T03:36:48.000Z</time></trkpt><trkpt lat="53.504614" lon="49.179482"><time>2025-05-30T03:36:50.000Z</time></trkpt><trkpt lat="53.50459" lon="49.179362"><time>2025-05-30T03:36:52.000Z</time></trkpt><trkpt lat="53.504565" lon="49.179234"><time>2025-05-30T03:36:54.000Z</time></trkpt><trkpt lat="53.504542" lon="49.179103"><time>2025-05-30T03:36:56.000Z</time></trkpt><trkpt lat="53.504522" lon="49.178971"><time>2025-05-30T03:36:58.000Z</time></trkpt><trkpt lat="53.504503" lon="49.178839"><time>2025-05-30T03:37:00.000Z</time></trkpt><trkpt lat="53.504482" lon="49.178713"><time>2025-05-30T03:37:02.000Z</time></trkpt><trkpt lat="53.504461" lon="49.178575"><time>2025-05-30T03:37:04.000Z</time></trkpt><trkpt lat="53.504442" lon="49.17844"><time>2025-05-30T03:37:07.000Z</time></trkpt><trkpt lat="53.504425" lon="49.1783"><time>2025-05-30T03:37:09.000Z</time></trkpt><trkpt lat="53.504403" lon="49.178121"><time>2025-05-30T03:37:11.000Z</time></trkpt><trkpt lat="53.504377" lon="49.177935"><time>2025-05-30T03:37:15.000Z</time></trkpt><trkpt lat="53.504349" lon="49.177744"><time>2025-05-30T03:37:17.000Z</time></trkpt><trkpt lat="53.504323" lon="49.177573"><time>2025-05-30T03:37:19.000Z</time></trkpt><trkpt lat="53.5043" lon="49.177409"><time>2025-05-30T03:37:22.000Z</time></trkpt><trkpt lat="53.504277" lon="49.177252"><time>2025-05-30T03:37:24.000Z</time></trkpt><trkpt lat="53.504253" lon="49.177127"><time>2025-05-30T03:37:26.000Z</time></trkpt><trkpt lat="53.504223" lon="49.176991"><time>2025-05-30T03:37:28.000Z</time></trkpt><trkpt lat="53.504196" lon="49.176858"><time>2025-05-30T03:37:31.000Z</time></trkpt><trkpt lat="53.504176" lon="49.176708"><time>2025-05-30T03:37:33.000Z</time></trkpt><trkpt lat="53.504165" lon="49.176574"><time>2025-05-30T03:37:36.000Z</time></trkpt><trkpt lat="53.504147" lon="49.176397"><time>2025-05-30T03:37:38.000Z</time></trkpt><trkpt lat="53.504125" lon="49.176225"><time>2025-05-30T03:37:42.000Z</time></trkpt><trkpt lat="53.504119" lon="49.176044"><time>2025-05-30T03:37:44.000Z</time></trkpt><trkpt lat="53.504116" lon="49.175912"><time>2025-05-30T03:37:46.000Z</time></trkpt><trkpt lat="53.504116" lon="49.175788"><time>2025-05-30T03:37:48.000Z</time></trkpt><trkpt lat="53.504093" lon="49.175656"><time>2025-05-30T03:37:50.000Z</time></trkpt><trkpt lat="53.504071" lon="49.175507"><time>2025-05-30T03:37:53.000Z</time></trkpt><trkpt lat="53.504046" lon="49.175362"><time>2025-05-30T03:37:55.000Z</time></trkpt><trkpt lat="53.50403" lon="49.175225"><time>2025-05-30T03:37:57.000Z</time></trkpt><trkpt lat="53.504019" lon="49.175092"><time>2025-05-30T03:37:59.000Z</time></trkpt><trkpt lat="53.504015" lon="49.174965"><time>2025-05-30T03:38:01.000Z</time></trkpt><trkpt lat="53.50402" lon="49.174855"><time>2025-05-30T03:38:03.000Z</time></trkpt><trkpt lat="53.504028" lon="49.17476"><time>2025-05-30T03:38:05.000Z</time></trkpt><trkpt lat="53.504033" lon="49.174675"><time>2025-05-30T03:38:07.000Z</time></trkpt><trkpt lat="53.504024" lon="49.174594"><time>2025-05-30T03:38:09.000Z</time></trkpt><trkpt lat="53.504001" lon="49.174518"><time>2025-05-30T03:38:11.000Z</time></trkpt><trkpt lat="53.503973" lon="49.174438"><time>2025-05-30T03:38:13.000Z</time></trkpt><trkpt lat="53.503931" lon="49.174314"><time>2025-05-30T03:38:15.000Z</time></trkpt><trkpt lat="53.503903" lon="49.174076"><time>2025-05-30T03:38:19.000Z</time></trkpt><trkpt lat="53.503878" lon="49.173822"><time>2025-05-30T03:38:25.000Z</time></trkpt><trkpt lat="53.50387" lon="49.173595"><time>2025-05-30T03:38:27.000Z</time></trkpt><trkpt lat="53.503859" lon="49.173463"><time>2025-05-30T03:38:29.000Z</time></trkpt><trkpt lat="53.503854" lon="49.173335"><time>2025-05-30T03:38:31.000Z</time></trkpt><trkpt lat="53.503853" lon="49.173216"><time>2025-05-30T03:38:33.000Z</time></trkpt><trkpt lat="53.503845" lon="49.173117"><time>2025-05-30T03:38:35.000Z</time></trkpt><trkpt lat="53.503826" lon="49.173025"><time>2025-05-30T03:38:37.000Z</time></trkpt><trkpt lat="53.503801" lon="49.172916"><time>2025-05-30T03:38:39.000Z</time></trkpt><trkpt lat="53.503776" lon="49.172775"><time>2025-05-30T03:38:41.000Z</time></trkpt><trkpt lat="53.503759" lon="49.172618"><time>2025-05-30T03:38:43.000Z</time></trkpt><trkpt lat="53.503748" lon="49.17246"><time>2025-05-30T03:38:45.000Z</time></trkpt><trkpt lat="53.503746" lon="49.172301"><time>2025-05-30T03:38:47.000Z</time></trkpt><trkpt lat="53.503741" lon="49.172144"><time>2025-05-30T03:38:49.000Z</time></trkpt><trkpt lat="53.503713" lon="49.171846"><time>2025-05-30T03:38:57.000Z</time></trkpt><trkpt lat="53.503677" lon="49.171556"><time>2025-05-30T03:39:04.000Z</time></trkpt><trkpt lat="53.503641" lon="49.171277"><time>2025-05-30T03:39:06.000Z</time></trkpt><trkpt lat="53.50363" lon="49.171147"><time>2025-05-30T03:39:08.000Z</time></trkpt><trkpt lat="53.503621" lon="49.171019"><time>2025-05-30T03:39:10.000Z</time></trkpt><trkpt lat="53.503614" lon="49.170887"><time>2025-05-30T03:39:12.000Z</time></trkpt><trkpt lat="53.503603" lon="49.170762"><time>2025-05-30T03:39:14.000Z</time></trkpt><trkpt lat="53.503587" lon="49.170641"><time>2025-05-30T03:39:16.000Z</time></trkpt><trkpt lat="53.503567" lon="49.170524"><time>2025-05-30T03:39:18.000Z</time></trkpt><trkpt lat="53.503543" lon="49.170403"><time>2025-05-30T03:39:20.000Z</time></trkpt><trkpt lat="53.503519" lon="49.170281"><time>2025-05-30T03:39:22.000Z</time></trkpt><trkpt lat="53.503492" lon="49.170171"><time>2025-05-30T03:39:24.000Z</time></trkpt><trkpt lat="53.503456" lon="49.170073"><time>2025-05-30T03:39:26.000Z</time></trkpt><trkpt lat="53.50341" lon="49.169986"><time>2025-05-30T03:39:28.000Z</time></trkpt><trkpt lat="53.503368" lon="49.169895"><time>2025-05-30T03:39:30.000Z</time></trkpt><trkpt lat="53.503336" lon="49.169785"><time>2025-05-30T03:39:32.000Z</time></trkpt><trkpt lat="53.503315" lon="49.169659"><time>2025-05-30T03:39:34.000Z</time></trkpt><trkpt lat="53.503296" lon="49.169518"><time>2025-05-30T03:39:36.000Z</time></trkpt><trkpt lat="53.503276" lon="49.169355"><time>2025-05-30T03:39:38.000Z</time></trkpt><trkpt lat="53.503263" lon="49.169192"><time>2025-05-30T03:39:41.000Z</time></trkpt><trkpt lat="53.503253" lon="49.169033"><time>2025-05-30T03:39:43.000Z</time></trkpt><trkpt lat="53.503243" lon="49.168901"><time>2025-05-30T03:39:45.000Z</time></trkpt><trkpt lat="53.503226" lon="49.16877"><time>2025-05-30T03:39:47.000Z</time></trkpt><trkpt lat="53.503208" lon="49.168642"><time>2025-05-30T03:39:49.000Z</time></trkpt><trkpt lat="53.503189" lon="49.168526"><time>2025-05-30T03:39:51.000Z</time></trkpt><trkpt lat="53.503173" lon="49.168417"><time>2025-05-30T03:39:53.000Z</time></trkpt><trkpt lat="53.503152" lon="49.168312"><time>2025-05-30T03:39:55.000Z</time></trkpt><trkpt lat="53.503126" lon="49.168203"><time>2025-05-30T03:39:57.000Z</time></trkpt><trkpt lat="53.503093" lon="49.168096"><time>2025-05-30T03:39:59.000Z</time></trkpt><trkpt lat="53.503057" lon="49.167989"><time>2025-05-30T03:40:01.000Z</time></trkpt><trkpt lat="53.503025" lon="49.167837"><time>2025-05-30T03:40:03.000Z</time></trkpt><trkpt lat="53.503004" lon="49.167685"><time>2025-05-30T03:40:07.000Z</time></trkpt><trkpt lat="53.50299" lon="49.167533"><time>2025-05-30T03:40:09.000Z</time></trkpt><trkpt lat="53.502976" lon="49.167424"><time>2025-05-30T03:40:11.000Z</time></trkpt><trkpt lat="53.502953" lon="49.167318"><time>2025-05-30T03:40:13.000Z</time></trkpt><trkpt lat="53.502931" lon="49.167204"><time>2025-05-30T03:40:15.000Z</time></trkpt><trkpt lat="53.502916" lon="49.167081"><time>2025-05-30T03:40:17.000Z</time></trkpt><trkpt lat="53.502904" lon="49.16696"><time>2025-05-30T03:40:19.000Z</time></trkpt><trkpt lat="53.502889" lon="49.166852"><time>2025-05-30T03:40:21.000Z</time></trkpt><trkpt lat="53.502881" lon="49.166753"><time>2025-05-30T03:40:23.000Z</time></trkpt><trkpt lat="53.502888" lon="49.166642"><time>2025-05-30T03:40:25.000Z</time></trkpt><trkpt lat="53.502899" lon="49.166522"><time>2025-05-30T03:40:27.000Z</time></trkpt><trkpt lat="53.502899" lon="49.166404"><time>2025-05-30T03:40:29.000Z</time></trkpt><trkpt lat="53.502889" lon="49.166292"><time>2025-05-30T03:40:31.000Z</time></trkpt><trkpt lat="53.50288" lon="49.166178"><time>2025-05-30T03:40:33.000Z</time></trkpt><trkpt lat="53.502876" lon="49.166066"><time>2025-05-30T03:40:35.000Z</time></trkpt><trkpt lat="53.502872" lon="49.165954"><time>2025-05-30T03:40:37.000Z</time></trkpt><trkpt lat="53.502865" lon="49.165848"><time>2025-05-30T03:40:39.000Z</time></trkpt><trkpt lat="53.502841" lon="49.165733"><time>2025-05-30T03:40:41.000Z</time></trkpt><trkpt lat="53.502813" lon="49.165621"><time>2025-05-30T03:40:43.000Z</time></trkpt><trkpt lat="53.502784" lon="49.165506"><time>2025-05-30T03:40:45.000Z</time></trkpt><trkpt lat="53.502769" lon="49.165413"><time>2025-05-30T03:40:47.000Z</time></trkpt><trkpt lat="53.50276" lon="49.165324"><time>2025-05-30T03:40:49.000Z</time></trkpt><trkpt lat="53.502749" lon="49.165236"><time>2025-05-30T03:40:51.000Z</time></trkpt><trkpt lat="53.502737" lon="49.165123"><time>2025-05-30T03:40:53.000Z</time></trkpt><trkpt lat="53.502726" lon="49.164991"><time>2025-05-30T03:40:55.000Z</time></trkpt><trkpt lat="53.502714" lon="49.164852"><time>2025-05-30T03:40:57.000Z</time></trkpt><trkpt lat="53.502702" lon="49.164708"><time>2025-05-30T03:40:59.000Z</time></trkpt><trkpt lat="53.502687" lon="49.164563"><time>2025-05-30T03:41:01.000Z</time></trkpt><trkpt lat="53.502675" lon="49.164416"><time>2025-05-30T03:41:03.000Z</time></trkpt><trkpt lat="53.50266" lon="49.164285"><time>2025-05-30T03:41:05.000Z</time></trkpt><trkpt lat="53.50264" lon="49.164177"><time>2025-05-30T03:41:07.000Z</time></trkpt><trkpt lat="53.502614" lon="49.164082"><time>2025-05-30T03:41:09.000Z</time></trkpt><trkpt lat="53.502589" lon="49.163979"><time>2025-05-30T03:41:11.000Z</time></trkpt><trkpt lat="53.502568" lon="49.163864"><time>2025-05-30T03:41:13.000Z</time></trkpt><trkpt lat="53.502551" lon="49.16374"><time>2025-05-30T03:41:15.000Z</time></trkpt><trkpt lat="53.502534" lon="49.163613"><time>2025-05-30T03:41:17.000Z</time></trkpt><trkpt lat="53.502518" lon="49.163477"><time>2025-05-30T03:41:19.000Z</time></trkpt><trkpt lat="53.502501" lon="49.163334"><time>2025-05-30T03:41:21.000Z</time></trkpt><trkpt lat="53.50249" lon="49.163191"><time>2025-05-30T03:41:23.000Z</time></trkpt><trkpt lat="53.502468" lon="49.162967"><time>2025-05-30T03:41:25.000Z</time></trkpt><trkpt lat="53.502443" lon="49.162768"><time>2025-05-30T03:41:31.000Z</time></trkpt><trkpt lat="53.502409" lon="49.162616"><time>2025-05-30T03:41:33.000Z</time></trkpt><trkpt lat="53.502375" lon="49.162613"><time>2025-05-30T03:41:35.000Z</time></trkpt><trkpt lat="53.502321" lon="49.162617"><time>2025-05-30T03:41:37.000Z</time></trkpt><trkpt lat="53.502267" lon="49.162591"><time>2025-05-30T03:41:40.000Z</time></trkpt><trkpt lat="53.502225" lon="49.162511"><time>2025-05-30T03:41:42.000Z</time></trkpt><trkpt lat="53.502218" lon="49.162408"><time>2025-05-30T03:41:44.000Z</time></trkpt><trkpt lat="53.502218" lon="49.162302"><time>2025-05-30T03:41:46.000Z</time></trkpt><trkpt lat="53.502214" lon="49.162204"><time>2025-05-30T03:41:48.000Z</time></trkpt><trkpt lat="53.502204" lon="49.162105"><time>2025-05-30T03:41:50.000Z</time></trkpt><trkpt lat="53.502197" lon="49.161998"><time>2025-05-30T03:41:52.000Z</time></trkpt><trkpt lat="53.502198" lon="49.16188"><time>2025-05-30T03:41:54.000Z</time></trkpt><trkpt lat="53.502204" lon="49.16176"><time>2025-05-30T03:41:56.000Z</time></trkpt><trkpt lat="53.502212" lon="49.161645"><time>2025-05-30T03:41:58.000Z</time></trkpt><trkpt lat="53.502215" lon="49.161537"><time>2025-05-30T03:42:00.000Z</time></trkpt><trkpt lat="53.502225" lon="49.161425"><time>2025-05-30T03:42:02.000Z</time></trkpt><trkpt lat="53.502238" lon="49.161305"><time>2025-05-30T03:42:04.000Z</time></trkpt><trkpt lat="53.502252" lon="49.161171"><time>2025-05-30T03:42:06.000Z</time></trkpt><trkpt lat="53.502255" lon="49.161048"><time>2025-05-30T03:42:08.000Z</time></trkpt><trkpt lat="53.502251" lon="49.160941"><time>2025-05-30T03:42:10.000Z</time></trkpt><trkpt lat="53.502245" lon="49.160842"><time>2025-05-30T03:42:12.000Z</time></trkpt><trkpt lat="53.502242" lon="49.160729"><time>2025-05-30T03:42:14.000Z</time></trkpt><trkpt lat="53.502243" lon="49.160595"><time>2025-05-30T03:42:16.000Z</time></trkpt><trkpt lat="53.502255" lon="49.160451"><time>2025-05-30T03:42:18.000Z</time></trkpt><trkpt lat="53.502274" lon="49.16031"><time>2025-05-30T03:42:20.000Z</time></trkpt><trkpt lat="53.502294" lon="49.160177"><time>2025-05-30T03:42:22.000Z</time></trkpt><trkpt lat="53.502307" lon="49.160054"><time>2025-05-30T03:42:24.000Z</time></trkpt><trkpt lat="53.502309" lon="49.159941"><time>2025-05-30T03:42:26.000Z</time></trkpt><trkpt lat="53.502307" lon="49.159832"><time>2025-05-30T03:42:28.000Z</time></trkpt><trkpt lat="53.5023" lon="49.159716"><time>2025-05-30T03:42:30.000Z</time></trkpt><trkpt lat="53.502291" lon="49.159595"><time>2025-05-30T03:42:32.000Z</time></trkpt><trkpt lat="53.502285" lon="49.159474"><time>2025-05-30T03:42:34.000Z</time></trkpt><trkpt lat="53.502286" lon="49.15936"><time>2025-05-30T03:42:36.000Z</time></trkpt><trkpt lat="53.502289" lon="49.159249"><time>2025-05-30T03:42:38.000Z</time></trkpt><trkpt lat="53.502283" lon="49.159138"><time>2025-05-30T03:42:40.000Z</time></trkpt><trkpt lat="53.502261" lon="49.15903"><time>2025-05-30T03:42:42.000Z</time></trkpt><trkpt lat="53.502225" lon="49.158926"><time>2025-05-30T03:42:44.000Z</time></trkpt><trkpt lat="53.502189" lon="49.158829"><time>2025-05-30T03:42:46.000Z</time></trkpt><trkpt lat="53.502159" lon="49.15872"><time>2025-05-30T03:42:48.000Z</time></trkpt><trkpt lat="53.502141" lon="49.158601"><time>2025-05-30T03:42:50.000Z</time></trkpt><trkpt lat="53.50213" lon="49.158463"><time>2025-05-30T03:42:52.000Z</time></trkpt><trkpt lat="53.502125" lon="49.158326"><time>2025-05-30T03:42:54.000Z</time></trkpt><trkpt lat="53.502119" lon="49.158187"><time>2025-05-30T03:42:56.000Z</time></trkpt><trkpt lat="53.502106" lon="49.158051"><time>2025-05-30T03:42:58.000Z</time></trkpt><trkpt lat="53.502093" lon="49.157916"><time>2025-05-30T03:43:00.000Z</time></trkpt><trkpt lat="53.502082" lon="49.157784"><time>2025-05-30T03:43:02.000Z</time></trkpt><trkpt lat="53.502075" lon="49.157654"><time>2025-05-30T03:43:04.000Z</time></trkpt><trkpt lat="53.502065" lon="49.157532"><time>2025-05-30T03:43:06.000Z</time></trkpt><trkpt lat="53.502055" lon="49.157415"><time>2025-05-30T03:43:08.000Z</time></trkpt><trkpt lat="53.502048" lon="49.157294"><time>2025-05-30T03:43:10.000Z</time></trkpt><trkpt lat="53.502044" lon="49.157161"><time>2025-05-30T03:43:12.000Z</time></trkpt><trkpt lat="53.502038" lon="49.157023"><time>2025-05-30T03:43:14.000Z</time></trkpt><trkpt lat="53.502022" lon="49.156897"><time>2025-05-30T03:43:16.000Z</time></trkpt><trkpt lat="53.501996" lon="49.156792"><time>2025-05-30T03:43:18.000Z</time></trkpt><trkpt lat="53.501962" lon="49.15671"><time>2025-05-30T03:43:20.000Z</time></trkpt><trkpt lat="53.501933" lon="49.156632"><time>2025-05-30T03:43:22.000Z</time></trkpt><trkpt lat="53.501913" lon="49.15654"><time>2025-05-30T03:43:24.000Z</time></trkpt><trkpt lat="53.501906" lon="49.156423"><time>2025-05-30T03:43:26.000Z</time></trkpt><trkpt lat="53.501904" lon="49.156297"><time>2025-05-30T03:43:28.000Z</time></trkpt><trkpt lat="53.501904" lon="49.156172"><time>2025-05-30T03:43:30.000Z</time></trkpt><trkpt lat="53.501908" lon="49.156053"><time>2025-05-30T03:43:32.000Z</time></trkpt><trkpt lat="53.501912" lon="49.155941"><time>2025-05-30T03:43:34.000Z</time></trkpt><trkpt lat="53.501902" lon="49.155741"><time>2025-05-30T03:43:36.000Z</time></trkpt><trkpt lat="53.50189" lon="49.155545"><time>2025-05-30T03:43:42.000Z</time></trkpt><trkpt lat="53.501879" lon="49.155337"><time>2025-05-30T03:43:44.000Z</time></trkpt><trkpt lat="53.501883" lon="49.155212"><time>2025-05-30T03:43:46.000Z</time></trkpt><trkpt lat="53.501886" lon="49.15508"><time>2025-05-30T03:43:48.000Z</time></trkpt><trkpt lat="53.50189" lon="49.154961"><time>2025-05-30T03:43:50.000Z</time></trkpt><trkpt lat="53.50189" lon="49.154847"><time>2025-05-30T03:43:52.000Z</time></trkpt><trkpt lat="53.501888" lon="49.154729"><time>2025-05-30T03:43:54.000Z</time></trkpt><trkpt lat="53.501895" lon="49.154605"><time>2025-05-30T03:43:56.000Z</time></trkpt><trkpt lat="53.501908" lon="49.154479"><time>2025-05-30T03:43:58.000Z</time></trkpt><trkpt lat="53.50192" lon="49.154355"><time>2025-05-30T03:44:00.000Z</time></trkpt><trkpt lat="53.501922" lon="49.154228"><time>2025-05-30T03:44:02.000Z</time></trkpt><trkpt lat="53.501925" lon="49.154095"><time>2025-05-30T03:44:04.000Z</time></trkpt><trkpt lat="53.50194" lon="49.153939"><time>2025-05-30T03:44:06.000Z</time></trkpt><trkpt lat="53.501961" lon="49.153791"><time>2025-05-30T03:44:09.000Z</time></trkpt><trkpt lat="53.501984" lon="49.153655"><time>2025-05-30T03:44:11.000Z</time></trkpt><trkpt lat="53.501995" lon="49.15355"><time>2025-05-30T03:44:13.000Z</time></trkpt><trkpt lat="53.50199" lon="49.153454"><time>2025-05-30T03:44:15.000Z</time></trkpt><trkpt lat="53.501965" lon="49.153375"><time>2025-05-30T03:44:17.000Z</time></trkpt><trkpt lat="53.501919" lon="49.153326"><time>2025-05-30T03:44:19.000Z</time></trkpt><trkpt lat="53.501859" lon="49.153302"><time>2025-05-30T03:44:21.000Z</time></trkpt><trkpt lat="53.501797" lon="49.153276"><time>2025-05-30T03:44:23.000Z</time></trkpt><trkpt lat="53.50176" lon="49.153218"><time>2025-05-30T03:44:25.000Z</time></trkpt><trkpt lat="53.501751" lon="49.153118"><time>2025-05-30T03:44:27.000Z</time></trkpt><trkpt lat="53.501762" lon="49.152983"><time>2025-05-30T03:44:29.000Z</time></trkpt><trkpt lat="53.501775" lon="49.152837"><time>2025-05-30T03:44:31.000Z</time></trkpt><trkpt lat="53.501789" lon="49.15267"><time>2025-05-30T03:44:33.000Z</time></trkpt><trkpt lat="53.501795" lon="49.152515"><time>2025-05-30T03:44:36.000Z</time></trkpt><trkpt lat="53.501787" lon="49.152368"><time>2025-05-30T03:44:38.000Z</time></trkpt><trkpt lat="53.501774" lon="49.152247"><time>2025-05-30T03:44:40.000Z</time></trkpt><trkpt lat="53.501772" lon="49.152103"><time>2025-05-30T03:44:42.000Z</time></trkpt><trkpt lat="53.501779" lon="49.151955"><time>2025-05-30T03:44:45.000Z</time></trkpt><trkpt lat="53.50179" lon="49.151807"><time>2025-05-30T03:44:47.000Z</time></trkpt><trkpt lat="53.501799" lon="49.151656"><time>2025-05-30T03:44:49.000Z</time></trkpt><trkpt lat="53.501802" lon="49.151498"><time>2025-05-30T03:44:52.000Z</time></trkpt><trkpt lat="53.501793" lon="49.151334"><time>2025-05-30T03:44:54.000Z</time></trkpt><trkpt lat="53.501776" lon="49.151194"><time>2025-05-30T03:44:56.000Z</time></trkpt><trkpt lat="53.501767" lon="49.151069"><time>2025-05-30T03:44:58.000Z</time></trkpt><trkpt lat="53.501784" lon="49.150963"><time>2025-05-30T03:45:00.000Z</time></trkpt><trkpt lat="53.501829" lon="49.150885"><time>2025-05-30T03:45:02.000Z</time></trkpt><trkpt lat="53.501891" lon="49.150826"><time>2025-05-30T03:45:04.000Z</time></trkpt><trkpt lat="53.501953" lon="49.150773"><time>2025-05-30T03:45:06.000Z</time></trkpt><trkpt lat="53.502011" lon="49.150721"><time>2025-05-30T03:45:08.000Z</time></trkpt><trkpt lat="53.502069" lon="49.150668"><time>2025-05-30T03:45:10.000Z</time></trkpt><trkpt lat="53.502121" lon="49.150607"><time>2025-05-30T03:45:12.000Z</time></trkpt><trkpt lat="53.50216" lon="49.150528"><time>2025-05-30T03:45:14.000Z</time></trkpt><trkpt lat="53.50218" lon="49.150428"><time>2025-05-30T03:45:16.000Z</time></trkpt><trkpt lat="53.502192" lon="49.150319"><time>2025-05-30T03:45:18.000Z</time></trkpt><trkpt lat="53.502206" lon="49.150215"><time>2025-05-30T03:45:20.000Z</time></trkpt><trkpt lat="53.502225" lon="49.150124"><time>2025-05-30T03:45:22.000Z</time></trkpt><trkpt lat="53.502245" lon="49.15004"><time>2025-05-30T03:45:24.000Z</time></trkpt><trkpt lat="53.502262" lon="49.149961"><time>2025-05-30T03:45:26.000Z</time></trkpt><trkpt lat="53.502278" lon="49.149873"><time>2025-05-30T03:45:28.000Z</time></trkpt><trkpt lat="53.50229" lon="49.149779"><time>2025-05-30T03:45:30.000Z</time></trkpt><trkpt lat="53.502285" lon="49.149627"><time>2025-05-30T03:45:32.000Z</time></trkpt><trkpt lat="53.502267" lon="49.149471"><time>2025-05-30T03:45:36.000Z</time></trkpt><trkpt lat="53.502248" lon="49.149316"><time>2025-05-30T03:45:38.000Z</time></trkpt><trkpt lat="53.50224" lon="49.149205"><time>2025-05-30T03:45:40.000Z</time></trkpt><trkpt lat="53.502226" lon="49.149081"><time>2025-05-30T03:45:42.000Z</time></trkpt><trkpt lat="53.502197" lon="49.14896"><time>2025-05-30T03:45:45.000Z</time></trkpt><trkpt lat="53.502156" lon="49.148844"><time>2025-05-30T03:45:47.000Z</time></trkpt><trkpt lat="53.502121" lon="49.148746"><time>2025-05-30T03:45:49.000Z</time></trkpt><trkpt lat="53.502104" lon="49.148643"><time>2025-05-30T03:45:51.000Z</time></trkpt><trkpt lat="53.502101" lon="49.148528"><time>2025-05-30T03:45:53.000Z</time></trkpt><trkpt lat="53.502102" lon="49.148404"><time>2025-05-30T03:45:55.000Z</time></trkpt><trkpt lat="53.5021" lon="49.148274"><time>2025-05-30T03:45:57.000Z</time></trkpt><trkpt lat="53.502096" lon="49.148146"><time>2025-05-30T03:45:59.000Z</time></trkpt><trkpt lat="53.502098" lon="49.148026"><time>2025-05-30T03:46:01.000Z</time></trkpt><trkpt lat="53.50211" lon="49.147911"><time>2025-05-30T03:46:03.000Z</time></trkpt><trkpt lat="53.502135" lon="49.147801"><time>2025-05-30T03:46:05.000Z</time></trkpt><trkpt lat="53.502163" lon="49.147692"><time>2025-05-30T03:46:07.000Z</time></trkpt><trkpt lat="53.502186" lon="49.147589"><time>2025-05-30T03:46:09.000Z</time></trkpt><trkpt lat="53.502204" lon="49.147488"><time>2025-05-30T03:46:11.000Z</time></trkpt><trkpt lat="53.502223" lon="49.147374"><time>2025-05-30T03:46:13.000Z</time></trkpt><trkpt lat="53.502248" lon="49.147254"><time>2025-05-30T03:46:15.000Z</time></trkpt><trkpt lat="53.50228" lon="49.147131"><time>2025-05-30T03:46:17.000Z</time></trkpt><trkpt lat="53.502312" lon="49.147018"><time>2025-05-30T03:46:19.000Z</time></trkpt><trkpt lat="53.502341" lon="49.146904"><time>2025-05-30T03:46:21.000Z</time></trkpt><trkpt lat="53.502368" lon="49.146784"><time>2025-05-30T03:46:23.000Z</time></trkpt><trkpt lat="53.502398" lon="49.146662"><time>2025-05-30T03:46:25.000Z</time></trkpt><trkpt lat="53.502433" lon="49.146555"><time>2025-05-30T03:46:27.000Z</time></trkpt><trkpt lat="53.50247" lon="49.146466"><time>2025-05-30T03:46:29.000Z</time></trkpt><trkpt lat="53.502501" lon="49.146389"><time>2025-05-30T03:46:31.000Z</time></trkpt><trkpt lat="53.502519" lon="49.146307"><time>2025-05-30T03:46:33.000Z</time></trkpt><trkpt lat="53.50252" lon="49.146215"><time>2025-05-30T03:46:35.000Z</time></trkpt><trkpt lat="53.502513" lon="49.146111"><time>2025-05-30T03:46:37.000Z</time></trkpt><trkpt lat="53.502505" lon="49.145996"><time>2025-05-30T03:46:39.000Z</time></trkpt><trkpt lat="53.502506" lon="49.145876"><time>2025-05-30T03:46:41.000Z</time></trkpt><trkpt lat="53.50252" lon="49.145762"><time>2025-05-30T03:46:43.000Z</time></trkpt><trkpt lat="53.50255" lon="49.145669"><time>2025-05-30T03:46:45.000Z</time></trkpt><trkpt lat="53.502591" lon="49.145599"><time>2025-05-30T03:46:47.000Z</time></trkpt><trkpt lat="53.502632" lon="49.145542"><time>2025-05-30T03:46:49.000Z</time></trkpt><trkpt lat="53.502663" lon="49.145479"><time>2025-05-30T03:46:51.000Z</time></trkpt><trkpt lat="53.50268" lon="49.145399"><time>2025-05-30T03:46:53.000Z</time></trkpt><trkpt lat="53.502686" lon="49.145304"><time>2025-05-30T03:46:55.000Z</time></trkpt><trkpt lat="53.50269" lon="49.145205"><time>2025-05-30T03:46:57.000Z</time></trkpt><trkpt lat="53.502691" lon="49.145107"><time>2025-05-30T03:46:59.000Z</time></trkpt><trkpt lat="53.50269" lon="49.145018"><time>2025-05-30T03:47:01.000Z</time></trkpt><trkpt lat="53.50269" lon="49.144944"><time>2025-05-30T03:47:03.000Z</time></trkpt><trkpt lat="53.502689" lon="49.144865"><time>2025-05-30T03:47:05.000Z</time></trkpt><trkpt lat="53.502689" lon="49.144776"><time>2025-05-30T03:47:07.000Z</time></trkpt><trkpt lat="53.502688" lon="49.144666"><time>2025-05-30T03:47:09.000Z</time></trkpt><trkpt lat="53.502694" lon="49.144552"><time>2025-05-30T03:47:11.000Z</time></trkpt><trkpt lat="53.502705" lon="49.144435"><time>2025-05-30T03:47:13.000Z</time></trkpt><trkpt lat="53.502717" lon="49.144314"><time>2025-05-30T03:47:15.000Z</time></trkpt><trkpt lat="53.502725" lon="49.144193"><time>2025-05-30T03:47:17.000Z</time></trkpt><trkpt lat="53.502736" lon="49.144078"><time>2025-05-30T03:47:19.000Z</time></trkpt><trkpt lat="53.502755" lon="49.143953"><time>2025-05-30T03:47:21.000Z</time></trkpt><trkpt lat="53.502779" lon="49.143823"><time>2025-05-30T03:47:24.000Z</time></trkpt><trkpt lat="53.5028" lon="49.143687"><time>2025-05-30T03:47:26.000Z</time></trkpt><trkpt lat="53.502812" lon="49.143568"><time>2025-05-30T03:47:28.000Z</time></trkpt><trkpt lat="53.502816" lon="49.143454"><time>2025-05-30T03:47:30.000Z</time></trkpt><trkpt lat="53.502819" lon="49.143343"><time>2025-05-30T03:47:32.000Z</time></trkpt><trkpt lat="53.502832" lon="49.143236"><time>2025-05-30T03:47:34.000Z</time></trkpt><trkpt lat="53.502856" lon="49.143138"><time>2025-05-30T03:47:36.000Z</time></trkpt><trkpt lat="53.502882" lon="49.143051"><time>2025-05-30T03:47:38.000Z</time></trkpt><trkpt lat="53.502902" lon="49.142964"><time>2025-05-30T03:47:40.000Z</time></trkpt><trkpt lat="53.502918" lon="49.142852"><time>2025-05-30T03:47:42.000Z</time></trkpt><trkpt lat="53.502931" lon="49.142727"><time>2025-05-30T03:47:45.000Z</time></trkpt><trkpt lat="53.502943" lon="49.142577"><time>2025-05-30T03:47:47.000Z</time></trkpt><trkpt lat="53.502946" lon="49.142449"><time>2025-05-30T03:47:50.000Z</time></trkpt><trkpt lat="53.502945" lon="49.142309"><time>2025-05-30T03:47:52.000Z</time></trkpt><trkpt lat="53.50295" lon="49.142188"><time>2025-05-30T03:47:55.000Z</time></trkpt><trkpt lat="53.502967" lon="49.142061"><time>2025-05-30T03:47:57.000Z</time></trkpt><trkpt lat="53.502998" lon="49.141946"><time>2025-05-30T03:47:59.000Z</time></trkpt><trkpt lat="53.503026" lon="49.141827"><time>2025-05-30T03:48:01.000Z</time></trkpt><trkpt lat="53.503044" lon="49.141707"><time>2025-05-30T03:48:03.000Z</time></trkpt><trkpt lat="53.503051" lon="49.14159"><time>2025-05-30T03:48:05.000Z</time></trkpt><trkpt lat="53.503053" lon="49.141486"><time>2025-05-30T03:48:07.000Z</time></trkpt><trkpt lat="53.503059" lon="49.141398"><time>2025-05-30T03:48:09.000Z</time></trkpt><trkpt lat="53.503067" lon="49.141319"><time>2025-05-30T03:48:11.000Z</time></trkpt><trkpt lat="53.503074" lon="49.141244"><time>2025-05-30T03:48:13.000Z</time></trkpt><trkpt lat="53.503072" lon="49.141167"><time>2025-05-30T03:48:15.000Z</time></trkpt><trkpt lat="53.503066" lon="49.14108"><time>2025-05-30T03:48:17.000Z</time></trkpt><trkpt lat="53.503065" lon="49.140976"><time>2025-05-30T03:48:19.000Z</time></trkpt><trkpt lat="53.503073" lon="49.140858"><time>2025-05-30T03:48:21.000Z</time></trkpt><trkpt lat="53.503081" lon="49.140741"><time>2025-05-30T03:48:23.000Z</time></trkpt><trkpt lat="53.503082" lon="49.140634"><time>2025-05-30T03:48:25.000Z</time></trkpt><trkpt lat="53.503079" lon="49.140529"><time>2025-05-30T03:48:27.000Z</time></trkpt><trkpt lat="53.503078" lon="49.140409"><time>2025-05-30T03:48:29.000Z</time></trkpt><trkpt lat="53.503073" lon="49.140273"><time>2025-05-30T03:48:31.000Z</time></trkpt><trkpt lat="53.50306" lon="49.140132"><time>2025-05-30T03:48:33.000Z</time></trkpt><trkpt lat="53.503043" lon="49.139983"><time>2025-05-30T03:48:35.000Z</time></trkpt><trkpt lat="53.50303" lon="49.13986"><time>2025-05-30T03:48:38.000Z</time></trkpt><trkpt lat="53.503036" lon="49.139768"><time>2025-05-30T03:48:40.000Z</time></trkpt><trkpt lat="53.503059" lon="49.13973"><time>2025-05-30T03:48:42.000Z</time></trkpt><trkpt lat="53.503096" lon="49.139717"><time>2025-05-30T03:48:44.000Z</time></trkpt><trkpt lat="53.50313" lon="49.139709"><time>2025-05-30T03:48:46.000Z</time></trkpt><trkpt lat="53.503148" lon="49.139685"><time>2025-05-30T03:48:48.000Z</time></trkpt><trkpt lat="53.503149" lon="49.139634"><time>2025-05-30T03:48:50.000Z</time></trkpt><trkpt lat="53.503138" lon="49.139566"><time>2025-05-30T03:48:52.000Z</time></trkpt><trkpt lat="53.503124" lon="49.139493"><time>2025-05-30T03:48:54.000Z</time></trkpt><trkpt lat="53.503111" lon="49.139416"><time>2025-05-30T03:48:56.000Z</time></trkpt><trkpt lat="53.503103" lon="49.139327"><time>2025-05-30T03:48:58.000Z</time></trkpt><trkpt lat="53.503101" lon="49.13922"><time>2025-05-30T03:49:00.000Z</time></trkpt><trkpt lat="53.503104" lon="49.139091"><time>2025-05-30T03:49:02.000Z</time></trkpt><trkpt lat="53.50311" lon="49.138969"><time>2025-05-30T03:49:04.000Z</time></trkpt><trkpt lat="53.503126" lon="49.138847"><time>2025-05-30T03:49:06.000Z</time></trkpt><trkpt lat="53.503137" lon="49.138717"><time>2025-05-30T03:49:08.000Z</time></trkpt><trkpt lat="53.503152" lon="49.138562"><time>2025-05-30T03:49:10.000Z</time></trkpt><trkpt lat="53.503156" lon="49.138402"><time>2025-05-30T03:49:12.000Z</time></trkpt><trkpt lat="53.503163" lon="49.138261"><time>2025-05-30T03:49:14.000Z</time></trkpt><trkpt lat="53.503162" lon="49.138141"><time>2025-05-30T03:49:16.000Z</time></trkpt><trkpt lat="53.503165" lon="49.138031"><time>2025-05-30T03:49:18.000Z</time></trkpt><trkpt lat="53.503169" lon="49.13792"><time>2025-05-30T03:49:20.000Z</time></trkpt><trkpt lat="53.503175" lon="49.137785"><time>2025-05-30T03:49:22.000Z</time></trkpt><trkpt lat="53.503183" lon="49.137651"><time>2025-05-30T03:49:25.000Z</time></trkpt><trkpt lat="53.503189" lon="49.137511"><time>2025-05-30T03:49:27.000Z</time></trkpt><trkpt lat="53.503196" lon="49.137386"><time>2025-05-30T03:49:29.000Z</time></trkpt><trkpt lat="53.503208" lon="49.137261"><time>2025-05-30T03:49:31.000Z</time></trkpt><trkpt lat="53.503229" lon="49.137148"><time>2025-05-30T03:49:33.000Z</time></trkpt><trkpt lat="53.503253" lon="49.137043"><time>2025-05-30T03:49:35.000Z</time></trkpt><trkpt lat="53.503267" lon="49.136937"><time>2025-05-30T03:49:37.000Z</time></trkpt><trkpt lat="53.503276" lon="49.136826"><time>2025-05-30T03:49:39.000Z</time></trkpt><trkpt lat="53.503279" lon="49.136719"><time>2025-05-30T03:49:41.000Z</time></trkpt><trkpt lat="53.503276" lon="49.136622"><time>2025-05-30T03:49:43.000Z</time></trkpt><trkpt lat="53.503268" lon="49.136529"><time>2025-05-30T03:49:45.000Z</time></trkpt><trkpt lat="53.503258" lon="49.136425"><time>2025-05-30T03:49:47.000Z</time></trkpt><trkpt lat="53.503256" lon="49.136303"><time>2025-05-30T03:49:49.000Z</time></trkpt><trkpt lat="53.503255" lon="49.136175"><time>2025-05-30T03:49:51.000Z</time></trkpt><trkpt lat="53.503256" lon="49.136048"><time>2025-05-30T03:49:53.000Z</time></trkpt><trkpt lat="53.503254" lon="49.135922"><time>2025-05-30T03:49:55.000Z</time></trkpt><trkpt lat="53.50325" lon="49.135798"><time>2025-05-30T03:49:57.000Z</time></trkpt><trkpt lat="53.50325" lon="49.135672"><time>2025-05-30T03:49:59.000Z</time></trkpt><trkpt lat="53.503258" lon="49.135545"><time>2025-05-30T03:50:01.000Z</time></trkpt><trkpt lat="53.503269" lon="49.13541"><time>2025-05-30T03:50:03.000Z</time></trkpt><trkpt lat="53.503275" lon="49.135265"><time>2025-05-30T03:50:05.000Z</time></trkpt><trkpt lat="53.503272" lon="49.135126"><time>2025-05-30T03:50:08.000Z</time></trkpt><trkpt lat="53.503263" lon="49.135"><time>2025-05-30T03:50:10.000Z</time></trkpt><trkpt lat="53.503248" lon="49.134892"><time>2025-05-30T03:50:12.000Z</time></trkpt><trkpt lat="53.503233" lon="49.134779"><time>2025-05-30T03:50:14.000Z</time></trkpt><trkpt lat="53.503219" lon="49.134655"><time>2025-05-30T03:50:16.000Z</time></trkpt><trkpt lat="53.503212" lon="49.134526"><time>2025-05-30T03:50:18.000Z</time></trkpt><trkpt lat="53.503212" lon="49.134401"><time>2025-05-30T03:50:20.000Z</time></trkpt><trkpt lat="53.503215" lon="49.134283"><time>2025-05-30T03:50:22.000Z</time></trkpt><trkpt lat="53.503215" lon="49.134174"><time>2025-05-30T03:50:24.000Z</time></trkpt><trkpt lat="53.50321" lon="49.134071"><time>2025-05-30T03:50:26.000Z</time></trkpt><trkpt lat="53.503203" lon="49.133967"><time>2025-05-30T03:50:28.000Z</time></trkpt><trkpt lat="53.503199" lon="49.133856"><time>2025-05-30T03:50:30.000Z</time></trkpt><trkpt lat="53.503196" lon="49.133727"><time>2025-05-30T03:50:32.000Z</time></trkpt><trkpt lat="53.503194" lon="49.133591"><time>2025-05-30T03:50:34.000Z</time></trkpt><trkpt lat="53.503197" lon="49.133457"><time>2025-05-30T03:50:36.000Z</time></trkpt><trkpt lat="53.503198" lon="49.133342"><time>2025-05-30T03:50:38.000Z</time></trkpt><trkpt lat="53.503196" lon="49.133238"><time>2025-05-30T03:50:40.000Z</time></trkpt><trkpt lat="53.503194" lon="49.13314"><time>2025-05-30T03:50:42.000Z</time></trkpt><trkpt lat="53.503196" lon="49.13304"><time>2025-05-30T03:50:44.000Z</time></trkpt><trkpt lat="53.503199" lon="49.132942"><time>2025-05-30T03:50:46.000Z</time></trkpt><trkpt lat="53.50319" lon="49.132819"><time>2025-05-30T03:50:48.000Z</time></trkpt><trkpt lat="53.503175" lon="49.132682"><time>2025-05-30T03:50:51.000Z</time></trkpt><trkpt lat="53.503159" lon="49.132532"><time>2025-05-30T03:50:53.000Z</time></trkpt><trkpt lat="53.503152" lon="49.1324"><time>2025-05-30T03:50:55.000Z</time></trkpt><trkpt lat="53.503147" lon="49.132278"><time>2025-05-30T03:50:57.000Z</time></trkpt><trkpt lat="53.503138" lon="49.132165"><time>2025-05-30T03:50:59.000Z</time></trkpt><trkpt lat="53.503132" lon="49.132055"><time>2025-05-30T03:51:01.000Z</time></trkpt><trkpt lat="53.503133" lon="49.131949"><time>2025-05-30T03:51:03.000Z</time></trkpt><trkpt lat="53.503139" lon="49.13184"><time>2025-05-30T03:51:05.000Z</time></trkpt><trkpt lat="53.503138" lon="49.131727"><time>2025-05-30T03:51:07.000Z</time></trkpt><trkpt lat="53.503129" lon="49.131606"><time>2025-05-30T03:51:09.000Z</time></trkpt><trkpt lat="53.50311" lon="49.131483"><time>2025-05-30T03:51:11.000Z</time></trkpt><trkpt lat="53.503089" lon="49.131369"><time>2025-05-30T03:51:13.000Z</time></trkpt><trkpt lat="53.503067" lon="49.131262"><time>2025-05-30T03:51:15.000Z</time></trkpt><trkpt lat="53.50305" lon="49.13116"><time>2025-05-30T03:51:17.000Z</time></trkpt><trkpt lat="53.503038" lon="49.131055"><time>2025-05-30T03:51:19.000Z</time></trkpt><trkpt lat="53.503032" lon="49.130943"><time>2025-05-30T03:51:21.000Z</time></trkpt><trkpt lat="53.503031" lon="49.130825"><time>2025-05-30T03:51:23.000Z</time></trkpt><trkpt lat="53.503034" lon="49.130711"><time>2025-05-30T03:51:25.000Z</time></trkpt><trkpt lat="53.503037" lon="49.1306"><time>2025-05-30T03:51:27.000Z</time></trkpt><trkpt lat="53.503041" lon="49.130491"><time>2025-05-30T03:51:29.000Z</time></trkpt><trkpt lat="53.503041" lon="49.130387"><time>2025-05-30T03:51:31.000Z</time></trkpt><trkpt lat="53.503045" lon="49.130295"><time>2025-05-30T03:51:33.000Z</time></trkpt><trkpt lat="53.503049" lon="49.130212"><time>2025-05-30T03:51:35.000Z</time></trkpt><trkpt lat="53.503048" lon="49.130126"><time>2025-05-30T03:51:37.000Z</time></trkpt><trkpt lat="53.50304" lon="49.130028"><time>2025-05-30T03:51:39.000Z</time></trkpt><trkpt lat="53.503029" lon="49.129928"><time>2025-05-30T03:51:41.000Z</time></trkpt><trkpt lat="53.503022" lon="49.129823"><time>2025-05-30T03:51:43.000Z</time></trkpt><trkpt lat="53.503017" lon="49.129711"><time>2025-05-30T03:51:45.000Z</time></trkpt><trkpt lat="53.503014" lon="49.129589"><time>2025-05-30T03:51:47.000Z</time></trkpt><trkpt lat="53.503011" lon="49.129458"><time>2025-05-30T03:51:49.000Z</time></trkpt><trkpt lat="53.503008" lon="49.129332"><time>2025-05-30T03:51:51.000Z</time></trkpt><trkpt lat="53.503006" lon="49.129209"><time>2025-05-30T03:51:53.000Z</time></trkpt><trkpt lat="53.503002" lon="49.129088"><time>2025-05-30T03:51:55.000Z</time></trkpt><trkpt lat="53.502999" lon="49.128972"><time>2025-05-30T03:51:57.000Z</time></trkpt><trkpt lat="53.502995" lon="49.128863"><time>2025-05-30T03:51:59.000Z</time></trkpt><trkpt lat="53.502992" lon="49.12876"><time>2025-05-30T03:52:01.000Z</time></trkpt><trkpt lat="53.502988" lon="49.128654"><time>2025-05-30T03:52:03.000Z</time></trkpt><trkpt lat="53.502985" lon="49.128548"><time>2025-05-30T03:52:05.000Z</time></trkpt><trkpt lat="53.502987" lon="49.128441"><time>2025-05-30T03:52:07.000Z</time></trkpt><trkpt lat="53.502995" lon="49.128335"><time>2025-05-30T03:52:09.000Z</time></trkpt><trkpt lat="53.503004" lon="49.128229"><time>2025-05-30T03:52:11.000Z</time></trkpt><trkpt lat="53.503009" lon="49.128131"><time>2025-05-30T03:52:13.000Z</time></trkpt><trkpt lat="53.503001" lon="49.128055"><time>2025-05-30T03:52:15.000Z</time></trkpt><trkpt lat="53.502982" lon="49.127989"><time>2025-05-30T03:52:17.000Z</time></trkpt><trkpt lat="53.502965" lon="49.127921"><time>2025-05-30T03:52:21.000Z</time></trkpt><trkpt lat="53.502956" lon="49.12783"><time>2025-05-30T03:52:23.000Z</time></trkpt><trkpt lat="53.502954" lon="49.127727"><time>2025-05-30T03:52:25.000Z</time></trkpt><trkpt lat="53.502949" lon="49.12761"><time>2025-05-30T03:52:27.000Z</time></trkpt><trkpt lat="53.502937" lon="49.127481"><time>2025-05-30T03:52:29.000Z</time></trkpt><trkpt lat="53.50293" lon="49.127346"><time>2025-05-30T03:52:31.000Z</time></trkpt><trkpt lat="53.502925" lon="49.127216"><time>2025-05-30T03:52:33.000Z</time></trkpt><trkpt lat="53.502925" lon="49.127102"><time>2025-05-30T03:52:35.000Z</time></trkpt><trkpt lat="53.502925" lon="49.127001"><time>2025-05-30T03:52:37.000Z</time></trkpt><trkpt lat="53.502928" lon="49.126911"><time>2025-05-30T03:52:39.000Z</time></trkpt><trkpt lat="53.502926" lon="49.126819"><time>2025-05-30T03:52:41.000Z</time></trkpt><trkpt lat="53.502915" lon="49.126718"><time>2025-05-30T03:52:43.000Z</time></trkpt><trkpt lat="53.502899" lon="49.126582"><time>2025-05-30T03:52:45.000Z</time></trkpt><trkpt lat="53.502888" lon="49.126438"><time>2025-05-30T03:52:48.000Z</time></trkpt><trkpt lat="53.502884" lon="49.126295"><time>2025-05-30T03:52:50.000Z</time></trkpt><trkpt lat="53.502878" lon="49.126177"><time>2025-05-30T03:52:52.000Z</time></trkpt><trkpt lat="53.502866" lon="49.126057"><time>2025-05-30T03:52:54.000Z</time></trkpt><trkpt lat="53.502845" lon="49.125887"><time>2025-05-30T03:52:56.000Z</time></trkpt><trkpt lat="53.502826" lon="49.125706"><time>2025-05-30T03:53:00.000Z</time></trkpt><trkpt lat="53.502813" lon="49.125527"><time>2025-05-30T03:53:02.000Z</time></trkpt><trkpt lat="53.502806" lon="49.125397"><time>2025-05-30T03:53:04.000Z</time></trkpt><trkpt lat="53.502801" lon="49.125268"><time>2025-05-30T03:53:06.000Z</time></trkpt><trkpt lat="53.502797" lon="49.125134"><time>2025-05-30T03:53:08.000Z</time></trkpt><trkpt lat="53.502797" lon="49.124994"><time>2025-05-30T03:53:10.000Z</time></trkpt><trkpt lat="53.502796" lon="49.124854"><time>2025-05-30T03:53:12.000Z</time></trkpt><trkpt lat="53.502793" lon="49.124713"><time>2025-05-30T03:53:14.000Z</time></trkpt><trkpt lat="53.502788" lon="49.124571"><time>2025-05-30T03:53:16.000Z</time></trkpt><trkpt lat="53.502782" lon="49.124432"><time>2025-05-30T03:53:18.000Z</time></trkpt><trkpt lat="53.502783" lon="49.124295"><time>2025-05-30T03:53:20.000Z</time></trkpt><trkpt lat="53.502792" lon="49.124164"><time>2025-05-30T03:53:22.000Z</time></trkpt><trkpt lat="53.502814" lon="49.124013"><time>2025-05-30T03:53:24.000Z</time></trkpt><trkpt lat="53.502828" lon="49.12387"><time>2025-05-30T03:53:27.000Z</time></trkpt><trkpt lat="53.502836" lon="49.123736"><time>2025-05-30T03:53:29.000Z</time></trkpt><trkpt lat="53.502835" lon="49.123624"><time>2025-05-30T03:53:31.000Z</time></trkpt><trkpt lat="53.502834" lon="49.123505"><time>2025-05-30T03:53:33.000Z</time></trkpt><trkpt lat="53.502832" lon="49.123379"><time>2025-05-30T03:53:35.000Z</time></trkpt><trkpt lat="53.502826" lon="49.123258"><time>2025-05-30T03:53:37.000Z</time></trkpt><trkpt lat="53.502817" lon="49.123143"><time>2025-05-30T03:53:39.000Z</time></trkpt><trkpt lat="53.502804" lon="49.123024"><time>2025-05-30T03:53:41.000Z</time></trkpt><trkpt lat="53.50279" lon="49.122898"><time>2025-05-30T03:53:43.000Z</time></trkpt><trkpt lat="53.502774" lon="49.122772"><time>2025-05-30T03:53:45.000Z</time></trkpt><trkpt lat="53.502757" lon="49.122663"><time>2025-05-30T03:53:47.000Z</time></trkpt><trkpt lat="53.502739" lon="49.122575"><time>2025-05-30T03:53:49.000Z</time></trkpt><trkpt lat="53.50272" lon="49.122503"><time>2025-05-30T03:53:51.000Z</time></trkpt><trkpt lat="53.502704" lon="49.122424"><time>2025-05-30T03:53:53.000Z</time></trkpt><trkpt lat="53.502692" lon="49.122321"><time>2025-05-30T03:53:55.000Z</time></trkpt><trkpt lat="53.502683" lon="49.122196"><time>2025-05-30T03:53:57.000Z</time></trkpt><trkpt lat="53.502677" lon="49.122058"><time>2025-05-30T03:53:59.000Z</time></trkpt><trkpt lat="53.502681" lon="49.12192"><time>2025-05-30T03:54:01.000Z</time></trkpt><trkpt lat="53.502698" lon="49.121784"><time>2025-05-30T03:54:03.000Z</time></trkpt><trkpt lat="53.502715" lon="49.121652"><time>2025-05-30T03:54:05.000Z</time></trkpt><trkpt lat="53.502724" lon="49.12152"><time>2025-05-30T03:54:07.000Z</time></trkpt><trkpt lat="53.502723" lon="49.121388"><time>2025-05-30T03:54:09.000Z</time></trkpt><trkpt lat="53.502717" lon="49.121254"><time>2025-05-30T03:54:11.000Z</time></trkpt><trkpt lat="53.502721" lon="49.121119"><time>2025-05-30T03:54:13.000Z</time></trkpt><trkpt lat="53.502743" lon="49.120988"><time>2025-05-30T03:54:15.000Z</time></trkpt><trkpt lat="53.502781" lon="49.12086"><time>2025-05-30T03:54:17.000Z</time></trkpt><trkpt lat="53.502825" lon="49.120732"><time>2025-05-30T03:54:19.000Z</time></trkpt><trkpt lat="53.502861" lon="49.120599"><time>2025-05-30T03:54:21.000Z</time></trkpt><trkpt lat="53.502931" lon="49.120391"><time>2025-05-30T03:54:23.000Z</time></trkpt><trkpt lat="53.503006" lon="49.120196"><time>2025-05-30T03:54:29.000Z</time></trkpt><trkpt lat="53.503087" lon="49.120016"><time>2025-05-30T03:54:31.000Z</time></trkpt><trkpt lat="53.503132" lon="49.119922"><time>2025-05-30T03:54:33.000Z</time></trkpt><trkpt lat="53.503167" lon="49.119825"><time>2025-05-30T03:54:35.000Z</time></trkpt><trkpt lat="53.503198" lon="49.119722"><time>2025-05-30T03:54:37.000Z</time></trkpt><trkpt lat="53.503231" lon="49.119613"><time>2025-05-30T03:54:39.000Z</time></trkpt><trkpt lat="53.503269" lon="49.119501"><time>2025-05-30T03:54:41.000Z</time></trkpt><trkpt lat="53.50331" lon="49.119389"><time>2025-05-30T03:54:43.001Z</time></trkpt><trkpt lat="53.50335" lon="49.119276"><time>2025-05-30T03:54:45.001Z</time></trkpt><trkpt lat="53.503388" lon="49.119165"><time>2025-05-30T03:54:47.001Z</time></trkpt><trkpt lat="53.503433" lon="49.119046"><time>2025-05-30T03:54:49.001Z</time></trkpt><trkpt lat="53.503485" lon="49.118935"><time>2025-05-30T03:54:52.001Z</time></trkpt><trkpt lat="53.503538" lon="49.118823"><time>2025-05-30T03:54:54.001Z</time></trkpt><trkpt lat="53.503582" lon="49.118724"><time>2025-05-30T03:54:56.001Z</time></trkpt><trkpt lat="53.503612" lon="49.118617"><time>2025-05-30T03:54:58.001Z</time></trkpt><trkpt lat="53.503647" lon="49.118508"><time>2025-05-30T03:55:00.000Z</time></trkpt><trkpt lat="53.503696" lon="49.118386"><time>2025-05-30T03:55:02.000Z</time></trkpt><trkpt lat="53.503759" lon="49.118262"><time>2025-05-30T03:55:04.001Z</time></trkpt><trkpt lat="53.503825" lon="49.118138"><time>2025-05-30T03:55:06.001Z</time></trkpt><trkpt lat="53.503883" lon="49.118029"><time>2025-05-30T03:55:08.001Z</time></trkpt><trkpt lat="53.503932" lon="49.117928"><time>2025-05-30T03:55:10.001Z</time></trkpt><trkpt lat="53.503969" lon="49.117835"><time>2025-05-30T03:55:12.001Z</time></trkpt><trkpt lat="53.503996" lon="49.117745"><time>2025-05-30T03:55:14.001Z</time></trkpt><trkpt lat="53.50402" lon="49.11766"><time>2025-05-30T03:55:16.000Z</time></trkpt><trkpt lat="53.50405" lon="49.117573"><time>2025-05-30T03:55:18.001Z</time></trkpt><trkpt lat="53.504081" lon="49.117481"><time>2025-05-30T03:55:20.001Z</time></trkpt><trkpt lat="53.504116" lon="49.117386"><time>2025-05-30T03:55:22.001Z</time></trkpt><trkpt lat="53.504154" lon="49.117295"><time>2025-05-30T03:55:24.001Z</time></trkpt><trkpt lat="53.504197" lon="49.117207"><time>2025-05-30T03:55:26.001Z</time></trkpt><trkpt lat="53.504245" lon="49.117117"><time>2025-05-30T03:55:28.001Z</time></trkpt><trkpt lat="53.50429" lon="49.117013"><time>2025-05-30T03:55:30.001Z</time></trkpt><trkpt lat="53.504327" lon="49.116905"><time>2025-05-30T03:55:32.001Z</time></trkpt><trkpt lat="53.504362" lon="49.116795"><time>2025-05-30T03:55:34.001Z</time></trkpt><trkpt lat="53.504402" lon="49.116697"><time>2025-05-30T03:55:36.001Z</time></trkpt><trkpt lat="53.504454" lon="49.116614"><time>2025-05-30T03:55:38.001Z</time></trkpt><trkpt lat="53.504513" lon="49.116557"><time>2025-05-30T03:55:40.001Z</time></trkpt><trkpt lat="53.50458" lon="49.116525"><time>2025-05-30T03:55:42.001Z</time></trkpt><trkpt lat="53.504649" lon="49.116511"><time>2025-05-30T03:55:44.001Z</time></trkpt><trkpt lat="53.504718" lon="49.116507"><time>2025-05-30T03:55:46.001Z</time></trkpt><trkpt lat="53.504787" lon="49.116505"><time>2025-05-30T03:55:48.001Z</time></trkpt><trkpt lat="53.504857" lon="49.116508"><time>2025-05-30T03:55:50.001Z</time></trkpt><trkpt lat="53.50493" lon="49.116515"><time>2025-05-30T03:55:52.001Z</time></trkpt><trkpt lat="53.505006" lon="49.116524"><time>2025-05-30T03:55:54.001Z</time></trkpt><trkpt lat="53.505081" lon="49.116531"><time>2025-05-30T03:55:56.001Z</time></trkpt><trkpt lat="53.505154" lon="49.116537"><time>2025-05-30T03:55:58.001Z</time></trkpt><trkpt lat="53.505224" lon="49.116539"><time>2025-05-30T03:56:00.000Z</time></trkpt><trkpt lat="53.505297" lon="49.116537"><time>2025-05-30T03:56:02.000Z</time></trkpt><trkpt lat="53.505372" lon="49.116536"><time>2025-05-30T03:56:04.001Z</time></trkpt><trkpt lat="53.505446" lon="49.116535"><time>2025-05-30T03:56:06.001Z</time></trkpt><trkpt lat="53.50552" lon="49.116535"><time>2025-05-30T03:56:08.001Z</time></trkpt><trkpt lat="53.505593" lon="49.116527"><time>2025-05-30T03:56:10.001Z</time></trkpt><trkpt lat="53.505662" lon="49.116516"><time>2025-05-30T03:56:12.001Z</time></trkpt><trkpt lat="53.505724" lon="49.116502"><time>2025-05-30T03:56:14.001Z</time></trkpt><trkpt lat="53.505794" lon="49.116482"><time>2025-05-30T03:56:16.000Z</time></trkpt><trkpt lat="53.505885" lon="49.116451"><time>2025-05-30T03:56:18.001Z</time></trkpt><trkpt lat="53.505984" lon="49.116416"><time>2025-05-30T03:56:21.001Z</time></trkpt><trkpt lat="53.506081" lon="49.116384"><time>2025-05-30T03:56:23.001Z</time></trkpt><trkpt lat="53.506158" lon="49.116361"><time>2025-05-30T03:56:25.001Z</time></trkpt><trkpt lat="53.506233" lon="49.116347"><time>2025-05-30T03:56:27.001Z</time></trkpt><trkpt lat="53.506308" lon="49.116343"><time>2025-05-30T03:56:29.001Z</time></trkpt><trkpt lat="53.506385" lon="49.116346"><time>2025-05-30T03:56:31.001Z</time></trkpt><trkpt lat="53.50646" lon="49.116345"><time>2025-05-30T03:56:33.001Z</time></trkpt><trkpt lat="53.506531" lon="49.116336"><time>2025-05-30T03:56:35.001Z</time></trkpt><trkpt lat="53.506595" lon="49.116314"><time>2025-05-30T03:56:37.001Z</time></trkpt><trkpt lat="53.506659" lon="49.116291"><time>2025-05-30T03:56:39.001Z</time></trkpt><trkpt lat="53.506726" lon="49.116273"><time>2025-05-30T03:56:41.001Z</time></trkpt><trkpt lat="53.506798" lon="49.116268"><time>2025-05-30T03:56:43.001Z</time></trkpt><trkpt lat="53.506869" lon="49.116267"><time>2025-05-30T03:56:45.001Z</time></trkpt><trkpt lat="53.506938" lon="49.116266"><time>2025-05-30T03:56:47.001Z</time></trkpt><trkpt lat="53.507005" lon="49.116262"><time>2025-05-30T03:56:49.001Z</time></trkpt><trkpt lat="53.507089" lon="49.116264"><time>2025-05-30T03:56:51.001Z</time></trkpt><trkpt lat="53.507176" lon="49.116272"><time>2025-05-30T03:56:54.001Z</time></trkpt><trkpt lat="53.507265" lon="49.116284"><time>2025-05-30T03:56:56.001Z</time></trkpt><trkpt lat="53.507341" lon="49.116294"><time>2025-05-30T03:56:58.001Z</time></trkpt><trkpt lat="53.507414" lon="49.116302"><time>2025-05-30T03:57:00.000Z</time></trkpt><trkpt lat="53.507487" lon="49.116307"><time>2025-05-30T03:57:02.000Z</time></trkpt><trkpt lat="53.507559" lon="49.116308"><time>2025-05-30T03:57:04.001Z</time></trkpt><trkpt lat="53.507632" lon="49.11631"><time>2025-05-30T03:57:06.001Z</time></trkpt><trkpt lat="53.507704" lon="49.116319"><time>2025-05-30T03:57:08.001Z</time></trkpt><trkpt lat="53.507772" lon="49.116334"><time>2025-05-30T03:57:10.001Z</time></trkpt><trkpt lat="53.507837" lon="49.116349"><time>2025-05-30T03:57:12.001Z</time></trkpt><trkpt lat="53.507901" lon="49.116366"><time>2025-05-30T03:57:14.001Z</time></trkpt><trkpt lat="53.507977" lon="49.116388"><time>2025-05-30T03:57:16.000Z</time></trkpt><trkpt lat="53.508066" lon="49.116402"><time>2025-05-30T03:57:19.001Z</time></trkpt><trkpt lat="53.508158" lon="49.116412"><time>2025-05-30T03:57:21.001Z</time></trkpt><trkpt lat="53.508245" lon="49.116413"><time>2025-05-30T03:57:23.001Z</time></trkpt><trkpt lat="53.508323" lon="49.116417"><time>2025-05-30T03:57:25.001Z</time></trkpt><trkpt lat="53.508413" lon="49.116425"><time>2025-05-30T03:57:27.001Z</time></trkpt><trkpt lat="53.508501" lon="49.116435"><time>2025-05-30T03:57:30.001Z</time></trkpt><trkpt lat="53.508591" lon="49.116448"><time>2025-05-30T03:57:32.001Z</time></trkpt><trkpt lat="53.508668" lon="49.116459"><time>2025-05-30T03:57:34.001Z</time></trkpt><trkpt lat="53.508746" lon="49.116463"><time>2025-05-30T03:57:36.001Z</time></trkpt><trkpt lat="53.508822" lon="49.116459"><time>2025-05-30T03:57:38.001Z</time></trkpt><trkpt lat="53.508898" lon="49.116449"><time>2025-05-30T03:57:40.001Z</time></trkpt><trkpt lat="53.508973" lon="49.116441"><time>2025-05-30T03:57:42.001Z</time></trkpt><trkpt lat="53.509046" lon="49.116439"><time>2025-05-30T03:57:44.001Z</time></trkpt><trkpt lat="53.509114" lon="49.116439"><time>2025-05-30T03:57:46.001Z</time></trkpt><trkpt lat="53.509188" lon="49.116443"><time>2025-05-30T03:57:48.001Z</time></trkpt><trkpt lat="53.509277" lon="49.116454"><time>2025-05-30T03:57:50.001Z</time></trkpt><trkpt lat="53.509369" lon="49.116471"><time>2025-05-30T03:57:53.001Z</time></trkpt><trkpt lat="53.50946" lon="49.116489"><time>2025-05-30T03:57:55.001Z</time></trkpt><trkpt lat="53.509541" lon="49.116506"><time>2025-05-30T03:57:57.001Z</time></trkpt><trkpt lat="53.509624" lon="49.116522"><time>2025-05-30T03:57:59.001Z</time></trkpt><trkpt lat="53.509706" lon="49.116533"><time>2025-05-30T03:58:01.001Z</time></trkpt><trkpt lat="53.509787" lon="49.116537"><time>2025-05-30T03:58:03.001Z</time></trkpt><trkpt lat="53.509867" lon="49.116542"><time>2025-05-30T03:58:05.001Z</time></trkpt><trkpt lat="53.509946" lon="49.116551"><time>2025-05-30T03:58:07.001Z</time></trkpt><trkpt lat="53.510025" lon="49.116564"><time>2025-05-30T03:58:09.001Z</time></trkpt><trkpt lat="53.510105" lon="49.116576"><time>2025-05-30T03:58:11.001Z</time></trkpt><trkpt lat="53.510186" lon="49.116583"><time>2025-05-30T03:58:13.001Z</time></trkpt><trkpt lat="53.510269" lon="49.116583"><time>2025-05-30T03:58:15.001Z</time></trkpt><trkpt lat="53.510354" lon="49.116573"><time>2025-05-30T03:58:17.001Z</time></trkpt><trkpt lat="53.510465" lon="49.116536"><time>2025-05-30T03:58:19.001Z</time></trkpt><trkpt lat="53.510577" lon="49.116492"><time>2025-05-30T03:58:23.001Z</time></trkpt><trkpt lat="53.510692" lon="49.116447"><time>2025-05-30T03:58:25.001Z</time></trkpt><trkpt lat="53.510778" lon="49.116418"><time>2025-05-30T03:58:27.001Z</time></trkpt><trkpt lat="53.510854" lon="49.116376"><time>2025-05-30T03:58:29.001Z</time></trkpt><trkpt lat="53.510912" lon="49.116301"><time>2025-05-30T03:58:31.001Z</time></trkpt><trkpt lat="53.510946" lon="49.116186"><time>2025-05-30T03:58:33.001Z</time></trkpt><trkpt lat="53.51096" lon="49.116046"><time>2025-05-30T03:58:35.001Z</time></trkpt><trkpt lat="53.510963" lon="49.115904"><time>2025-05-30T03:58:37.001Z</time></trkpt><trkpt lat="53.510963" lon="49.115773"><time>2025-05-30T03:58:39.001Z</time></trkpt><trkpt lat="53.510965" lon="49.115653"><time>2025-05-30T03:58:41.001Z</time></trkpt><trkpt lat="53.510966" lon="49.115532"><time>2025-05-30T03:58:43.001Z</time></trkpt><trkpt lat="53.510968" lon="49.1154"><time>2025-05-30T03:58:45.001Z</time></trkpt><trkpt lat="53.510971" lon="49.115261"><time>2025-05-30T03:58:47.001Z</time></trkpt><trkpt lat="53.510975" lon="49.115122"><time>2025-05-30T03:58:49.001Z</time></trkpt><trkpt lat="53.510979" lon="49.11499"><time>2025-05-30T03:58:51.001Z</time></trkpt><trkpt lat="53.510987" lon="49.114863"><time>2025-05-30T03:58:53.001Z</time></trkpt><trkpt lat="53.510997" lon="49.114739"><time>2025-05-30T03:58:55.001Z</time></trkpt><trkpt lat="53.511005" lon="49.114619"><time>2025-05-30T03:58:57.001Z</time></trkpt><trkpt lat="53.511009" lon="49.1145"><time>2025-05-30T03:58:59.001Z</time></trkpt><trkpt lat="53.511009" lon="49.114381"><time>2025-05-30T03:59:01.001Z</time></trkpt><trkpt lat="53.511009" lon="49.114259"><time>2025-05-30T03:59:03.001Z</time></trkpt><trkpt lat="53.511011" lon="49.11413"><time>2025-05-30T03:59:05.001Z</time></trkpt><trkpt lat="53.511017" lon="49.113993"><time>2025-05-30T03:59:07.001Z</time></trkpt><trkpt lat="53.511025" lon="49.113852"><time>2025-05-30T03:59:09.001Z</time></trkpt><trkpt lat="53.511032" lon="49.113712"><time>2025-05-30T03:59:11.001Z</time></trkpt><trkpt lat="53.511038" lon="49.113574"><time>2025-05-30T03:59:13.001Z</time></trkpt><trkpt lat="53.511042" lon="49.113435"><time>2025-05-30T03:59:15.001Z</time></trkpt><trkpt lat="53.511045" lon="49.113292"><time>2025-05-30T03:59:17.001Z</time></trkpt><trkpt lat="53.511049" lon="49.113153"><time>2025-05-30T03:59:19.001Z</time></trkpt><trkpt lat="53.511056" lon="49.113021"><time>2025-05-30T03:59:21.001Z</time></trkpt><trkpt lat="53.511064" lon="49.112895"><time>2025-05-30T03:59:23.001Z</time></trkpt><trkpt lat="53.511068" lon="49.112769"><time>2025-05-30T03:59:25.001Z</time></trkpt><trkpt lat="53.511065" lon="49.112642"><time>2025-05-30T03:59:27.001Z</time></trkpt><trkpt lat="53.511046" lon="49.112522"><time>2025-05-30T03:59:29.001Z</time></trkpt><trkpt lat="53.511011" lon="49.112405"><time>2025-05-30T03:59:31.001Z</time></trkpt><trkpt lat="53.510964" lon="49.112287"><time>2025-05-30T03:59:33.001Z</time></trkpt><trkpt lat="53.510914" lon="49.112166"><time>2025-05-30T03:59:35.001Z</time></trkpt><trkpt lat="53.51086" lon="49.112045"><time>2025-05-30T03:59:37.001Z</time></trkpt><trkpt lat="53.510805" lon="49.111923"><time>2025-05-30T03:59:39.001Z</time></trkpt><trkpt lat="53.510753" lon="49.111795"><time>2025-05-30T03:59:41.001Z</time></trkpt><trkpt lat="53.510705" lon="49.111668"><time>2025-05-30T03:59:43.001Z</time></trkpt><trkpt lat="53.510664" lon="49.111546"><time>2025-05-30T03:59:45.001Z</time></trkpt><trkpt lat="53.510627" lon="49.111426"><time>2025-05-30T03:59:47.001Z</time></trkpt><trkpt lat="53.51059" lon="49.111302"><time>2025-05-30T03:59:49.001Z</time></trkpt><trkpt lat="53.510545" lon="49.111174"><time>2025-05-30T03:59:51.001Z</time></trkpt><trkpt lat="53.510499" lon="49.111047"><time>2025-05-30T03:59:53.001Z</time></trkpt><trkpt lat="53.510452" lon="49.110923"><time>2025-05-30T03:59:55.001Z</time></trkpt><trkpt lat="53.510408" lon="49.110806"><time>2025-05-30T03:59:57.001Z</time></trkpt><trkpt lat="53.510366" lon="49.110686"><time>2025-05-30T03:59:59.001Z</time></trkpt><trkpt lat="53.510326" lon="49.110562"><time>2025-05-30T04:00:01.001Z</time></trkpt><trkpt lat="53.510284" lon="49.110432"><time>2025-05-30T04:00:03.001Z</time></trkpt><trkpt lat="53.510237" lon="49.110308"><time>2025-05-30T04:00:05.001Z</time></trkpt><trkpt lat="53.510189" lon="49.110187"><time>2025-05-30T04:00:07.001Z</time></trkpt><trkpt lat="53.510143" lon="49.110063"><time>2025-05-30T04:00:09.001Z</time></trkpt><trkpt lat="53.510097" lon="49.109932"><time>2025-05-30T04:00:11.001Z</time></trkpt><trkpt lat="53.51005" lon="49.109796"><time>2025-05-30T04:00:13.001Z</time></trkpt><trkpt lat="53.51" lon="49.109663"><time>2025-05-30T04:00:15.001Z</time></trkpt><trkpt lat="53.509948" lon="49.109535"><time>2025-05-30T04:00:17.001Z</time></trkpt><trkpt lat="53.509897" lon="49.109413"><time>2025-05-30T04:00:19.001Z</time></trkpt><trkpt lat="53.509846" lon="49.109294"><time>2025-05-30T04:00:21.001Z</time></trkpt><trkpt lat="53.509799" lon="49.109172"><time>2025-05-30T04:00:23.001Z</time></trkpt><trkpt lat="53.509755" lon="49.109044"><time>2025-05-30T04:00:25.001Z</time></trkpt><trkpt lat="53.509713" lon="49.108909"><time>2025-05-30T04:00:27.001Z</time></trkpt><trkpt lat="53.509668" lon="49.108768"><time>2025-05-30T04:00:29.001Z</time></trkpt><trkpt lat="53.509622" lon="49.108616"><time>2025-05-30T04:00:31.001Z</time></trkpt><trkpt lat="53.509578" lon="49.108455"><time>2025-05-30T04:00:33.001Z</time></trkpt><trkpt lat="53.50955" lon="49.10829"><time>2025-05-30T04:00:35.001Z</time></trkpt><trkpt lat="53.509555" lon="49.108138"><time>2025-05-30T04:00:37.001Z</time></trkpt><trkpt lat="53.509596" lon="49.108006"><time>2025-05-30T04:00:39.001Z</time></trkpt><trkpt lat="53.509655" lon="49.107871"><time>2025-05-30T04:00:41.001Z</time></trkpt><trkpt lat="53.509698" lon="49.107734"><time>2025-05-30T04:00:44.001Z</time></trkpt><trkpt lat="53.50972" lon="49.107583"><time>2025-05-30T04:00:46.001Z</time></trkpt><trkpt lat="53.509725" lon="49.10744"><time>2025-05-30T04:00:48.001Z</time></trkpt><trkpt lat="53.509729" lon="49.107292"><time>2025-05-30T04:00:50.001Z</time></trkpt><trkpt lat="53.509732" lon="49.107142"><time>2025-05-30T04:00:52.001Z</time></trkpt><trkpt lat="53.509738" lon="49.106989"><time>2025-05-30T04:00:54.001Z</time></trkpt><trkpt lat="53.509746" lon="49.106831"><time>2025-05-30T04:00:56.001Z</time></trkpt><trkpt lat="53.509755" lon="49.10667"><time>2025-05-30T04:00:58.001Z</time></trkpt><trkpt lat="53.509767" lon="49.106476"><time>2025-05-30T04:01:00.000Z</time></trkpt><trkpt lat="53.50978" lon="49.10628"><time>2025-05-30T04:01:03.001Z</time></trkpt><trkpt lat="53.509796" lon="49.106083"><time>2025-05-30T04:01:05.001Z</time></trkpt><trkpt lat="53.509813" lon="49.105914"><time>2025-05-30T04:01:07.001Z</time></trkpt><trkpt lat="53.509832" lon="49.105753"><time>2025-05-30T04:01:09.001Z</time></trkpt><trkpt lat="53.50985" lon="49.105593"><time>2025-05-30T04:01:11.001Z</time></trkpt><trkpt lat="53.509868" lon="49.105434"><time>2025-05-30T04:01:13.001Z</time></trkpt><trkpt lat="53.50989" lon="49.105271"><time>2025-05-30T04:01:15.001Z</time></trkpt><trkpt lat="53.509912" lon="49.105109"><time>2025-05-30T04:01:17.001Z</time></trkpt><trkpt lat="53.509927" lon="49.104952"><time>2025-05-30T04:01:19.001Z</time></trkpt><trkpt lat="53.509932" lon="49.104797"><time>2025-05-30T04:01:21.001Z</time></trkpt><trkpt lat="53.509938" lon="49.104639"><time>2025-05-30T04:01:23.001Z</time></trkpt><trkpt lat="53.509953" lon="49.10448"><time>2025-05-30T04:01:25.001Z</time></trkpt><trkpt lat="53.50997" lon="49.104313"><time>2025-05-30T04:01:27.001Z</time></trkpt><trkpt lat="53.509982" lon="49.104147"><time>2025-05-30T04:01:29.001Z</time></trkpt><trkpt lat="53.50999" lon="49.103979"><time>2025-05-30T04:01:31.001Z</time></trkpt><trkpt lat="53.510001" lon="49.103816"><time>2025-05-30T04:01:33.001Z</time></trkpt><trkpt lat="53.510014" lon="49.103663"><time>2025-05-30T04:01:35.001Z</time></trkpt><trkpt lat="53.510023" lon="49.103517"><time>2025-05-30T04:01:37.001Z</time></trkpt><trkpt lat="53.510031" lon="49.103345"><time>2025-05-30T04:01:39.001Z</time></trkpt><trkpt lat="53.510039" lon="49.103167"><time>2025-05-30T04:01:42.001Z</time></trkpt><trkpt lat="53.51005" lon="49.102985"><time>2025-05-30T04:01:44.001Z</time></trkpt><trkpt lat="53.510063" lon="49.10283"><time>2025-05-30T04:01:46.001Z</time></trkpt><trkpt lat="53.510079" lon="49.102688"><time>2025-05-30T04:01:48.001Z</time></trkpt><trkpt lat="53.510104" lon="49.102447"><time>2025-05-30T04:01:50.001Z</time></trkpt><trkpt lat="53.510129" lon="49.102201"><time>2025-05-30T04:01:56.001Z</time></trkpt><trkpt lat="53.510156" lon="49.101937"><time>2025-05-30T04:01:58.001Z</time></trkpt><trkpt lat="53.510178" lon="49.101772"><time>2025-05-30T04:02:00.000Z</time></trkpt><trkpt lat="53.510194" lon="49.101611"><time>2025-05-30T04:02:02.000Z</time></trkpt><trkpt lat="53.510207" lon="49.101457"><time>2025-05-30T04:02:04.001Z</time></trkpt><trkpt lat="53.510218" lon="49.101304"><time>2025-05-30T04:02:06.001Z</time></trkpt><trkpt lat="53.510228" lon="49.10115"><time>2025-05-30T04:02:08.001Z</time></trkpt><trkpt lat="53.510233" lon="49.101"><time>2025-05-30T04:02:10.001Z</time></trkpt><trkpt lat="53.510244" lon="49.100822"><time>2025-05-30T04:02:12.001Z</time></trkpt><trkpt lat="53.510259" lon="49.100644"><time>2025-05-30T04:02:15.001Z</time></trkpt><trkpt lat="53.510275" lon="49.100468"><time>2025-05-30T04:02:17.001Z</time></trkpt><trkpt lat="53.510284" lon="49.10032"><time>2025-05-30T04:02:19.001Z</time></trkpt><trkpt lat="53.510293" lon="49.10017"><time>2025-05-30T04:02:21.001Z</time></trkpt><trkpt lat="53.510306" lon="49.100014"><time>2025-05-30T04:02:23.001Z</time></trkpt><trkpt lat="53.510321" lon="49.099852"><time>2025-05-30T04:02:25.001Z</time></trkpt><trkpt lat="53.510336" lon="49.099687"><time>2025-05-30T04:02:27.001Z</time></trkpt><trkpt lat="53.510348" lon="49.099521"><time>2025-05-30T04:02:29.001Z</time></trkpt><trkpt lat="53.510358" lon="49.099357"><time>2025-05-30T04:02:31.001Z</time></trkpt><trkpt lat="53.510367" lon="49.099195"><time>2025-05-30T04:02:33.001Z</time></trkpt><trkpt lat="53.51038" lon="49.099031"><time>2025-05-30T04:02:35.001Z</time></trkpt><trkpt lat="53.510396" lon="49.098866"><time>2025-05-30T04:02:37.001Z</time></trkpt><trkpt lat="53.510409" lon="49.098706"><time>2025-05-30T04:02:39.001Z</time></trkpt><trkpt lat="53.510422" lon="49.098559"><time>2025-05-30T04:02:41.001Z</time></trkpt><trkpt lat="53.510436" lon="49.098426"><time>2025-05-30T04:02:43.001Z</time></trkpt><trkpt lat="53.510453" lon="49.098295"><time>2025-05-30T04:02:45.001Z</time></trkpt><trkpt lat="53.510465" lon="49.098158"><time>2025-05-30T04:02:47.001Z</time></trkpt><trkpt lat="53.510474" lon="49.098014"><time>2025-05-30T04:02:49.001Z</time></trkpt><trkpt lat="53.510483" lon="49.097868"><time>2025-05-30T04:02:51.001Z</time></trkpt><trkpt lat="53.5105" lon="49.097723"><time>2025-05-30T04:02:53.001Z</time></trkpt><trkpt lat="53.510522" lon="49.097577"><time>2025-05-30T04:02:55.001Z</time></trkpt><trkpt lat="53.510543" lon="49.097428"><time>2025-05-30T04:02:57.001Z</time></trkpt><trkpt lat="53.510559" lon="49.097276"><time>2025-05-30T04:02:59.001Z</time></trkpt><trkpt lat="53.510574" lon="49.097127"><time>2025-05-30T04:03:01.001Z</time></trkpt><trkpt lat="53.510591" lon="49.096984"><time>2025-05-30T04:03:03.001Z</time></trkpt><trkpt lat="53.510613" lon="49.096799"><time>2025-05-30T04:03:05.001Z</time></trkpt><trkpt lat="53.510634" lon="49.09661"><time>2025-05-30T04:03:09.001Z</time></trkpt><trkpt lat="53.510648" lon="49.096417"><time>2025-05-30T04:03:11.001Z</time></trkpt><trkpt lat="53.51065" lon="49.096273"><time>2025-05-30T04:03:13.001Z</time></trkpt><trkpt lat="53.51065" lon="49.096134"><time>2025-05-30T04:03:15.001Z</time></trkpt><trkpt lat="53.510653" lon="49.095998"><time>2025-05-30T04:03:17.001Z</time></trkpt><trkpt lat="53.510664" lon="49.095865"><time>2025-05-30T04:03:19.001Z</time></trkpt><trkpt lat="53.510686" lon="49.095742"><time>2025-05-30T04:03:21.001Z</time></trkpt><trkpt lat="53.510723" lon="49.095639"><time>2025-05-30T04:03:23.001Z</time></trkpt><trkpt lat="53.510776" lon="49.095563"><time>2025-05-30T04:03:25.001Z</time></trkpt><trkpt lat="53.510839" lon="49.095515"><time>2025-05-30T04:03:27.001Z</time></trkpt><trkpt lat="53.510908" lon="49.095498"><time>2025-05-30T04:03:29.001Z</time></trkpt><trkpt lat="53.511032" lon="49.095575"><time>2025-05-30T04:03:31.001Z</time></trkpt><trkpt lat="53.511155" lon="49.095664"><time>2025-05-30T04:03:38.001Z</time></trkpt><trkpt lat="53.511269" lon="49.095736"><time>2025-05-30T04:03:40.001Z</time></trkpt><trkpt lat="53.51131" lon="49.095713"><time>2025-05-30T04:03:42.001Z</time></trkpt><trkpt lat="53.511326" lon="49.095598"><time>2025-05-30T04:04:34.001Z</time></trkpt><trkpt lat="53.511312" lon="49.095555"><time>2025-05-30T04:04:39.001Z</time></trkpt><trkpt lat="53.5113" lon="49.095506"><time>2025-05-30T04:04:41.001Z</time></trkpt><trkpt lat="53.511283" lon="49.095446"><time>2025-05-30T04:04:43.001Z</time></trkpt><trkpt lat="53.511258" lon="49.095377"><time>2025-05-30T04:04:45.001Z</time></trkpt><trkpt lat="53.511229" lon="49.095296"><time>2025-05-30T04:04:47.001Z</time></trkpt><trkpt lat="53.511204" lon="49.095218"><time>2025-05-30T04:04:49.001Z</time></trkpt><trkpt lat="53.511182" lon="49.09515"><time>2025-05-30T04:04:51.001Z</time></trkpt><trkpt lat="53.51116" lon="49.095094"><time>2025-05-30T04:04:53.001Z</time></trkpt><trkpt lat="53.511136" lon="49.095041"><time>2025-05-30T04:04:55.001Z</time></trkpt><trkpt lat="53.511111" lon="49.094983"><time>2025-05-30T04:04:57.001Z</time></trkpt><trkpt lat="53.511089" lon="49.094916"><time>2025-05-30T04:04:59.001Z</time></trkpt><trkpt lat="53.511075" lon="49.09484"><time>2025-05-30T04:05:01.001Z</time></trkpt><trkpt lat="53.511078" lon="49.094757"><time>2025-05-30T04:05:03.001Z</time></trkpt><trkpt lat="53.511094" lon="49.094679"><time>2025-05-30T04:05:05.001Z</time></trkpt><trkpt lat="53.511118" lon="49.094609"><time>2025-05-30T04:05:07.001Z</time></trkpt><trkpt lat="53.511146" lon="49.094549"><time>2025-05-30T04:05:09.001Z</time></trkpt><trkpt lat="53.51117" lon="49.094491"><time>2025-05-30T04:05:11.001Z</time></trkpt><trkpt lat="53.511189" lon="49.09443"><time>2025-05-30T04:05:13.001Z</time></trkpt><trkpt lat="53.5112" lon="49.094359"><time>2025-05-30T04:05:15.001Z</time></trkpt><trkpt lat="53.511207" lon="49.094282"><time>2025-05-30T04:05:17.001Z</time></trkpt><trkpt lat="53.511208" lon="49.0942"><time>2025-05-30T04:05:19.001Z</time></trkpt><trkpt lat="53.511206" lon="49.094113"><time>2025-05-30T04:05:21.001Z</time></trkpt><trkpt lat="53.511202" lon="49.094005"><time>2025-05-30T04:05:23.001Z</time></trkpt><trkpt lat="53.511195" lon="49.093892"><time>2025-05-30T04:05:26.001Z</time></trkpt><trkpt lat="53.511178" lon="49.09378"><time>2025-05-30T04:05:28.001Z</time></trkpt><trkpt lat="53.51115" lon="49.09369"><time>2025-05-30T04:05:30.001Z</time></trkpt><trkpt lat="53.511112" lon="49.09361"><time>2025-05-30T04:05:32.001Z</time></trkpt><trkpt lat="53.511073" lon="49.093542"><time>2025-05-30T04:05:34.001Z</time></trkpt><trkpt lat="53.511039" lon="49.093472"><time>2025-05-30T04:05:36.001Z</time></trkpt><trkpt lat="53.511013" lon="49.093388"><time>2025-05-30T04:05:38.001Z</time></trkpt><trkpt lat="53.510987" lon="49.093293"><time>2025-05-30T04:05:40.001Z</time></trkpt><trkpt lat="53.510954" lon="49.093204"><time>2025-05-30T04:05:42.001Z</time></trkpt><trkpt lat="53.51091" lon="49.093129"><time>2025-05-30T04:05:44.001Z</time></trkpt><trkpt lat="53.510861" lon="49.093058"><time>2025-05-30T04:05:46.001Z</time></trkpt><trkpt lat="53.510817" lon="49.09298"><time>2025-05-30T04:05:48.001Z</time></trkpt><trkpt lat="53.510783" lon="49.092892"><time>2025-05-30T04:05:50.001Z</time></trkpt><trkpt lat="53.510761" lon="49.092799"><time>2025-05-30T04:05:52.001Z</time></trkpt><trkpt lat="53.510748" lon="49.092702"><time>2025-05-30T04:05:54.001Z</time></trkpt><trkpt lat="53.510739" lon="49.092598"><time>2025-05-30T04:05:56.001Z</time></trkpt><trkpt lat="53.510722" lon="49.092496"><time>2025-05-30T04:05:58.001Z</time></trkpt><trkpt lat="53.51069" lon="49.092395"><time>2025-05-30T04:06:00.000Z</time></trkpt><trkpt lat="53.510644" lon="49.092299"><time>2025-05-30T04:06:02.000Z</time></trkpt><trkpt lat="53.510599" lon="49.092213"><time>2025-05-30T04:06:04.001Z</time></trkpt><trkpt lat="53.510552" lon="49.092127"><time>2025-05-30T04:06:06.001Z</time></trkpt><trkpt lat="53.510506" lon="49.092041"><time>2025-05-30T04:06:08.001Z</time></trkpt><trkpt lat="53.510455" lon="49.091944"><time>2025-05-30T04:06:10.001Z</time></trkpt><trkpt lat="53.510405" lon="49.091843"><time>2025-05-30T04:06:12.001Z</time></trkpt><trkpt lat="53.510358" lon="49.091738"><time>2025-05-30T04:06:14.001Z</time></trkpt><trkpt lat="53.510317" lon="49.09163"><time>2025-05-30T04:06:16.000Z</time></trkpt><trkpt lat="53.510281" lon="49.091528"><time>2025-05-30T04:06:18.001Z</time></trkpt><trkpt lat="53.510247" lon="49.091435"><time>2025-05-30T04:06:20.001Z</time></trkpt><trkpt lat="53.510209" lon="49.091344"><time>2025-05-30T04:06:22.001Z</time></trkpt><trkpt lat="53.510179" lon="49.09124"><time>2025-05-30T04:06:24.001Z</time></trkpt><trkpt lat="53.510165" lon="49.091119"><time>2025-05-30T04:06:26.001Z</time></trkpt><trkpt lat="53.510177" lon="49.090973"><time>2025-05-30T04:06:28.001Z</time></trkpt><trkpt lat="53.510197" lon="49.090828"><time>2025-05-30T04:06:31.001Z</time></trkpt><trkpt lat="53.510219" lon="49.090683"><time>2025-05-30T04:06:33.001Z</time></trkpt><trkpt lat="53.510236" lon="49.090556"><time>2025-05-30T04:06:35.001Z</time></trkpt><trkpt lat="53.510255" lon="49.090428"><time>2025-05-30T04:06:37.001Z</time></trkpt><trkpt lat="53.510277" lon="49.090305"><time>2025-05-30T04:06:39.001Z</time></trkpt><trkpt lat="53.510299" lon="49.090185"><time>2025-05-30T04:06:41.001Z</time></trkpt><trkpt lat="53.510321" lon="49.090059"><time>2025-05-30T04:06:43.001Z</time></trkpt><trkpt lat="53.510341" lon="49.089923"><time>2025-05-30T04:06:45.001Z</time></trkpt><trkpt lat="53.510355" lon="49.089781"><time>2025-05-30T04:06:47.001Z</time></trkpt><trkpt lat="53.510371" lon="49.089642"><time>2025-05-30T04:06:49.001Z</time></trkpt><trkpt lat="53.510388" lon="49.089504"><time>2025-05-30T04:06:51.001Z</time></trkpt><trkpt lat="53.510407" lon="49.089366"><time>2025-05-30T04:06:53.001Z</time></trkpt><trkpt lat="53.510422" lon="49.089227"><time>2025-05-30T04:06:55.001Z</time></trkpt><trkpt lat="53.510434" lon="49.089087"><time>2025-05-30T04:06:57.001Z</time></trkpt><trkpt lat="53.510446" lon="49.088945"><time>2025-05-30T04:06:59.001Z</time></trkpt><trkpt lat="53.510459" lon="49.088804"><time>2025-05-30T04:07:01.001Z</time></trkpt><trkpt lat="53.510473" lon="49.088665"><time>2025-05-30T04:07:03.001Z</time></trkpt><trkpt lat="53.510488" lon="49.088527"><time>2025-05-30T04:07:05.001Z</time></trkpt><trkpt lat="53.510502" lon="49.088392"><time>2025-05-30T04:07:07.001Z</time></trkpt><trkpt lat="53.510518" lon="49.088257"><time>2025-05-30T04:07:09.001Z</time></trkpt><trkpt lat="53.510534" lon="49.088119"><time>2025-05-30T04:07:11.001Z</time></trkpt><trkpt lat="53.510551" lon="49.08798"><time>2025-05-30T04:07:13.001Z</time></trkpt><trkpt lat="53.510567" lon="49.087815"><time>2025-05-30T04:07:15.001Z</time></trkpt><trkpt lat="53.510581" lon="49.087628"><time>2025-05-30T04:07:18.001Z</time></trkpt><trkpt lat="53.510592" lon="49.087438"><time>2025-05-30T04:07:21.001Z</time></trkpt><trkpt lat="53.510599" lon="49.087272"><time>2025-05-30T04:07:23.001Z</time></trkpt><trkpt lat="53.510607" lon="49.087132"><time>2025-05-30T04:07:25.001Z</time></trkpt><trkpt lat="53.510617" lon="49.087001"><time>2025-05-30T04:07:27.001Z</time></trkpt><trkpt lat="53.510626" lon="49.086874"><time>2025-05-30T04:07:29.001Z</time></trkpt><trkpt lat="53.510632" lon="49.086744"><time>2025-05-30T04:07:31.001Z</time></trkpt><trkpt lat="53.51063" lon="49.086608"><time>2025-05-30T04:07:33.001Z</time></trkpt><trkpt lat="53.510622" lon="49.086473"><time>2025-05-30T04:07:35.001Z</time></trkpt><trkpt lat="53.510608" lon="49.086343"><time>2025-05-30T04:07:37.001Z</time></trkpt><trkpt lat="53.510583" lon="49.086219"><time>2025-05-30T04:07:39.001Z</time></trkpt><trkpt lat="53.510546" lon="49.086103"><time>2025-05-30T04:07:41.001Z</time></trkpt><trkpt lat="53.5105" lon="49.085989"><time>2025-05-30T04:07:43.001Z</time></trkpt><trkpt lat="53.510455" lon="49.085874"><time>2025-05-30T04:07:45.001Z</time></trkpt><trkpt lat="53.510412" lon="49.085753"><time>2025-05-30T04:07:47.001Z</time></trkpt><trkpt lat="53.51037" lon="49.085624"><time>2025-05-30T04:07:49.001Z</time></trkpt><trkpt lat="53.510328" lon="49.085491"><time>2025-05-30T04:07:51.001Z</time></trkpt><trkpt lat="53.510286" lon="49.085359"><time>2025-05-30T04:07:53.001Z</time></trkpt><trkpt lat="53.510244" lon="49.085237"><time>2025-05-30T04:07:55.001Z</time></trkpt><trkpt lat="53.510203" lon="49.085117"><time>2025-05-30T04:07:57.001Z</time></trkpt><trkpt lat="53.510161" lon="49.084992"><time>2025-05-30T04:07:59.001Z</time></trkpt><trkpt lat="53.510116" lon="49.084858"><time>2025-05-30T04:08:01.001Z</time></trkpt><trkpt lat="53.510069" lon="49.084719"><time>2025-05-30T04:08:03.001Z</time></trkpt><trkpt lat="53.510022" lon="49.084584"><time>2025-05-30T04:08:05.001Z</time></trkpt><trkpt lat="53.509973" lon="49.084463"><time>2025-05-30T04:08:07.001Z</time></trkpt><trkpt lat="53.509921" lon="49.084356"><time>2025-05-30T04:08:09.001Z</time></trkpt><trkpt lat="53.509869" lon="49.084255"><time>2025-05-30T04:08:11.001Z</time></trkpt><trkpt lat="53.509814" lon="49.084158"><time>2025-05-30T04:08:13.001Z</time></trkpt><trkpt lat="53.509761" lon="49.084067"><time>2025-05-30T04:08:15.001Z</time></trkpt><trkpt lat="53.509714" lon="49.08397"><time>2025-05-30T04:08:17.001Z</time></trkpt><trkpt lat="53.509688" lon="49.083854"><time>2025-05-30T04:08:19.001Z</time></trkpt><trkpt lat="53.509688" lon="49.083724"><time>2025-05-30T04:08:21.001Z</time></trkpt><trkpt lat="53.509711" lon="49.083596"><time>2025-05-30T04:08:23.001Z</time></trkpt><trkpt lat="53.509751" lon="49.083478"><time>2025-05-30T04:08:25.001Z</time></trkpt><trkpt lat="53.509797" lon="49.083365"><time>2025-05-30T04:08:27.001Z</time></trkpt><trkpt lat="53.509847" lon="49.08326"><time>2025-05-30T04:08:29.001Z</time></trkpt><trkpt lat="53.509899" lon="49.083173"><time>2025-05-30T04:08:31.001Z</time></trkpt><trkpt lat="53.509953" lon="49.083102"><time>2025-05-30T04:08:33.001Z</time></trkpt><trkpt lat="53.510002" lon="49.083035"><time>2025-05-30T04:08:35.001Z</time></trkpt><trkpt lat="53.510024" lon="49.082955"><time>2025-05-30T04:08:37.001Z</time></trkpt><trkpt lat="53.51001" lon="49.082862"><time>2025-05-30T04:08:39.001Z</time></trkpt><trkpt lat="53.509965" lon="49.082749"><time>2025-05-30T04:08:41.001Z</time></trkpt><trkpt lat="53.509904" lon="49.082624"><time>2025-05-30T04:08:43.001Z</time></trkpt><trkpt lat="53.509833" lon="49.082499"><time>2025-05-30T04:08:45.001Z</time></trkpt><trkpt lat="53.509752" lon="49.082395"><time>2025-05-30T04:08:47.001Z</time></trkpt><trkpt lat="53.509641" lon="49.082263"><time>2025-05-30T04:08:49.001Z</time></trkpt><trkpt lat="53.509536" lon="49.082125"><time>2025-05-30T04:08:53.001Z</time></trkpt><trkpt lat="53.509441" lon="49.081975"><time>2025-05-30T04:08:55.001Z</time></trkpt><trkpt lat="53.509378" lon="49.081858"><time>2025-05-30T04:08:57.001Z</time></trkpt><trkpt lat="53.509318" lon="49.081739"><time>2025-05-30T04:08:59.001Z</time></trkpt><trkpt lat="53.509259" lon="49.081609"><time>2025-05-30T04:09:01.001Z</time></trkpt><trkpt lat="53.509179" lon="49.081459"><time>2025-05-30T04:09:03.001Z</time></trkpt><trkpt lat="53.509087" lon="49.081339"><time>2025-05-30T04:09:06.001Z</time></trkpt><trkpt lat="53.508994" lon="49.08126"><time>2025-05-30T04:09:08.001Z</time></trkpt><trkpt lat="53.508932" lon="49.081227"><time>2025-05-30T04:09:10.001Z</time></trkpt><trkpt lat="53.508892" lon="49.081192"><time>2025-05-30T04:09:12.001Z</time></trkpt><trkpt lat="53.508863" lon="49.081156"><time>2025-05-30T04:09:14.001Z</time></trkpt><trkpt lat="53.508848" lon="49.081046"><time>2025-05-30T04:10:01.001Z</time></trkpt><trkpt lat="53.508813" lon="49.080968"><time>2025-05-30T04:22:35.002Z</time></trkpt><trkpt lat="53.508807" lon="49.081061"><time>2025-05-30T04:23:59.002Z</time></trkpt><trkpt lat="53.50884" lon="49.081121"><time>2025-05-30T04:24:03.002Z</time></trkpt><trkpt lat="53.508875" lon="49.081175"><time>2025-05-30T04:24:07.002Z</time></trkpt><trkpt lat="53.508914" lon="49.081228"><time>2025-05-30T04:24:11.002Z</time></trkpt><trkpt lat="53.508948" lon="49.081272"><time>2025-05-30T04:24:17.002Z</time></trkpt><trkpt lat="53.508983" lon="49.081308"><time>2025-05-30T04:24:19.002Z</time></trkpt><trkpt lat="53.509022" lon="49.08133"><time>2025-05-30T04:24:21.002Z</time></trkpt><trkpt lat="53.509068" lon="49.081353"><time>2025-05-30T04:24:23.002Z</time></trkpt><trkpt lat="53.509117" lon="49.081381"><time>2025-05-30T04:24:25.002Z</time></trkpt><trkpt lat="53.50916" lon="49.081421"><time>2025-05-30T04:24:27.002Z</time></trkpt><trkpt lat="53.509194" lon="49.081468"><time>2025-05-30T04:24:29.002Z</time></trkpt><trkpt lat="53.509223" lon="49.081522"><time>2025-05-30T04:24:31.002Z</time></trkpt><trkpt lat="53.509249" lon="49.081576"><time>2025-05-30T04:24:33.002Z</time></trkpt><trkpt lat="53.509271" lon="49.081631"><time>2025-05-30T04:24:35.002Z</time></trkpt><trkpt lat="53.509294" lon="49.081685"><time>2025-05-30T04:24:37.002Z</time></trkpt><trkpt lat="53.509318" lon="49.081745"><time>2025-05-30T04:24:39.002Z</time></trkpt><trkpt lat="53.509346" lon="49.081807"><time>2025-05-30T04:24:41.002Z</time></trkpt><trkpt lat="53.509378" lon="49.081868"><time>2025-05-30T04:24:43.002Z</time></trkpt><trkpt lat="53.509412" lon="49.081932"><time>2025-05-30T04:24:45.002Z</time></trkpt><trkpt lat="53.509448" lon="49.081997"><time>2025-05-30T04:24:47.002Z</time></trkpt><trkpt lat="53.509488" lon="49.082061"><time>2025-05-30T04:24:49.002Z</time></trkpt><trkpt lat="53.50953" lon="49.082124"><time>2025-05-30T04:24:51.002Z</time></trkpt><trkpt lat="53.509572" lon="49.082186"><time>2025-05-30T04:24:53.002Z</time></trkpt><trkpt lat="53.509614" lon="49.082247"><time>2025-05-30T04:24:55.002Z</time></trkpt><trkpt lat="53.509658" lon="49.0823"><time>2025-05-30T04:24:57.002Z</time></trkpt><trkpt lat="53.509704" lon="49.082346"><time>2025-05-30T04:24:59.002Z</time></trkpt><trkpt lat="53.50975" lon="49.082389"><time>2025-05-30T04:25:01.002Z</time></trkpt><trkpt lat="53.509794" lon="49.082435"><time>2025-05-30T04:25:03.002Z</time></trkpt><trkpt lat="53.509837" lon="49.082489"><time>2025-05-30T04:25:05.002Z</time></trkpt><trkpt lat="53.509878" lon="49.082558"><time>2025-05-30T04:25:07.002Z</time></trkpt><trkpt lat="53.509916" lon="49.082634"><time>2025-05-30T04:25:09.002Z</time></trkpt><trkpt lat="53.50995" lon="49.082713"><time>2025-05-30T04:25:11.002Z</time></trkpt><trkpt lat="53.50998" lon="49.082784"><time>2025-05-30T04:25:13.002Z</time></trkpt><trkpt lat="53.510006" lon="49.082847"><time>2025-05-30T04:25:15.002Z</time></trkpt><trkpt lat="53.51003" lon="49.082901"><time>2025-05-30T04:25:17.002Z</time></trkpt><trkpt lat="53.510052" lon="49.082949"><time>2025-05-30T04:25:19.002Z</time></trkpt><trkpt lat="53.51008" lon="49.082987"><time>2025-05-30T04:25:21.002Z</time></trkpt><trkpt lat="53.510116" lon="49.083004"><time>2025-05-30T04:25:23.002Z</time></trkpt><trkpt lat="53.510154" lon="49.082991"><time>2025-05-30T04:25:25.002Z</time></trkpt><trkpt lat="53.510185" lon="49.082948"><time>2025-05-30T04:25:27.002Z</time></trkpt><trkpt lat="53.510206" lon="49.082882"><time>2025-05-30T04:25:29.002Z</time></trkpt><trkpt lat="53.510221" lon="49.082804"><time>2025-05-30T04:25:31.002Z</time></trkpt><trkpt lat="53.510234" lon="49.082718"><time>2025-05-30T04:25:33.002Z</time></trkpt><trkpt lat="53.510249" lon="49.082633"><time>2025-05-30T04:25:35.002Z</time></trkpt><trkpt lat="53.510263" lon="49.082549"><time>2025-05-30T04:25:37.002Z</time></trkpt><trkpt lat="53.510277" lon="49.082464"><time>2025-05-30T04:25:39.002Z</time></trkpt><trkpt lat="53.510292" lon="49.082368"><time>2025-05-30T04:25:41.002Z</time></trkpt><trkpt lat="53.510307" lon="49.082256"><time>2025-05-30T04:25:43.002Z</time></trkpt><trkpt lat="53.510323" lon="49.082135"><time>2025-05-30T04:25:45.002Z</time></trkpt><trkpt lat="53.510344" lon="49.081993"><time>2025-05-30T04:25:47.002Z</time></trkpt><trkpt lat="53.510367" lon="49.081854"><time>2025-05-30T04:25:50.002Z</time></trkpt><trkpt lat="53.510391" lon="49.081718"><time>2025-05-30T04:25:52.002Z</time></trkpt><trkpt lat="53.51041" lon="49.081602"><time>2025-05-30T04:25:54.002Z</time></trkpt><trkpt lat="53.51043" lon="49.081483"><time>2025-05-30T04:25:56.002Z</time></trkpt><trkpt lat="53.510451" lon="49.081369"><time>2025-05-30T04:25:58.002Z</time></trkpt><trkpt lat="53.51047" lon="49.081268"><time>2025-05-30T04:26:00.001Z</time></trkpt><trkpt lat="53.510486" lon="49.081181"><time>2025-05-30T04:26:02.002Z</time></trkpt><trkpt lat="53.510502" lon="49.081105"><time>2025-05-30T04:26:04.001Z</time></trkpt><trkpt lat="53.510518" lon="49.081022"><time>2025-05-30T04:26:06.002Z</time></trkpt><trkpt lat="53.510534" lon="49.080931"><time>2025-05-30T04:26:08.002Z</time></trkpt><trkpt lat="53.510549" lon="49.080838"><time>2025-05-30T04:26:10.002Z</time></trkpt><trkpt lat="53.510596" lon="49.080746"><time>2025-05-30T04:28:11.002Z</time></trkpt><trkpt lat="53.510603" lon="49.080593"><time>2025-05-30T04:28:57.002Z</time></trkpt><trkpt lat="53.510615" lon="49.080495"><time>2025-05-30T04:28:59.002Z</time></trkpt><trkpt lat="53.510634" lon="49.080389"><time>2025-05-30T04:29:01.002Z</time></trkpt><trkpt lat="53.510655" lon="49.08028"><time>2025-05-30T04:29:03.002Z</time></trkpt><trkpt lat="53.510675" lon="49.08017"><time>2025-05-30T04:29:05.002Z</time></trkpt><trkpt lat="53.510695" lon="49.080056"><time>2025-05-30T04:29:07.002Z</time></trkpt><trkpt lat="53.510717" lon="49.079935"><time>2025-05-30T04:29:09.002Z</time></trkpt><trkpt lat="53.51074" lon="49.079806"><time>2025-05-30T04:29:11.002Z</time></trkpt><trkpt lat="53.51076" lon="49.079673"><time>2025-05-30T04:29:13.002Z</time></trkpt><trkpt lat="53.51078" lon="49.079536"><time>2025-05-30T04:29:15.002Z</time></trkpt><trkpt lat="53.510803" lon="49.079396"><time>2025-05-30T04:29:17.002Z</time></trkpt><trkpt lat="53.510826" lon="49.079254"><time>2025-05-30T04:29:19.002Z</time></trkpt><trkpt lat="53.510851" lon="49.079112"><time>2025-05-30T04:29:21.002Z</time></trkpt><trkpt lat="53.51088" lon="49.078947"><time>2025-05-30T04:29:23.002Z</time></trkpt><trkpt lat="53.51091" lon="49.078781"><time>2025-05-30T04:29:26.002Z</time></trkpt><trkpt lat="53.510938" lon="49.078612"><time>2025-05-30T04:29:28.002Z</time></trkpt><trkpt lat="53.510963" lon="49.078465"><time>2025-05-30T04:29:30.002Z</time></trkpt><trkpt lat="53.510987" lon="49.078322"><time>2025-05-30T04:29:32.001Z</time></trkpt><trkpt lat="53.511013" lon="49.078181"><time>2025-05-30T04:29:34.002Z</time></trkpt><trkpt lat="53.511038" lon="49.078043"><time>2025-05-30T04:29:36.002Z</time></trkpt><trkpt lat="53.511064" lon="49.077903"><time>2025-05-30T04:29:38.002Z</time></trkpt><trkpt lat="53.511091" lon="49.077759"><time>2025-05-30T04:29:40.002Z</time></trkpt><trkpt lat="53.511122" lon="49.077591"><time>2025-05-30T04:29:42.002Z</time></trkpt><trkpt lat="53.511151" lon="49.077427"><time>2025-05-30T04:29:45.002Z</time></trkpt><trkpt lat="53.511182" lon="49.077264"><time>2025-05-30T04:29:47.002Z</time></trkpt><trkpt lat="53.51121" lon="49.077121"><time>2025-05-30T04:29:49.002Z</time></trkpt><trkpt lat="53.511237" lon="49.076977"><time>2025-05-30T04:29:51.002Z</time></trkpt><trkpt lat="53.511259" lon="49.076836"><time>2025-05-30T04:29:53.002Z</time></trkpt><trkpt lat="53.511285" lon="49.076692"><time>2025-05-30T04:29:55.002Z</time></trkpt><trkpt lat="53.511315" lon="49.076541"><time>2025-05-30T04:29:57.002Z</time></trkpt><trkpt lat="53.511347" lon="49.076389"><time>2025-05-30T04:29:59.002Z</time></trkpt><trkpt lat="53.511374" lon="49.076242"><time>2025-05-30T04:30:01.002Z</time></trkpt><trkpt lat="53.511401" lon="49.076101"><time>2025-05-30T04:30:03.002Z</time></trkpt><trkpt lat="53.51143" lon="49.07596"><time>2025-05-30T04:30:05.002Z</time></trkpt><trkpt lat="53.51146" lon="49.07582"><time>2025-05-30T04:30:07.002Z</time></trkpt><trkpt lat="53.511491" lon="49.075678"><time>2025-05-30T04:30:09.002Z</time></trkpt><trkpt lat="53.511526" lon="49.075531"><time>2025-05-30T04:30:11.002Z</time></trkpt><trkpt lat="53.511563" lon="49.07538"><time>2025-05-30T04:30:13.002Z</time></trkpt><trkpt lat="53.511601" lon="49.075228"><time>2025-05-30T04:30:15.002Z</time></trkpt><trkpt lat="53.511638" lon="49.07508"><time>2025-05-30T04:30:17.002Z</time></trkpt><trkpt lat="53.511677" lon="49.074936"><time>2025-05-30T04:30:19.002Z</time></trkpt><trkpt lat="53.511718" lon="49.074792"><time>2025-05-30T04:30:21.002Z</time></trkpt><trkpt lat="53.51176" lon="49.074649"><time>2025-05-30T04:30:23.002Z</time></trkpt><trkpt lat="53.511801" lon="49.074507"><time>2025-05-30T04:30:25.002Z</time></trkpt><trkpt lat="53.511842" lon="49.074365"><time>2025-05-30T04:30:27.002Z</time></trkpt><trkpt lat="53.511882" lon="49.07422"><time>2025-05-30T04:30:29.002Z</time></trkpt><trkpt lat="53.511923" lon="49.074074"><time>2025-05-30T04:30:31.002Z</time></trkpt><trkpt lat="53.511971" lon="49.073902"><time>2025-05-30T04:30:33.002Z</time></trkpt><trkpt lat="53.51202" lon="49.073731"><time>2025-05-30T04:30:36.002Z</time></trkpt><trkpt lat="53.512072" lon="49.073563"><time>2025-05-30T04:30:38.002Z</time></trkpt><trkpt lat="53.512117" lon="49.07342"><time>2025-05-30T04:30:40.002Z</time></trkpt><trkpt lat="53.512162" lon="49.073275"><time>2025-05-30T04:30:42.002Z</time></trkpt><trkpt lat="53.512206" lon="49.073128"><time>2025-05-30T04:30:44.002Z</time></trkpt><trkpt lat="53.51225" lon="49.072983"><time>2025-05-30T04:30:46.002Z</time></trkpt><trkpt lat="53.512293" lon="49.072848"><time>2025-05-30T04:30:48.002Z</time></trkpt><trkpt lat="53.512336" lon="49.072716"><time>2025-05-30T04:30:50.002Z</time></trkpt><trkpt lat="53.512378" lon="49.072581"><time>2025-05-30T04:30:52.002Z</time></trkpt><trkpt lat="53.512417" lon="49.072444"><time>2025-05-30T04:30:54.002Z</time></trkpt><trkpt lat="53.512456" lon="49.072306"><time>2025-05-30T04:30:56.002Z</time></trkpt><trkpt lat="53.512499" lon="49.072172"><time>2025-05-30T04:30:58.002Z</time></trkpt><trkpt lat="53.512544" lon="49.072038"><time>2025-05-30T04:31:00.001Z</time></trkpt><trkpt lat="53.512586" lon="49.071907"><time>2025-05-30T04:31:02.002Z</time></trkpt><trkpt lat="53.512625" lon="49.071777"><time>2025-05-30T04:31:04.001Z</time></trkpt><trkpt lat="53.512664" lon="49.071648"><time>2025-05-30T04:31:06.002Z</time></trkpt><trkpt lat="53.512702" lon="49.071524"><time>2025-05-30T04:31:08.002Z</time></trkpt><trkpt lat="53.512739" lon="49.071402"><time>2025-05-30T04:31:10.002Z</time></trkpt><trkpt lat="53.512775" lon="49.071277"><time>2025-05-30T04:31:12.002Z</time></trkpt><trkpt lat="53.51281" lon="49.071147"><time>2025-05-30T04:31:14.002Z</time></trkpt><trkpt lat="53.512845" lon="49.071015"><time>2025-05-30T04:31:16.002Z</time></trkpt><trkpt lat="53.512882" lon="49.070882"><time>2025-05-30T04:31:18.002Z</time></trkpt><trkpt lat="53.512924" lon="49.070753"><time>2025-05-30T04:31:20.002Z</time></trkpt><trkpt lat="53.512978" lon="49.070639"><time>2025-05-30T04:31:22.002Z</time></trkpt><trkpt lat="53.513045" lon="49.070557"><time>2025-05-30T04:31:24.002Z</time></trkpt><trkpt lat="53.513123" lon="49.070504"><time>2025-05-30T04:31:26.002Z</time></trkpt><trkpt lat="53.513206" lon="49.070467"><time>2025-05-30T04:31:28.002Z</time></trkpt><trkpt lat="53.51329" lon="49.070442"><time>2025-05-30T04:31:30.002Z</time></trkpt><trkpt lat="53.513375" lon="49.070432"><time>2025-05-30T04:31:32.001Z</time></trkpt><trkpt lat="53.513463" lon="49.070435"><time>2025-05-30T04:31:34.002Z</time></trkpt><trkpt lat="53.513549" lon="49.070434"><time>2025-05-30T04:31:36.002Z</time></trkpt><trkpt lat="53.513628" lon="49.070411"><time>2025-05-30T04:31:38.002Z</time></trkpt><trkpt lat="53.513703" lon="49.070359"><time>2025-05-30T04:31:40.002Z</time></trkpt><trkpt lat="53.513761" lon="49.070291"><time>2025-05-30T04:31:43.002Z</time></trkpt><trkpt lat="53.513797" lon="49.070208"><time>2025-05-30T04:31:45.002Z</time></trkpt><trkpt lat="53.513798" lon="49.070117"><time>2025-05-30T04:31:47.002Z</time></trkpt><trkpt lat="53.513773" lon="49.070007"><time>2025-05-30T04:31:49.002Z</time></trkpt><trkpt lat="53.513733" lon="49.069895"><time>2025-05-30T04:31:51.002Z</time></trkpt><trkpt lat="53.513689" lon="49.069776"><time>2025-05-30T04:31:53.002Z</time></trkpt><trkpt lat="53.513649" lon="49.069653"><time>2025-05-30T04:31:55.002Z</time></trkpt><trkpt lat="53.513614" lon="49.069521"><time>2025-05-30T04:31:57.002Z</time></trkpt><trkpt lat="53.513585" lon="49.069385"><time>2025-05-30T04:31:59.002Z</time></trkpt><trkpt lat="53.513564" lon="49.069241"><time>2025-05-30T04:32:01.002Z</time></trkpt><trkpt lat="53.51355" lon="49.069091"><time>2025-05-30T04:32:03.002Z</time></trkpt><trkpt lat="53.513543" lon="49.068935"><time>2025-05-30T04:32:05.002Z</time></trkpt><trkpt lat="53.513542" lon="49.068781"><time>2025-05-30T04:32:07.002Z</time></trkpt><trkpt lat="53.513557" lon="49.068631"><time>2025-05-30T04:32:09.002Z</time></trkpt><trkpt lat="53.513596" lon="49.068541"><time>2025-05-30T04:32:12.002Z</time></trkpt><trkpt lat="53.513659" lon="49.068523"><time>2025-05-30T04:32:14.002Z</time></trkpt><trkpt lat="53.51373" lon="49.06858"><time>2025-05-30T04:32:16.002Z</time></trkpt><trkpt lat="53.513795" lon="49.068657"><time>2025-05-30T04:32:18.002Z</time></trkpt><trkpt lat="53.513854" lon="49.068741"><time>2025-05-30T04:32:20.002Z</time></trkpt><trkpt lat="53.513908" lon="49.068817"><time>2025-05-30T04:32:22.002Z</time></trkpt><trkpt lat="53.513952" lon="49.068877"><time>2025-05-30T04:32:24.002Z</time></trkpt><trkpt lat="53.513987" lon="49.068917"><time>2025-05-30T04:32:26.002Z</time></trkpt><trkpt lat="53.51402" lon="49.068955"><time>2025-05-30T04:32:28.002Z</time></trkpt><trkpt lat="53.514057" lon="49.069002"><time>2025-05-30T04:32:30.002Z</time></trkpt><trkpt lat="53.514103" lon="49.06906"><time>2025-05-30T04:32:32.001Z</time></trkpt><trkpt lat="53.514159" lon="49.069131"><time>2025-05-30T04:32:34.002Z</time></trkpt><trkpt lat="53.514209" lon="49.069202"><time>2025-05-30T04:32:37.002Z</time></trkpt><trkpt lat="53.514241" lon="49.069271"><time>2025-05-30T04:32:39.002Z</time></trkpt><trkpt lat="53.514263" lon="49.069323"><time>2025-05-30T04:32:41.002Z</time></trkpt><trkpt lat="53.514269" lon="49.069322"><time>2025-05-30T04:32:44.002Z</time></trkpt><trkpt lat="53.514261" lon="49.069275"><time>2025-05-30T04:32:48.002Z</time></trkpt><trkpt lat="53.514222" lon="49.069194"><time>2025-05-30T04:32:50.002Z</time></trkpt><trkpt lat="53.514159" lon="49.069113"><time>2025-05-30T04:32:52.002Z</time></trkpt><trkpt lat="53.514093" lon="49.069031"><time>2025-05-30T04:32:55.002Z</time></trkpt><trkpt lat="53.514005" lon="49.068919"><time>2025-05-30T04:32:57.002Z</time></trkpt><trkpt lat="53.51392" lon="49.068802"><time>2025-05-30T04:33:01.002Z</time></trkpt><trkpt lat="53.513836" lon="49.068688"><time>2025-05-30T04:33:04.001Z</time></trkpt><trkpt lat="53.513774" lon="49.068603"><time>2025-05-30T04:33:06.002Z</time></trkpt><trkpt lat="53.513722" lon="49.06854"><time>2025-05-30T04:33:08.002Z</time></trkpt><trkpt lat="53.51367" lon="49.068488"><time>2025-05-30T04:33:10.002Z</time></trkpt><trkpt lat="53.513626" lon="49.068438"><time>2025-05-30T04:33:12.002Z</time></trkpt><trkpt lat="53.513603" lon="49.068378"><time>2025-05-30T04:33:14.002Z</time></trkpt><trkpt lat="53.513616" lon="49.06832"><time>2025-05-30T04:33:16.002Z</time></trkpt><trkpt lat="53.513672" lon="49.068285"><time>2025-05-30T04:33:18.002Z</time></trkpt><trkpt lat="53.513748" lon="49.06828"><time>2025-05-30T04:33:21.002Z</time></trkpt><trkpt lat="53.513909" lon="49.068304"><time>2025-05-30T04:33:23.002Z</time></trkpt><trkpt lat="53.514058" lon="49.068333"><time>2025-05-30T04:33:31.002Z</time></trkpt><trkpt lat="53.514221" lon="49.068374"><time>2025-05-30T04:33:33.002Z</time></trkpt><trkpt lat="53.514305" lon="49.068403"><time>2025-05-30T04:33:36.002Z</time></trkpt><trkpt lat="53.514393" lon="49.068432"><time>2025-05-30T04:33:38.002Z</time></trkpt><trkpt lat="53.51447" lon="49.068454"><time>2025-05-30T04:33:40.002Z</time></trkpt><trkpt lat="53.514546" lon="49.06847"><time>2025-05-30T04:33:42.002Z</time></trkpt><trkpt lat="53.514624" lon="49.068482"><time>2025-05-30T04:33:44.002Z</time></trkpt><trkpt lat="53.514701" lon="49.068489"><time>2025-05-30T04:33:46.002Z</time></trkpt><trkpt lat="53.514771" lon="49.068481"><time>2025-05-30T04:33:48.002Z</time></trkpt><trkpt lat="53.51483" lon="49.068445"><time>2025-05-30T04:33:50.002Z</time></trkpt><trkpt lat="53.514884" lon="49.068382"><time>2025-05-30T04:33:52.002Z</time></trkpt><trkpt lat="53.514943" lon="49.068303"><time>2025-05-30T04:33:54.002Z</time></trkpt><trkpt lat="53.515076" lon="49.068157"><time>2025-05-30T04:33:56.002Z</time></trkpt><trkpt lat="53.515198" lon="49.068028"><time>2025-05-30T04:34:04.001Z</time></trkpt><trkpt lat="53.515345" lon="49.067888"><time>2025-05-30T04:34:06.002Z</time></trkpt><trkpt lat="53.515412" lon="49.067801"><time>2025-05-30T04:34:10.002Z</time></trkpt><trkpt lat="53.515479" lon="49.067686"><time>2025-05-30T04:34:12.002Z</time></trkpt><trkpt lat="53.515509" lon="49.067587"><time>2025-05-30T04:34:14.002Z</time></trkpt><trkpt lat="53.515552" lon="49.067507"><time>2025-05-30T04:34:16.002Z</time></trkpt><trkpt lat="53.515609" lon="49.067447"><time>2025-05-30T04:34:18.002Z</time></trkpt><trkpt lat="53.515675" lon="49.067393"><time>2025-05-30T04:34:20.002Z</time></trkpt><trkpt lat="53.515747" lon="49.067343"><time>2025-05-30T04:34:22.002Z</time></trkpt><trkpt lat="53.515809" lon="49.067293"><time>2025-05-30T04:34:25.002Z</time></trkpt><trkpt lat="53.515859" lon="49.06724"><time>2025-05-30T04:34:27.002Z</time></trkpt><trkpt lat="53.515895" lon="49.067178"><time>2025-05-30T04:34:29.002Z</time></trkpt><trkpt lat="53.515933" lon="49.067109"><time>2025-05-30T04:34:31.002Z</time></trkpt><trkpt lat="53.51599" lon="49.067036"><time>2025-05-30T04:34:33.002Z</time></trkpt><trkpt lat="53.516053" lon="49.066965"><time>2025-05-30T04:34:35.002Z</time></trkpt><trkpt lat="53.51612" lon="49.066893"><time>2025-05-30T04:34:37.002Z</time></trkpt><trkpt lat="53.516172" lon="49.066833"><time>2025-05-30T04:34:39.002Z</time></trkpt><trkpt lat="53.516219" lon="49.066785"><time>2025-05-30T04:34:41.002Z</time></trkpt><trkpt lat="53.516263" lon="49.066752"><time>2025-05-30T04:34:43.002Z</time></trkpt><trkpt lat="53.516308" lon="49.066725"><time>2025-05-30T04:34:45.002Z</time></trkpt><trkpt lat="53.516355" lon="49.066699"><time>2025-05-30T04:34:47.002Z</time></trkpt><trkpt lat="53.51641" lon="49.066671"><time>2025-05-30T04:34:49.002Z</time></trkpt><trkpt lat="53.516467" lon="49.066644"><time>2025-05-30T04:34:51.002Z</time></trkpt><trkpt lat="53.516523" lon="49.066622"><time>2025-05-30T04:34:53.002Z</time></trkpt><trkpt lat="53.516578" lon="49.066604"><time>2025-05-30T04:34:55.002Z</time></trkpt><trkpt lat="53.516634" lon="49.066588"><time>2025-05-30T04:34:57.002Z</time></trkpt><trkpt lat="53.516692" lon="49.066569"><time>2025-05-30T04:34:59.002Z</time></trkpt><trkpt lat="53.516753" lon="49.06654"><time>2025-05-30T04:35:01.002Z</time></trkpt><trkpt lat="53.516816" lon="49.066504"><time>2025-05-30T04:35:03.002Z</time></trkpt><trkpt lat="53.516882" lon="49.06646"><time>2025-05-30T04:35:05.002Z</time></trkpt><trkpt lat="53.516945" lon="49.066407"><time>2025-05-30T04:35:07.002Z</time></trkpt><trkpt lat="53.517002" lon="49.066343"><time>2025-05-30T04:35:09.002Z</time></trkpt><trkpt lat="53.517052" lon="49.066268"><time>2025-05-30T04:35:11.002Z</time></trkpt><trkpt lat="53.517101" lon="49.066187"><time>2025-05-30T04:35:13.002Z</time></trkpt><trkpt lat="53.517149" lon="49.066101"><time>2025-05-30T04:35:15.002Z</time></trkpt><trkpt lat="53.517195" lon="49.066019"><time>2025-05-30T04:35:17.002Z</time></trkpt><trkpt lat="53.517234" lon="49.065947"><time>2025-05-30T04:35:19.002Z</time></trkpt><trkpt lat="53.517266" lon="49.065886"><time>2025-05-30T04:35:21.002Z</time></trkpt><trkpt lat="53.517296" lon="49.065828"><time>2025-05-30T04:35:23.002Z</time></trkpt><trkpt lat="53.517328" lon="49.065761"><time>2025-05-30T04:35:25.002Z</time></trkpt><trkpt lat="53.517365" lon="49.065676"><time>2025-05-30T04:35:27.002Z</time></trkpt><trkpt lat="53.517408" lon="49.065569"><time>2025-05-30T04:35:29.002Z</time></trkpt><trkpt lat="53.517455" lon="49.065455"><time>2025-05-30T04:35:31.002Z</time></trkpt><trkpt lat="53.517499" lon="49.065351"><time>2025-05-30T04:35:33.002Z</time></trkpt><trkpt lat="53.517543" lon="49.065269"><time>2025-05-30T04:35:35.002Z</time></trkpt><trkpt lat="53.51759" lon="49.065202"><time>2025-05-30T04:35:37.002Z</time></trkpt><trkpt lat="53.517647" lon="49.065133"><time>2025-05-30T04:35:39.002Z</time></trkpt><trkpt lat="53.517708" lon="49.065062"><time>2025-05-30T04:35:41.002Z</time></trkpt><trkpt lat="53.517781" lon="49.064978"><time>2025-05-30T04:35:43.002Z</time></trkpt><trkpt lat="53.51785" lon="49.064897"><time>2025-05-30T04:35:46.002Z</time></trkpt><trkpt lat="53.517914" lon="49.06482"><time>2025-05-30T04:35:48.002Z</time></trkpt><trkpt lat="53.517957" lon="49.06476"><time>2025-05-30T04:35:50.002Z</time></trkpt><trkpt lat="53.517991" lon="49.06471"><time>2025-05-30T04:35:52.002Z</time></trkpt><trkpt lat="53.51802" lon="49.064661"><time>2025-05-30T04:35:54.002Z</time></trkpt><trkpt lat="53.518048" lon="49.064611"><time>2025-05-30T04:35:56.002Z</time></trkpt><trkpt lat="53.518075" lon="49.064558"><time>2025-05-30T04:35:58.002Z</time></trkpt><trkpt lat="53.518117" lon="49.0645"><time>2025-05-30T04:36:00.001Z</time></trkpt><trkpt lat="53.518164" lon="49.06444"><time>2025-05-30T04:36:02.002Z</time></trkpt><trkpt lat="53.518214" lon="49.064382"><time>2025-05-30T04:36:04.001Z</time></trkpt><trkpt lat="53.518254" lon="49.064327"><time>2025-05-30T04:36:06.002Z</time></trkpt><trkpt lat="53.518299" lon="49.064271"><time>2025-05-30T04:36:08.002Z</time></trkpt><trkpt lat="53.518352" lon="49.064217"><time>2025-05-30T04:36:10.002Z</time></trkpt><trkpt lat="53.518412" lon="49.06417"><time>2025-05-30T04:36:12.002Z</time></trkpt><trkpt lat="53.518479" lon="49.064131"><time>2025-05-30T04:36:14.002Z</time></trkpt><trkpt lat="53.518554" lon="49.064088"><time>2025-05-30T04:36:16.002Z</time></trkpt><trkpt lat="53.518626" lon="49.064031"><time>2025-05-30T04:36:18.002Z</time></trkpt><trkpt lat="53.518677" lon="49.063958"><time>2025-05-30T04:36:20.002Z</time></trkpt><trkpt lat="53.518712" lon="49.063878"><time>2025-05-30T04:36:22.002Z</time></trkpt><trkpt lat="53.518743" lon="49.063797"><time>2025-05-30T04:36:24.002Z</time></trkpt><trkpt lat="53.518777" lon="49.06371"><time>2025-05-30T04:36:26.002Z</time></trkpt><trkpt lat="53.518806" lon="49.063615"><time>2025-05-30T04:36:28.002Z</time></trkpt><trkpt lat="53.51883" lon="49.063497"><time>2025-05-30T04:36:30.002Z</time></trkpt><trkpt lat="53.518849" lon="49.063379"><time>2025-05-30T04:36:33.002Z</time></trkpt><trkpt lat="53.518871" lon="49.063263"><time>2025-05-30T04:36:35.002Z</time></trkpt><trkpt lat="53.518895" lon="49.063169"><time>2025-05-30T04:36:37.002Z</time></trkpt><trkpt lat="53.51893" lon="49.063084"><time>2025-05-30T04:36:39.002Z</time></trkpt><trkpt lat="53.518969" lon="49.063012"><time>2025-05-30T04:36:41.002Z</time></trkpt><trkpt lat="53.519015" lon="49.062952"><time>2025-05-30T04:36:43.002Z</time></trkpt><trkpt lat="53.519066" lon="49.062907"><time>2025-05-30T04:36:45.002Z</time></trkpt><trkpt lat="53.51912" lon="49.062864"><time>2025-05-30T04:36:47.002Z</time></trkpt><trkpt lat="53.519163" lon="49.062801"><time>2025-05-30T04:36:49.002Z</time></trkpt><trkpt lat="53.51919" lon="49.062709"><time>2025-05-30T04:36:51.002Z</time></trkpt><trkpt lat="53.519207" lon="49.062602"><time>2025-05-30T04:36:53.002Z</time></trkpt><trkpt lat="53.519223" lon="49.062431"><time>2025-05-30T04:36:55.002Z</time></trkpt><trkpt lat="53.519237" lon="49.062261"><time>2025-05-30T04:37:01.002Z</time></trkpt><trkpt lat="53.519243" lon="49.061994"><time>2025-05-30T04:37:03.002Z</time></trkpt><trkpt lat="53.519249" lon="49.061788"><time>2025-05-30T04:37:07.002Z</time></trkpt><trkpt lat="53.519249" lon="49.061563"><time>2025-05-30T04:37:09.002Z</time></trkpt><trkpt lat="53.51925" lon="49.061406"><time>2025-05-30T04:37:11.002Z</time></trkpt><trkpt lat="53.519242" lon="49.061225"><time>2025-05-30T04:37:13.002Z</time></trkpt><trkpt lat="53.519238" lon="49.061047"><time>2025-05-30T04:37:15.002Z</time></trkpt><trkpt lat="53.51924" lon="49.060887"><time>2025-05-30T04:37:17.002Z</time></trkpt><trkpt lat="53.519243" lon="49.060754"><time>2025-05-30T04:37:19.002Z</time></trkpt><trkpt lat="53.519245" lon="49.060638"><time>2025-05-30T04:37:21.002Z</time></trkpt><trkpt lat="53.519245" lon="49.060524"><time>2025-05-30T04:37:23.002Z</time></trkpt><trkpt lat="53.519244" lon="49.060397"><time>2025-05-30T04:37:25.002Z</time></trkpt><trkpt lat="53.519243" lon="49.060251"><time>2025-05-30T04:37:27.002Z</time></trkpt><trkpt lat="53.519242" lon="49.060079"><time>2025-05-30T04:37:29.002Z</time></trkpt><trkpt lat="53.519239" lon="49.059896"><time>2025-05-30T04:37:31.002Z</time></trkpt><trkpt lat="53.519236" lon="49.05974"><time>2025-05-30T04:37:33.002Z</time></trkpt><trkpt lat="53.519238" lon="49.059621"><time>2025-05-30T04:37:35.002Z</time></trkpt><trkpt lat="53.51924" lon="49.059528"><time>2025-05-30T04:37:37.002Z</time></trkpt><trkpt lat="53.519239" lon="49.05943"><time>2025-05-30T04:37:39.002Z</time></trkpt><trkpt lat="53.519231" lon="49.059319"><time>2025-05-30T04:37:41.002Z</time></trkpt><trkpt lat="53.519228" lon="49.059141"><time>2025-05-30T04:37:43.002Z</time></trkpt><trkpt lat="53.519228" lon="49.058942"><time>2025-05-30T04:37:45.002Z</time></trkpt><trkpt lat="53.519231" lon="49.058732"><time>2025-05-30T04:37:47.002Z</time></trkpt><trkpt lat="53.519234" lon="49.058571"><time>2025-05-30T04:37:49.002Z</time></trkpt><trkpt lat="53.519237" lon="49.058423"><time>2025-05-30T04:37:51.002Z</time></trkpt><trkpt lat="53.519241" lon="49.058287"><time>2025-05-30T04:37:53.002Z</time></trkpt><trkpt lat="53.519243" lon="49.058163"><time>2025-05-30T04:37:55.002Z</time></trkpt><trkpt lat="53.519247" lon="49.058045"><time>2025-05-30T04:37:57.002Z</time></trkpt><trkpt lat="53.519248" lon="49.057929"><time>2025-05-30T04:37:59.002Z</time></trkpt><trkpt lat="53.51925" lon="49.057814"><time>2025-05-30T04:38:01.002Z</time></trkpt><trkpt lat="53.519251" lon="49.057705"><time>2025-05-30T04:38:03.002Z</time></trkpt><trkpt lat="53.519252" lon="49.057613"><time>2025-05-30T04:38:05.002Z</time></trkpt><trkpt lat="53.519251" lon="49.05754"><time>2025-05-30T04:38:07.002Z</time></trkpt><trkpt lat="53.519254" lon="49.057468"><time>2025-05-30T04:38:09.002Z</time></trkpt><trkpt lat="53.519261" lon="49.057439"><time>2025-05-30T04:38:13.002Z</time></trkpt><trkpt lat="53.519265" lon="49.057451"><time>2025-05-30T04:38:19.002Z</time></trkpt><trkpt lat="53.519263" lon="49.057524"><time>2025-05-30T04:38:21.002Z</time></trkpt><trkpt lat="53.519258" lon="49.057613"><time>2025-05-30T04:38:23.002Z</time></trkpt><trkpt lat="53.519267" lon="49.057708"><time>2025-05-30T04:38:25.002Z</time></trkpt><trkpt lat="53.519287" lon="49.057785"><time>2025-05-30T04:38:27.002Z</time></trkpt><trkpt lat="53.51932" lon="49.057833"><time>2025-05-30T04:38:29.002Z</time></trkpt><trkpt lat="53.519356" lon="49.057858"><time>2025-05-30T04:38:31.002Z</time></trkpt><trkpt lat="53.519395" lon="49.057869"><time>2025-05-30T04:38:33.002Z</time></trkpt><trkpt lat="53.519437" lon="49.05788"><time>2025-05-30T04:38:35.002Z</time></trkpt><trkpt lat="53.519478" lon="49.057891"><time>2025-05-30T04:38:37.002Z</time></trkpt><trkpt lat="53.519521" lon="49.057909"><time>2025-05-30T04:38:39.002Z</time></trkpt><trkpt lat="53.519561" lon="49.057939"><time>2025-05-30T04:38:41.002Z</time></trkpt><trkpt lat="53.519601" lon="49.057987"><time>2025-05-30T04:38:43.002Z</time></trkpt><trkpt lat="53.519644" lon="49.058054"><time>2025-05-30T04:38:45.002Z</time></trkpt><trkpt lat="53.519687" lon="49.058126"><time>2025-05-30T04:38:47.002Z</time></trkpt><trkpt lat="53.519731" lon="49.058195"><time>2025-05-30T04:38:49.002Z</time></trkpt><trkpt lat="53.519767" lon="49.058251"><time>2025-05-30T04:38:51.002Z</time></trkpt><trkpt lat="53.519797" lon="49.058296"><time>2025-05-30T04:38:53.002Z</time></trkpt><trkpt lat="53.519821" lon="49.058336"><time>2025-05-30T04:38:57.002Z</time></trkpt><trkpt lat="53.519837" lon="49.058345"><time>2025-05-30T04:39:01.002Z</time></trkpt><trkpt lat="53.519835" lon="49.058327"><time>2025-05-30T04:39:07.002Z</time></trkpt><trkpt lat="53.519813" lon="49.058276"><time>2025-05-30T04:39:09.002Z</time></trkpt><trkpt lat="53.519778" lon="49.058217"><time>2025-05-30T04:39:11.002Z</time></trkpt><trkpt lat="53.519736" lon="49.058148"><time>2025-05-30T04:39:13.002Z</time></trkpt><trkpt lat="53.519692" lon="49.058071"><time>2025-05-30T04:39:15.002Z</time></trkpt><trkpt lat="53.519649" lon="49.057996"><time>2025-05-30T04:39:17.002Z</time></trkpt><trkpt lat="53.519607" lon="49.057935"><time>2025-05-30T04:39:19.002Z</time></trkpt><trkpt lat="53.519561" lon="49.057902"><time>2025-05-30T04:39:21.002Z</time></trkpt><trkpt lat="53.519509" lon="49.057906"><time>2025-05-30T04:39:23.002Z</time></trkpt><trkpt lat="53.519449" lon="49.057932"><time>2025-05-30T04:39:25.002Z</time></trkpt><trkpt lat="53.519382" lon="49.057953"><time>2025-05-30T04:39:27.002Z</time></trkpt><trkpt lat="53.519321" lon="49.057977"><time>2025-05-30T04:39:29.002Z</time></trkpt><trkpt lat="53.519277" lon="49.058031"><time>2025-05-30T04:39:31.002Z</time></trkpt><trkpt lat="53.519255" lon="49.058126"><time>2025-05-30T04:39:33.002Z</time></trkpt><trkpt lat="53.519248" lon="49.05825"><time>2025-05-30T04:39:35.002Z</time></trkpt><trkpt lat="53.519251" lon="49.058383"><time>2025-05-30T04:39:37.002Z</time></trkpt><trkpt lat="53.519257" lon="49.058514"><time>2025-05-30T04:39:39.002Z</time></trkpt><trkpt lat="53.519258" lon="49.058639"><time>2025-05-30T04:39:41.002Z</time></trkpt><trkpt lat="53.519254" lon="49.058754"><time>2025-05-30T04:39:43.002Z</time></trkpt><trkpt lat="53.519246" lon="49.058864"><time>2025-05-30T04:39:45.002Z</time></trkpt><trkpt lat="53.519241" lon="49.058965"><time>2025-05-30T04:39:47.002Z</time></trkpt><trkpt lat="53.519236" lon="49.059059"><time>2025-05-30T04:39:49.002Z</time></trkpt><trkpt lat="53.519233" lon="49.05915"><time>2025-05-30T04:39:51.002Z</time></trkpt><trkpt lat="53.519231" lon="49.059239"><time>2025-05-30T04:39:53.002Z</time></trkpt><trkpt lat="53.519229" lon="49.059341"><time>2025-05-30T04:39:55.002Z</time></trkpt><trkpt lat="53.519229" lon="49.059479"><time>2025-05-30T04:39:57.002Z</time></trkpt><trkpt lat="53.519226" lon="49.059718"><time>2025-05-30T04:39:59.002Z</time></trkpt><trkpt lat="53.519225" lon="49.059956"><time>2025-05-30T04:40:05.002Z</time></trkpt><trkpt lat="53.519226" lon="49.060172"><time>2025-05-30T04:40:08.002Z</time></trkpt><trkpt lat="53.519233" lon="49.060308"><time>2025-05-30T04:40:10.002Z</time></trkpt><trkpt lat="53.519241" lon="49.060451"><time>2025-05-30T04:40:12.002Z</time></trkpt><trkpt lat="53.519244" lon="49.060599"><time>2025-05-30T04:40:14.002Z</time></trkpt><trkpt lat="53.519245" lon="49.060742"><time>2025-05-30T04:40:16.002Z</time></trkpt><trkpt lat="53.519244" lon="49.060869"><time>2025-05-30T04:40:18.002Z</time></trkpt><trkpt lat="53.519248" lon="49.060978"><time>2025-05-30T04:40:20.002Z</time></trkpt><trkpt lat="53.519252" lon="49.061068"><time>2025-05-30T04:40:22.002Z</time></trkpt><trkpt lat="53.519253" lon="49.061145"><time>2025-05-30T04:40:24.002Z</time></trkpt><trkpt lat="53.519252" lon="49.061217"><time>2025-05-30T04:40:26.002Z</time></trkpt><trkpt lat="53.519249" lon="49.061284"><time>2025-05-30T04:40:28.002Z</time></trkpt><trkpt lat="53.519245" lon="49.06136"><time>2025-05-30T04:40:30.002Z</time></trkpt><trkpt lat="53.519244" lon="49.061462"><time>2025-05-30T04:40:32.001Z</time></trkpt><trkpt lat="53.519244" lon="49.0616"><time>2025-05-30T04:40:34.002Z</time></trkpt><trkpt lat="53.519245" lon="49.061738"><time>2025-05-30T04:40:37.002Z</time></trkpt><trkpt lat="53.519248" lon="49.061844"><time>2025-05-30T04:40:39.002Z</time></trkpt><trkpt lat="53.519249" lon="49.061927"><time>2025-05-30T04:40:41.002Z</time></trkpt><trkpt lat="53.519246" lon="49.062004"><time>2025-05-30T04:40:43.002Z</time></trkpt><trkpt lat="53.519239" lon="49.062095"><time>2025-05-30T04:40:45.002Z</time></trkpt><trkpt lat="53.519234" lon="49.062192"><time>2025-05-30T04:40:47.002Z</time></trkpt><trkpt lat="53.51923" lon="49.06229"><time>2025-05-30T04:40:49.002Z</time></trkpt><trkpt lat="53.519225" lon="49.062387"><time>2025-05-30T04:40:51.002Z</time></trkpt><trkpt lat="53.51922" lon="49.06248"><time>2025-05-30T04:40:53.002Z</time></trkpt><trkpt lat="53.519215" lon="49.062583"><time>2025-05-30T04:40:55.002Z</time></trkpt><trkpt lat="53.519215" lon="49.062688"><time>2025-05-30T04:40:57.002Z</time></trkpt><trkpt lat="53.519217" lon="49.062795"><time>2025-05-30T04:40:59.002Z</time></trkpt><trkpt lat="53.519222" lon="49.062899"><time>2025-05-30T04:41:01.002Z</time></trkpt><trkpt lat="53.519225" lon="49.063009"><time>2025-05-30T04:41:03.002Z</time></trkpt><trkpt lat="53.519226" lon="49.063109"><time>2025-05-30T04:41:05.002Z</time></trkpt><trkpt lat="53.519221" lon="49.063207"><time>2025-05-30T04:41:07.002Z</time></trkpt><trkpt lat="53.519215" lon="49.063312"><time>2025-05-30T04:41:09.002Z</time></trkpt><trkpt lat="53.51922" lon="49.063433"><time>2025-05-30T04:41:11.002Z</time></trkpt><trkpt lat="53.519252" lon="49.063541"><time>2025-05-30T04:41:13.002Z</time></trkpt><trkpt lat="53.519308" lon="49.063607"><time>2025-05-30T04:41:15.002Z</time></trkpt><trkpt lat="53.519373" lon="49.063623"><time>2025-05-30T04:41:17.002Z</time></trkpt><trkpt lat="53.519433" lon="49.063604"><time>2025-05-30T04:41:19.002Z</time></trkpt><trkpt lat="53.519485" lon="49.063563"><time>2025-05-30T04:41:21.002Z</time></trkpt><trkpt lat="53.519536" lon="49.063504"><time>2025-05-30T04:41:23.002Z</time></trkpt><trkpt lat="53.519587" lon="49.063429"><time>2025-05-30T04:41:25.002Z</time></trkpt><trkpt lat="53.519639" lon="49.063352"><time>2025-05-30T04:41:27.002Z</time></trkpt><trkpt lat="53.519692" lon="49.06328"><time>2025-05-30T04:41:29.002Z</time></trkpt><trkpt lat="53.519747" lon="49.063212"><time>2025-05-30T04:41:31.002Z</time></trkpt><trkpt lat="53.519816" lon="49.06313"><time>2025-05-30T04:41:33.002Z</time></trkpt><trkpt lat="53.519888" lon="49.063047"><time>2025-05-30T04:41:36.002Z</time></trkpt><trkpt lat="53.519966" lon="49.062964"><time>2025-05-30T04:41:38.002Z</time></trkpt><trkpt lat="53.520039" lon="49.062885"><time>2025-05-30T04:41:40.002Z</time></trkpt><trkpt lat="53.520112" lon="49.062792"><time>2025-05-30T04:41:42.002Z</time></trkpt><trkpt lat="53.520228" lon="49.062632"><time>2025-05-30T04:41:44.002Z</time></trkpt><trkpt lat="53.520362" lon="49.062469"><time>2025-05-30T04:41:50.002Z</time></trkpt><trkpt lat="53.520481" lon="49.062329"><time>2025-05-30T04:41:53.002Z</time></trkpt><trkpt lat="53.520555" lon="49.062252"><time>2025-05-30T04:41:55.002Z</time></trkpt><trkpt lat="53.520611" lon="49.062183"><time>2025-05-30T04:41:57.002Z</time></trkpt><trkpt lat="53.520679" lon="49.062104"><time>2025-05-30T04:41:59.002Z</time></trkpt><trkpt lat="53.520737" lon="49.062027"><time>2025-05-30T04:42:01.002Z</time></trkpt><trkpt lat="53.520776" lon="49.061937"><time>2025-05-30T04:42:03.002Z</time></trkpt><trkpt lat="53.5208" lon="49.061834"><time>2025-05-30T04:42:05.002Z</time></trkpt><trkpt lat="53.52082" lon="49.061727"><time>2025-05-30T04:42:07.002Z</time></trkpt><trkpt lat="53.520844" lon="49.061635"><time>2025-05-30T04:42:09.002Z</time></trkpt><trkpt lat="53.520873" lon="49.061562"><time>2025-05-30T04:42:11.002Z</time></trkpt><trkpt lat="53.520914" lon="49.061512"><time>2025-05-30T04:42:13.002Z</time></trkpt><trkpt lat="53.520961" lon="49.061475"><time>2025-05-30T04:42:16.002Z</time></trkpt><trkpt lat="53.52101" lon="49.061444"><time>2025-05-30T04:42:18.002Z</time></trkpt><trkpt lat="53.521051" lon="49.061406"><time>2025-05-30T04:42:20.002Z</time></trkpt><trkpt lat="53.521089" lon="49.061359"><time>2025-05-30T04:42:22.002Z</time></trkpt><trkpt lat="53.521131" lon="49.06132"><time>2025-05-30T04:42:24.002Z</time></trkpt><trkpt lat="53.521185" lon="49.061305"><time>2025-05-30T04:42:26.002Z</time></trkpt><trkpt lat="53.521242" lon="49.06132"><time>2025-05-30T04:42:28.002Z</time></trkpt><trkpt lat="53.521299" lon="49.061357"><time>2025-05-30T04:42:30.002Z</time></trkpt><trkpt lat="53.521346" lon="49.061414"><time>2025-05-30T04:42:32.001Z</time></trkpt><trkpt lat="53.521394" lon="49.061483"><time>2025-05-30T04:42:34.002Z</time></trkpt><trkpt lat="53.521441" lon="49.061554"><time>2025-05-30T04:42:36.002Z</time></trkpt><trkpt lat="53.521487" lon="49.061624"><time>2025-05-30T04:42:38.002Z</time></trkpt><trkpt lat="53.521533" lon="49.061693"><time>2025-05-30T04:42:40.002Z</time></trkpt><trkpt lat="53.521579" lon="49.061768"><time>2025-05-30T04:42:42.002Z</time></trkpt><trkpt lat="53.52163" lon="49.061847"><time>2025-05-30T04:42:44.002Z</time></trkpt><trkpt lat="53.521686" lon="49.061931"><time>2025-05-30T04:42:46.002Z</time></trkpt><trkpt lat="53.521743" lon="49.062019"><time>2025-05-30T04:42:48.002Z</time></trkpt><trkpt lat="53.521797" lon="49.06211"><time>2025-05-30T04:42:50.002Z</time></trkpt><trkpt lat="53.521847" lon="49.0622"><time>2025-05-30T04:42:52.002Z</time></trkpt><trkpt lat="53.521898" lon="49.062286"><time>2025-05-30T04:42:54.002Z</time></trkpt><trkpt lat="53.52195" lon="49.062371"><time>2025-05-30T04:42:56.003Z</time></trkpt><trkpt lat="53.522001" lon="49.062456"><time>2025-05-30T04:42:58.003Z</time></trkpt><trkpt lat="53.522048" lon="49.062538"><time>2025-05-30T04:43:00.000Z</time></trkpt><trkpt lat="53.522091" lon="49.062611"><time>2025-05-30T04:43:02.000Z</time></trkpt><trkpt lat="53.522129" lon="49.062669"><time>2025-05-30T04:43:04.000Z</time></trkpt><trkpt lat="53.522164" lon="49.062718"><time>2025-05-30T04:43:06.000Z</time></trkpt><trkpt lat="53.522198" lon="49.062769"><time>2025-05-30T04:43:08.000Z</time></trkpt><trkpt lat="53.522232" lon="49.062829"><time>2025-05-30T04:43:10.000Z</time></trkpt><trkpt lat="53.522264" lon="49.062894"><time>2025-05-30T04:43:12.000Z</time></trkpt><trkpt lat="53.522295" lon="49.062966"><time>2025-05-30T04:43:14.000Z</time></trkpt><trkpt lat="53.522328" lon="49.063046"><time>2025-05-30T04:43:16.000Z</time></trkpt><trkpt lat="53.522364" lon="49.063136"><time>2025-05-30T04:43:18.000Z</time></trkpt><trkpt lat="53.522402" lon="49.063224"><time>2025-05-30T04:43:20.000Z</time></trkpt><trkpt lat="53.522441" lon="49.063305"><time>2025-05-30T04:43:22.000Z</time></trkpt><trkpt lat="53.52248" lon="49.063382"><time>2025-05-30T04:43:24.000Z</time></trkpt><trkpt lat="53.522521" lon="49.063459"><time>2025-05-30T04:43:26.000Z</time></trkpt><trkpt lat="53.522564" lon="49.063538"><time>2025-05-30T04:43:28.000Z</time></trkpt><trkpt lat="53.522606" lon="49.063614"><time>2025-05-30T04:43:30.000Z</time></trkpt><trkpt lat="53.522647" lon="49.063687"><time>2025-05-30T04:43:32.000Z</time></trkpt><trkpt lat="53.522688" lon="49.063756"><time>2025-05-30T04:43:34.000Z</time></trkpt><trkpt lat="53.522729" lon="49.063825"><time>2025-05-30T04:43:36.000Z</time></trkpt><trkpt lat="53.522761" lon="49.06382"><time>2025-05-30T04:43:38.000Z</time></trkpt><trkpt lat="53.522785" lon="49.063817"><time>2025-05-30T04:43:43.000Z</time></trkpt><trkpt lat="53.522959" lon="49.064158"><time>2025-05-30T04:43:45.000Z</time></trkpt><trkpt lat="53.523145" lon="49.064587"><time>2025-05-30T04:43:55.000Z</time></trkpt><trkpt lat="53.523341" lon="49.06501"><time>2025-05-30T04:43:57.000Z</time></trkpt><trkpt lat="53.523392" lon="49.065092"><time>2025-05-30T04:43:59.000Z</time></trkpt><trkpt lat="53.523444" lon="49.065162"><time>2025-05-30T04:44:01.000Z</time></trkpt><trkpt lat="53.523498" lon="49.065245"><time>2025-05-30T04:44:03.000Z</time></trkpt><trkpt lat="53.523548" lon="49.065337"><time>2025-05-30T04:44:05.000Z</time></trkpt><trkpt lat="53.523596" lon="49.065433"><time>2025-05-30T04:44:07.000Z</time></trkpt><trkpt lat="53.523644" lon="49.065534"><time>2025-05-30T04:44:09.000Z</time></trkpt><trkpt lat="53.523695" lon="49.065636"><time>2025-05-30T04:44:11.000Z</time></trkpt><trkpt lat="53.523747" lon="49.065737"><time>2025-05-30T04:44:13.000Z</time></trkpt><trkpt lat="53.523802" lon="49.06584"><time>2025-05-30T04:44:15.000Z</time></trkpt><trkpt lat="53.523856" lon="49.065942"><time>2025-05-30T04:44:17.000Z</time></trkpt><trkpt lat="53.523907" lon="49.066044"><time>2025-05-30T04:44:19.000Z</time></trkpt><trkpt lat="53.523954" lon="49.06614"><time>2025-05-30T04:44:21.000Z</time></trkpt><trkpt lat="53.523999" lon="49.066233"><time>2025-05-30T04:44:23.000Z</time></trkpt><trkpt lat="53.524044" lon="49.066322"><time>2025-05-30T04:44:25.000Z</time></trkpt><trkpt lat="53.52409" lon="49.066409"><time>2025-05-30T04:44:27.000Z</time></trkpt><trkpt lat="53.524136" lon="49.066498"><time>2025-05-30T04:44:29.000Z</time></trkpt><trkpt lat="53.524193" lon="49.066601"><time>2025-05-30T04:44:31.000Z</time></trkpt><trkpt lat="53.52425" lon="49.066708"><time>2025-05-30T04:44:33.000Z</time></trkpt><trkpt lat="53.524308" lon="49.066811"><time>2025-05-30T04:44:35.000Z</time></trkpt><trkpt lat="53.524357" lon="49.066899"><time>2025-05-30T04:44:37.000Z</time></trkpt><trkpt lat="53.524407" lon="49.066991"><time>2025-05-30T04:44:39.000Z</time></trkpt><trkpt lat="53.524458" lon="49.067084"><time>2025-05-30T04:44:41.000Z</time></trkpt><trkpt lat="53.524506" lon="49.067175"><time>2025-05-30T04:44:43.000Z</time></trkpt><trkpt lat="53.524554" lon="49.067261"><time>2025-05-30T04:44:45.000Z</time></trkpt><trkpt lat="53.524601" lon="49.06735"><time>2025-05-30T04:44:47.000Z</time></trkpt><trkpt lat="53.524649" lon="49.067445"><time>2025-05-30T04:44:49.000Z</time></trkpt><trkpt lat="53.524697" lon="49.067543"><time>2025-05-30T04:44:51.000Z</time></trkpt><trkpt lat="53.524746" lon="49.067638"><time>2025-05-30T04:44:53.000Z</time></trkpt><trkpt lat="53.524799" lon="49.067735"><time>2025-05-30T04:44:55.000Z</time></trkpt><trkpt lat="53.524849" lon="49.067831"><time>2025-05-30T04:44:57.000Z</time></trkpt><trkpt lat="53.524894" lon="49.06793"><time>2025-05-30T04:44:59.000Z</time></trkpt><trkpt lat="53.524936" lon="49.068035"><time>2025-05-30T04:45:01.000Z</time></trkpt><trkpt lat="53.524987" lon="49.068141"><time>2025-05-30T04:45:04.000Z</time></trkpt><trkpt lat="53.525042" lon="49.068242"><time>2025-05-30T04:45:06.000Z</time></trkpt><trkpt lat="53.525095" lon="49.068333"><time>2025-05-30T04:45:08.000Z</time></trkpt><trkpt lat="53.525137" lon="49.068422"><time>2025-05-30T04:45:10.000Z</time></trkpt><trkpt lat="53.525179" lon="49.068516"><time>2025-05-30T04:45:12.000Z</time></trkpt><trkpt lat="53.52522" lon="49.068611"><time>2025-05-30T04:45:14.000Z</time></trkpt><trkpt lat="53.525271" lon="49.068708"><time>2025-05-30T04:45:16.000Z</time></trkpt><trkpt lat="53.52532" lon="49.068789"><time>2025-05-30T04:45:19.000Z</time></trkpt><trkpt lat="53.525371" lon="49.068866"><time>2025-05-30T04:45:21.000Z</time></trkpt><trkpt lat="53.525417" lon="49.068941"><time>2025-05-30T04:45:23.000Z</time></trkpt><trkpt lat="53.525467" lon="49.069033"><time>2025-05-30T04:45:25.000Z</time></trkpt><trkpt lat="53.525516" lon="49.069128"><time>2025-05-30T04:45:27.000Z</time></trkpt><trkpt lat="53.525562" lon="49.069219"><time>2025-05-30T04:45:29.000Z</time></trkpt><trkpt lat="53.525605" lon="49.069298"><time>2025-05-30T04:45:31.000Z</time></trkpt><trkpt lat="53.525654" lon="49.069381"><time>2025-05-30T04:45:33.000Z</time></trkpt><trkpt lat="53.525699" lon="49.069462"><time>2025-05-30T04:45:36.000Z</time></trkpt><trkpt lat="53.525742" lon="49.069544"><time>2025-05-30T04:45:38.000Z</time></trkpt><trkpt lat="53.525779" lon="49.069616"><time>2025-05-30T04:45:40.000Z</time></trkpt><trkpt lat="53.525817" lon="49.069691"><time>2025-05-30T04:45:42.000Z</time></trkpt><trkpt lat="53.525856" lon="49.069769"><time>2025-05-30T04:45:44.000Z</time></trkpt><trkpt lat="53.525894" lon="49.06985"><time>2025-05-30T04:45:46.000Z</time></trkpt><trkpt lat="53.525932" lon="49.069928"><time>2025-05-30T04:45:48.000Z</time></trkpt><trkpt lat="53.525971" lon="49.069997"><time>2025-05-30T04:45:50.000Z</time></trkpt><trkpt lat="53.526012" lon="49.070061"><time>2025-05-30T04:45:52.000Z</time></trkpt><trkpt lat="53.526053" lon="49.070125"><time>2025-05-30T04:45:54.000Z</time></trkpt><trkpt lat="53.526095" lon="49.070195"><time>2025-05-30T04:45:56.000Z</time></trkpt><trkpt lat="53.526136" lon="49.070271"><time>2025-05-30T04:45:58.000Z</time></trkpt><trkpt lat="53.526179" lon="49.070352"><time>2025-05-30T04:46:00.000Z</time></trkpt><trkpt lat="53.526224" lon="49.070442"><time>2025-05-30T04:46:02.000Z</time></trkpt><trkpt lat="53.526269" lon="49.070533"><time>2025-05-30T04:46:04.000Z</time></trkpt><trkpt lat="53.526313" lon="49.07062"><time>2025-05-30T04:46:06.000Z</time></trkpt><trkpt lat="53.526355" lon="49.070701"><time>2025-05-30T04:46:08.000Z</time></trkpt><trkpt lat="53.526397" lon="49.07078"><time>2025-05-30T04:46:10.000Z</time></trkpt><trkpt lat="53.526442" lon="49.070861"><time>2025-05-30T04:46:12.000Z</time></trkpt><trkpt lat="53.526488" lon="49.070944"><time>2025-05-30T04:46:14.000Z</time></trkpt><trkpt lat="53.526535" lon="49.071029"><time>2025-05-30T04:46:16.000Z</time></trkpt><trkpt lat="53.52658" lon="49.071117"><time>2025-05-30T04:46:18.000Z</time></trkpt><trkpt lat="53.52662" lon="49.071201"><time>2025-05-30T04:46:20.000Z</time></trkpt><trkpt lat="53.526657" lon="49.071281"><time>2025-05-30T04:46:22.000Z</time></trkpt><trkpt lat="53.526692" lon="49.071356"><time>2025-05-30T04:46:24.000Z</time></trkpt><trkpt lat="53.526727" lon="49.071429"><time>2025-05-30T04:46:26.000Z</time></trkpt><trkpt lat="53.526761" lon="49.071506"><time>2025-05-30T04:46:28.000Z</time></trkpt><trkpt lat="53.526797" lon="49.071586"><time>2025-05-30T04:46:30.000Z</time></trkpt><trkpt lat="53.526836" lon="49.071673"><time>2025-05-30T04:46:32.000Z</time></trkpt><trkpt lat="53.526879" lon="49.07176"><time>2025-05-30T04:46:34.000Z</time></trkpt><trkpt lat="53.526923" lon="49.071843"><time>2025-05-30T04:46:36.000Z</time></trkpt><trkpt lat="53.526963" lon="49.071917"><time>2025-05-30T04:46:38.000Z</time></trkpt><trkpt lat="53.527003" lon="49.071988"><time>2025-05-30T04:46:40.000Z</time></trkpt><trkpt lat="53.527047" lon="49.072061"><time>2025-05-30T04:46:42.000Z</time></trkpt><trkpt lat="53.527093" lon="49.072137"><time>2025-05-30T04:46:44.000Z</time></trkpt><trkpt lat="53.52714" lon="49.072216"><time>2025-05-30T04:46:46.000Z</time></trkpt><trkpt lat="53.527188" lon="49.072301"><time>2025-05-30T04:46:48.000Z</time></trkpt><trkpt lat="53.527238" lon="49.072397"><time>2025-05-30T04:46:50.000Z</time></trkpt><trkpt lat="53.527287" lon="49.07249"><time>2025-05-30T04:46:52.000Z</time></trkpt><trkpt lat="53.527331" lon="49.072573"><time>2025-05-30T04:46:54.000Z</time></trkpt><trkpt lat="53.527371" lon="49.072631"><time>2025-05-30T04:46:56.000Z</time></trkpt><trkpt lat="53.527411" lon="49.072662"><time>2025-05-30T04:46:58.000Z</time></trkpt><trkpt lat="53.527454" lon="49.072667"><time>2025-05-30T04:47:00.000Z</time></trkpt><trkpt lat="53.527498" lon="49.072643"><time>2025-05-30T04:47:02.000Z</time></trkpt><trkpt lat="53.52755" lon="49.072574"><time>2025-05-30T04:47:04.000Z</time></trkpt><trkpt lat="53.527601" lon="49.072469"><time>2025-05-30T04:47:07.000Z</time></trkpt><trkpt lat="53.527648" lon="49.072352"><time>2025-05-30T04:47:09.000Z</time></trkpt><trkpt lat="53.527682" lon="49.072251"><time>2025-05-30T04:47:11.000Z</time></trkpt><trkpt lat="53.527711" lon="49.072172"><time>2025-05-30T04:47:13.000Z</time></trkpt><trkpt lat="53.52774" lon="49.072111"><time>2025-05-30T04:47:15.000Z</time></trkpt><trkpt lat="53.527767" lon="49.072069"><time>2025-05-30T04:47:17.000Z</time></trkpt><trkpt lat="53.527806" lon="49.072019"><time>2025-05-30T04:47:19.000Z</time></trkpt><trkpt lat="53.527849" lon="49.071961"><time>2025-05-30T04:47:22.000Z</time></trkpt><trkpt lat="53.527915" lon="49.071863"><time>2025-05-30T04:47:24.000Z</time></trkpt><trkpt lat="53.527955" lon="49.071768"><time>2025-05-30T04:47:26.000Z</time></trkpt><trkpt lat="53.527991" lon="49.071666"><time>2025-05-30T04:47:28.000Z</time></trkpt><trkpt lat="53.528005" lon="49.071588"><time>2025-05-30T04:47:30.000Z</time></trkpt><trkpt lat="53.528041" lon="49.071507"><time>2025-05-30T04:47:32.000Z</time></trkpt><trkpt lat="53.528091" lon="49.071438"><time>2025-05-30T04:47:34.000Z</time></trkpt><trkpt lat="53.52815" lon="49.071388"><time>2025-05-30T04:47:36.000Z</time></trkpt><trkpt lat="53.528214" lon="49.071362"><time>2025-05-30T04:47:38.000Z</time></trkpt><trkpt lat="53.528276" lon="49.07134"><time>2025-05-30T04:47:40.000Z</time></trkpt><trkpt lat="53.528333" lon="49.071293"><time>2025-05-30T04:47:42.000Z</time></trkpt><trkpt lat="53.528384" lon="49.071223"><time>2025-05-30T04:47:44.000Z</time></trkpt><trkpt lat="53.528433" lon="49.071149"><time>2025-05-30T04:47:46.000Z</time></trkpt><trkpt lat="53.528485" lon="49.071101"><time>2025-05-30T04:47:48.000Z</time></trkpt><trkpt lat="53.528541" lon="49.071067"><time>2025-05-30T04:47:50.000Z</time></trkpt><trkpt lat="53.5286" lon="49.07104"><time>2025-05-30T04:47:52.000Z</time></trkpt><trkpt lat="53.528663" lon="49.071015"><time>2025-05-30T04:47:54.000Z</time></trkpt><trkpt lat="53.52873" lon="49.070981"><time>2025-05-30T04:47:56.000Z</time></trkpt><trkpt lat="53.528792" lon="49.070929"><time>2025-05-30T04:47:58.000Z</time></trkpt><trkpt lat="53.528839" lon="49.070855"><time>2025-05-30T04:48:00.000Z</time></trkpt><trkpt lat="53.528867" lon="49.070771"><time>2025-05-30T04:48:02.000Z</time></trkpt><trkpt lat="53.528883" lon="49.070684"><time>2025-05-30T04:48:04.000Z</time></trkpt><trkpt lat="53.528897" lon="49.070596"><time>2025-05-30T04:48:06.000Z</time></trkpt><trkpt lat="53.528911" lon="49.070504"><time>2025-05-30T04:48:08.000Z</time></trkpt><trkpt lat="53.52892" lon="49.07041"><time>2025-05-30T04:48:10.000Z</time></trkpt><trkpt lat="53.528927" lon="49.070316"><time>2025-05-30T04:48:12.000Z</time></trkpt><trkpt lat="53.528934" lon="49.070215"><time>2025-05-30T04:48:14.000Z</time></trkpt><trkpt lat="53.528941" lon="49.070099"><time>2025-05-30T04:48:16.000Z</time></trkpt><trkpt lat="53.528945" lon="49.069971"><time>2025-05-30T04:48:18.000Z</time></trkpt><trkpt lat="53.528946" lon="49.069837"><time>2025-05-30T04:48:20.000Z</time></trkpt><trkpt lat="53.528946" lon="49.069702"><time>2025-05-30T04:48:22.000Z</time></trkpt><trkpt lat="53.528945" lon="49.069559"><time>2025-05-30T04:48:24.000Z</time></trkpt><trkpt lat="53.528944" lon="49.069414"><time>2025-05-30T04:48:26.000Z</time></trkpt><trkpt lat="53.528942" lon="49.069276"><time>2025-05-30T04:48:28.000Z</time></trkpt><trkpt lat="53.52894" lon="49.069136"><time>2025-05-30T04:48:30.000Z</time></trkpt><trkpt lat="53.528939" lon="49.068972"><time>2025-05-30T04:48:33.000Z</time></trkpt><trkpt lat="53.528936" lon="49.068799"><time>2025-05-30T04:48:36.000Z</time></trkpt><trkpt lat="53.528931" lon="49.068635"><time>2025-05-30T04:48:38.000Z</time></trkpt><trkpt lat="53.528922" lon="49.068502"><time>2025-05-30T04:48:40.000Z</time></trkpt><trkpt lat="53.528918" lon="49.068373"><time>2025-05-30T04:48:42.000Z</time></trkpt><trkpt lat="53.528919" lon="49.068247"><time>2025-05-30T04:48:44.000Z</time></trkpt><trkpt lat="53.52892" lon="49.068115"><time>2025-05-30T04:48:46.000Z</time></trkpt><trkpt lat="53.528917" lon="49.067978"><time>2025-05-30T04:48:48.000Z</time></trkpt><trkpt lat="53.528914" lon="49.067837"><time>2025-05-30T04:48:50.000Z</time></trkpt><trkpt lat="53.528915" lon="49.067691"><time>2025-05-30T04:48:52.000Z</time></trkpt><trkpt lat="53.528916" lon="49.067545"><time>2025-05-30T04:48:54.000Z</time></trkpt><trkpt lat="53.528918" lon="49.067386"><time>2025-05-30T04:48:56.000Z</time></trkpt><trkpt lat="53.528921" lon="49.067226"><time>2025-05-30T04:48:58.000Z</time></trkpt><trkpt lat="53.528927" lon="49.067071"><time>2025-05-30T04:49:00.000Z</time></trkpt><trkpt lat="53.528933" lon="49.066929"><time>2025-05-30T04:49:02.000Z</time></trkpt><trkpt lat="53.528933" lon="49.066797"><time>2025-05-30T04:49:04.000Z</time></trkpt><trkpt lat="53.528929" lon="49.066669"><time>2025-05-30T04:49:06.000Z</time></trkpt><trkpt lat="53.528921" lon="49.066541"><time>2025-05-30T04:49:08.000Z</time></trkpt><trkpt lat="53.528917" lon="49.066411"><time>2025-05-30T04:49:10.000Z</time></trkpt><trkpt lat="53.528916" lon="49.06628"><time>2025-05-30T04:49:12.000Z</time></trkpt><trkpt lat="53.528917" lon="49.066151"><time>2025-05-30T04:49:14.000Z</time></trkpt><trkpt lat="53.528917" lon="49.066024"><time>2025-05-30T04:49:16.000Z</time></trkpt><trkpt lat="53.528916" lon="49.0659"><time>2025-05-30T04:49:18.000Z</time></trkpt><trkpt lat="53.528913" lon="49.065779"><time>2025-05-30T04:49:20.000Z</time></trkpt><trkpt lat="53.528913" lon="49.065645"><time>2025-05-30T04:49:22.000Z</time></trkpt><trkpt lat="53.528912" lon="49.065504"><time>2025-05-30T04:49:24.000Z</time></trkpt><trkpt lat="53.528916" lon="49.06536"><time>2025-05-30T04:49:26.000Z</time></trkpt><trkpt lat="53.528918" lon="49.065231"><time>2025-05-30T04:49:28.000Z</time></trkpt><trkpt lat="53.52892" lon="49.065107"><time>2025-05-30T04:49:30.000Z</time></trkpt><trkpt lat="53.528922" lon="49.064968"><time>2025-05-30T04:49:32.000Z</time></trkpt><trkpt lat="53.528923" lon="49.064823"><time>2025-05-30T04:49:34.000Z</time></trkpt><trkpt lat="53.528923" lon="49.064668"><time>2025-05-30T04:49:36.000Z</time></trkpt><trkpt lat="53.528923" lon="49.064511"><time>2025-05-30T04:49:38.000Z</time></trkpt><trkpt lat="53.528916" lon="49.064348"><time>2025-05-30T04:49:40.000Z</time></trkpt><trkpt lat="53.528907" lon="49.064192"><time>2025-05-30T04:49:42.000Z</time></trkpt><trkpt lat="53.528896" lon="49.064053"><time>2025-05-30T04:49:44.000Z</time></trkpt><trkpt lat="53.528887" lon="49.063929"><time>2025-05-30T04:49:46.000Z</time></trkpt><trkpt lat="53.528884" lon="49.063804"><time>2025-05-30T04:49:48.000Z</time></trkpt><trkpt lat="53.528886" lon="49.063663"><time>2025-05-30T04:49:50.000Z</time></trkpt><trkpt lat="53.528891" lon="49.063501"><time>2025-05-30T04:49:52.000Z</time></trkpt><trkpt lat="53.528894" lon="49.063329"><time>2025-05-30T04:49:54.000Z</time></trkpt><trkpt lat="53.528895" lon="49.063157"><time>2025-05-30T04:49:56.000Z</time></trkpt><trkpt lat="53.528893" lon="49.062993"><time>2025-05-30T04:49:58.000Z</time></trkpt><trkpt lat="53.528889" lon="49.062837"><time>2025-05-30T04:50:00.000Z</time></trkpt><trkpt lat="53.528884" lon="49.062676"><time>2025-05-30T04:50:02.000Z</time></trkpt><trkpt lat="53.528879" lon="49.062509"><time>2025-05-30T04:50:04.000Z</time></trkpt><trkpt lat="53.528872" lon="49.06231"><time>2025-05-30T04:50:06.000Z</time></trkpt><trkpt lat="53.528867" lon="49.062121"><time>2025-05-30T04:50:09.000Z</time></trkpt><trkpt lat="53.528867" lon="49.061941"><time>2025-05-30T04:50:11.000Z</time></trkpt><trkpt lat="53.528874" lon="49.061792"><time>2025-05-30T04:50:13.000Z</time></trkpt><trkpt lat="53.52888" lon="49.061649"><time>2025-05-30T04:50:15.000Z</time></trkpt><trkpt lat="53.528883" lon="49.061502"><time>2025-05-30T04:50:17.000Z</time></trkpt><trkpt lat="53.528882" lon="49.061377"><time>2025-05-30T04:50:20.000Z</time></trkpt><trkpt lat="53.528881" lon="49.06127"><time>2025-05-30T04:50:22.000Z</time></trkpt><trkpt lat="53.528879" lon="49.061183"><time>2025-05-30T04:50:24.000Z</time></trkpt><trkpt lat="53.52888" lon="49.06107"><time>2025-05-30T04:50:26.000Z</time></trkpt><trkpt lat="53.52888" lon="49.060951"><time>2025-05-30T04:50:28.000Z</time></trkpt><trkpt lat="53.528879" lon="49.060833"><time>2025-05-30T04:50:30.000Z</time></trkpt><trkpt lat="53.528878" lon="49.060728"><time>2025-05-30T04:50:32.000Z</time></trkpt><trkpt lat="53.52888" lon="49.060611"><time>2025-05-30T04:50:34.000Z</time></trkpt><trkpt lat="53.528889" lon="49.060482"><time>2025-05-30T04:50:36.000Z</time></trkpt><trkpt lat="53.528895" lon="49.060352"><time>2025-05-30T04:50:38.000Z</time></trkpt><trkpt lat="53.528899" lon="49.060212"><time>2025-05-30T04:50:40.000Z</time></trkpt><trkpt lat="53.528901" lon="49.060071"><time>2025-05-30T04:50:42.000Z</time></trkpt><trkpt lat="53.528907" lon="49.059909"><time>2025-05-30T04:50:44.000Z</time></trkpt><trkpt lat="53.528914" lon="49.05975"><time>2025-05-30T04:50:46.000Z</time></trkpt><trkpt lat="53.528916" lon="49.059543"><time>2025-05-30T04:50:48.000Z</time></trkpt><trkpt lat="53.528913" lon="49.059339"><time>2025-05-30T04:50:51.000Z</time></trkpt><trkpt lat="53.528912" lon="49.059122"><time>2025-05-30T04:50:53.000Z</time></trkpt><trkpt lat="53.528921" lon="49.058933"><time>2025-05-30T04:50:55.000Z</time></trkpt><trkpt lat="53.528934" lon="49.058746"><time>2025-05-30T04:50:57.000Z</time></trkpt><trkpt lat="53.528937" lon="49.058588"><time>2025-05-30T04:50:59.000Z</time></trkpt><trkpt lat="53.528931" lon="49.058461"><time>2025-05-30T04:51:01.000Z</time></trkpt><trkpt lat="53.528925" lon="49.058346"><time>2025-05-30T04:51:03.000Z</time></trkpt><trkpt lat="53.528925" lon="49.058222"><time>2025-05-30T04:51:05.000Z</time></trkpt><trkpt lat="53.528929" lon="49.058079"><time>2025-05-30T04:51:07.000Z</time></trkpt><trkpt lat="53.528931" lon="49.057934"><time>2025-05-30T04:51:09.000Z</time></trkpt><trkpt lat="53.528929" lon="49.057795"><time>2025-05-30T04:51:11.000Z</time></trkpt><trkpt lat="53.528924" lon="49.057663"><time>2025-05-30T04:51:13.000Z</time></trkpt><trkpt lat="53.528918" lon="49.057504"><time>2025-05-30T04:51:15.000Z</time></trkpt><trkpt lat="53.528913" lon="49.057331"><time>2025-05-30T04:51:18.000Z</time></trkpt><trkpt lat="53.528905" lon="49.057149"><time>2025-05-30T04:51:20.000Z</time></trkpt><trkpt lat="53.528895" lon="49.057001"><time>2025-05-30T04:51:22.000Z</time></trkpt><trkpt lat="53.528885" lon="49.056868"><time>2025-05-30T04:51:24.000Z</time></trkpt><trkpt lat="53.528878" lon="49.056722"><time>2025-05-30T04:51:26.000Z</time></trkpt><trkpt lat="53.528874" lon="49.056584"><time>2025-05-30T04:51:29.000Z</time></trkpt><trkpt lat="53.528871" lon="49.056451"><time>2025-05-30T04:51:31.000Z</time></trkpt><trkpt lat="53.528872" lon="49.056338"><time>2025-05-30T04:51:33.000Z</time></trkpt><trkpt lat="53.528878" lon="49.056208"><time>2025-05-30T04:51:35.000Z</time></trkpt><trkpt lat="53.528885" lon="49.056053"><time>2025-05-30T04:51:37.000Z</time></trkpt><trkpt lat="53.528889" lon="49.055885"><time>2025-05-30T04:51:39.000Z</time></trkpt><trkpt lat="53.528889" lon="49.055723"><time>2025-05-30T04:51:41.000Z</time></trkpt><trkpt lat="53.528886" lon="49.055582"><time>2025-05-30T04:51:43.000Z</time></trkpt><trkpt lat="53.528881" lon="49.055455"><time>2025-05-30T04:51:45.000Z</time></trkpt><trkpt lat="53.528874" lon="49.055324"><time>2025-05-30T04:51:47.000Z</time></trkpt><trkpt lat="53.528861" lon="49.055168"><time>2025-05-30T04:51:49.000Z</time></trkpt><trkpt lat="53.528853" lon="49.055011"><time>2025-05-30T04:51:52.000Z</time></trkpt><trkpt lat="53.528849" lon="49.054856"><time>2025-05-30T04:51:54.000Z</time></trkpt><trkpt lat="53.528848" lon="49.054725"><time>2025-05-30T04:51:56.000Z</time></trkpt><trkpt lat="53.52885" lon="49.054614"><time>2025-05-30T04:51:58.000Z</time></trkpt><trkpt lat="53.52886" lon="49.054543"><time>2025-05-30T04:52:02.000Z</time></trkpt><trkpt lat="53.528872" lon="49.054481"><time>2025-05-30T04:52:20.000Z</time></trkpt><trkpt lat="53.528881" lon="49.054421"><time>2025-05-30T04:52:40.000Z</time></trkpt><trkpt lat="53.528881" lon="49.054294"><time>2025-05-30T04:52:42.000Z</time></trkpt><trkpt lat="53.52888" lon="49.054171"><time>2025-05-30T04:52:46.000Z</time></trkpt><trkpt lat="53.52888" lon="49.054044"><time>2025-05-30T04:52:48.000Z</time></trkpt><trkpt lat="53.528881" lon="49.053965"><time>2025-05-30T04:52:50.000Z</time></trkpt><trkpt lat="53.528883" lon="49.053898"><time>2025-05-30T04:52:52.000Z</time></trkpt><trkpt lat="53.528886" lon="49.053835"><time>2025-05-30T04:52:54.000Z</time></trkpt><trkpt lat="53.52889" lon="49.053773"><time>2025-05-30T04:52:57.000Z</time></trkpt><trkpt lat="53.528899" lon="49.053701"><time>2025-05-30T04:52:59.000Z</time></trkpt><trkpt lat="53.528909" lon="49.053627"><time>2025-05-30T04:53:03.000Z</time></trkpt><trkpt lat="53.528917" lon="49.053459"><time>2025-05-30T04:54:16.000Z</time></trkpt><trkpt lat="53.528921" lon="49.053354"><time>2025-05-30T04:54:18.000Z</time></trkpt><trkpt lat="53.528923" lon="49.053236"><time>2025-05-30T04:54:22.000Z</time></trkpt><trkpt lat="53.528923" lon="49.05309"><time>2025-05-30T04:54:24.000Z</time></trkpt><trkpt lat="53.528924" lon="49.052975"><time>2025-05-30T04:54:27.000Z</time></trkpt><trkpt lat="53.528931" lon="49.052862"><time>2025-05-30T04:54:29.000Z</time></trkpt><trkpt lat="53.528943" lon="49.052763"><time>2025-05-30T04:54:31.000Z</time></trkpt><trkpt lat="53.528955" lon="49.052666"><time>2025-05-30T04:54:33.000Z</time></trkpt><trkpt lat="53.528964" lon="49.052566"><time>2025-05-30T04:54:35.000Z</time></trkpt><trkpt lat="53.528968" lon="49.052461"><time>2025-05-30T04:54:37.000Z</time></trkpt><trkpt lat="53.528968" lon="49.052351"><time>2025-05-30T04:54:39.000Z</time></trkpt><trkpt lat="53.52897" lon="49.052235"><time>2025-05-30T04:54:41.000Z</time></trkpt><trkpt lat="53.528978" lon="49.052108"><time>2025-05-30T04:54:43.000Z</time></trkpt><trkpt lat="53.528984" lon="49.051973"><time>2025-05-30T04:54:45.000Z</time></trkpt><trkpt lat="53.528981" lon="49.051831"><time>2025-05-30T04:54:47.000Z</time></trkpt><trkpt lat="53.528972" lon="49.051692"><time>2025-05-30T04:54:49.000Z</time></trkpt><trkpt lat="53.528967" lon="49.051534"><time>2025-05-30T04:54:51.000Z</time></trkpt><trkpt lat="53.528971" lon="49.051382"><time>2025-05-30T04:54:54.000Z</time></trkpt><trkpt lat="53.528979" lon="49.051238"><time>2025-05-30T04:54:56.000Z</time></trkpt><trkpt lat="53.528983" lon="49.051119"><time>2025-05-30T04:54:58.000Z</time></trkpt><trkpt lat="53.528982" lon="49.050999"><time>2025-05-30T04:55:00.000Z</time></trkpt><trkpt lat="53.528979" lon="49.050874"><time>2025-05-30T04:55:02.000Z</time></trkpt><trkpt lat="53.528983" lon="49.050749"><time>2025-05-30T04:55:04.000Z</time></trkpt><trkpt lat="53.52899" lon="49.050622"><time>2025-05-30T04:55:06.000Z</time></trkpt><trkpt lat="53.528998" lon="49.050488"><time>2025-05-30T04:55:08.000Z</time></trkpt><trkpt lat="53.529004" lon="49.05035"><time>2025-05-30T04:55:10.000Z</time></trkpt><trkpt lat="53.529006" lon="49.050212"><time>2025-05-30T04:55:12.000Z</time></trkpt><trkpt lat="53.529007" lon="49.050084"><time>2025-05-30T04:55:14.000Z</time></trkpt><trkpt lat="53.529006" lon="49.049959"><time>2025-05-30T04:55:16.000Z</time></trkpt><trkpt lat="53.529004" lon="49.049836"><time>2025-05-30T04:55:18.000Z</time></trkpt><trkpt lat="53.529003" lon="49.049709"><time>2025-05-30T04:55:20.000Z</time></trkpt><trkpt lat="53.529009" lon="49.049542"><time>2025-05-30T04:55:22.000Z</time></trkpt><trkpt lat="53.529021" lon="49.049347"><time>2025-05-30T04:55:25.000Z</time></trkpt><trkpt lat="53.529033" lon="49.049134"><time>2025-05-30T04:55:27.000Z</time></trkpt><trkpt lat="53.529042" lon="49.048953"><time>2025-05-30T04:55:29.000Z</time></trkpt><trkpt lat="53.529046" lon="49.04879"><time>2025-05-30T04:55:31.000Z</time></trkpt><trkpt lat="53.529051" lon="49.048634"><time>2025-05-30T04:55:33.000Z</time></trkpt><trkpt lat="53.529051" lon="49.048479"><time>2025-05-30T04:55:35.000Z</time></trkpt><trkpt lat="53.529046" lon="49.048326"><time>2025-05-30T04:55:37.000Z</time></trkpt><trkpt lat="53.52904" lon="49.048152"><time>2025-05-30T04:55:39.000Z</time></trkpt><trkpt lat="53.529035" lon="49.047981"><time>2025-05-30T04:55:42.000Z</time></trkpt><trkpt lat="53.52903" lon="49.047812"><time>2025-05-30T04:55:44.000Z</time></trkpt><trkpt lat="53.529028" lon="49.047679"><time>2025-05-30T04:55:46.000Z</time></trkpt><trkpt lat="53.52902" lon="49.047562"><time>2025-05-30T04:55:48.000Z</time></trkpt><trkpt lat="53.529013" lon="49.047446"><time>2025-05-30T04:55:50.000Z</time></trkpt><trkpt lat="53.529015" lon="49.047298"><time>2025-05-30T04:55:52.000Z</time></trkpt><trkpt lat="53.52902" lon="49.047121"><time>2025-05-30T04:55:54.000Z</time></trkpt><trkpt lat="53.529024" lon="49.046953"><time>2025-05-30T04:55:56.000Z</time></trkpt><trkpt lat="53.529015" lon="49.046827"><time>2025-05-30T04:55:58.000Z</time></trkpt><trkpt lat="53.529008" lon="49.046736"><time>2025-05-30T04:56:00.000Z</time></trkpt><trkpt lat="53.529004" lon="49.046661"><time>2025-05-30T04:56:02.000Z</time></trkpt><trkpt lat="53.529003" lon="49.046593"><time>2025-05-30T04:56:04.000Z</time></trkpt><trkpt lat="53.529009" lon="49.046529"><time>2025-05-30T04:56:06.000Z</time></trkpt><trkpt lat="53.529019" lon="49.046472"><time>2025-05-30T04:56:08.000Z</time></trkpt><trkpt lat="53.529028" lon="49.04642"><time>2025-05-30T04:56:10.000Z</time></trkpt><trkpt lat="53.529043" lon="49.046352"><time>2025-05-30T04:56:12.000Z</time></trkpt><trkpt lat="53.529054" lon="49.046271"><time>2025-05-30T04:56:14.000Z</time></trkpt><trkpt lat="53.52906" lon="49.046153"><time>2025-05-30T04:56:16.000Z</time></trkpt><trkpt lat="53.529055" lon="49.046044"><time>2025-05-30T04:56:21.000Z</time></trkpt><trkpt lat="53.529049" lon="49.045915"><time>2025-05-30T04:56:23.000Z</time></trkpt><trkpt lat="53.529048" lon="49.04577"><time>2025-05-30T04:56:25.000Z</time></trkpt><trkpt lat="53.529051" lon="49.045576"><time>2025-05-30T04:56:27.000Z</time></trkpt><trkpt lat="53.529052" lon="49.045365"><time>2025-05-30T04:56:29.000Z</time></trkpt><trkpt lat="53.52905" lon="49.045177"><time>2025-05-30T04:56:31.000Z</time></trkpt><trkpt lat="53.52904" lon="49.045033"><time>2025-05-30T04:56:33.000Z</time></trkpt><trkpt lat="53.529029" lon="49.044917"><time>2025-05-30T04:56:35.000Z</time></trkpt><trkpt lat="53.529014" lon="49.044811"><time>2025-05-30T04:56:37.000Z</time></trkpt><trkpt lat="53.529004" lon="49.044702"><time>2025-05-30T04:56:39.000Z</time></trkpt><trkpt lat="53.529" lon="49.044591"><time>2025-05-30T04:56:41.000Z</time></trkpt><trkpt lat="53.529002" lon="49.04448"><time>2025-05-30T04:56:43.000Z</time></trkpt><trkpt lat="53.529007" lon="49.044366"><time>2025-05-30T04:56:45.000Z</time></trkpt><trkpt lat="53.529012" lon="49.044248"><time>2025-05-30T04:56:47.000Z</time></trkpt><trkpt lat="53.529016" lon="49.044134"><time>2025-05-30T04:56:49.000Z</time></trkpt><trkpt lat="53.529016" lon="49.044013"><time>2025-05-30T04:56:51.000Z</time></trkpt><trkpt lat="53.52901" lon="49.043874"><time>2025-05-30T04:56:53.000Z</time></trkpt><trkpt lat="53.529001" lon="49.043712"><time>2025-05-30T04:56:55.000Z</time></trkpt><trkpt lat="53.528991" lon="49.043551"><time>2025-05-30T04:56:57.000Z</time></trkpt><trkpt lat="53.528982" lon="49.043406"><time>2025-05-30T04:56:59.000Z</time></trkpt><trkpt lat="53.528981" lon="49.04326"><time>2025-05-30T04:57:01.000Z</time></trkpt><trkpt lat="53.528988" lon="49.043073"><time>2025-05-30T04:57:03.000Z</time></trkpt><trkpt lat="53.529" lon="49.04283"><time>2025-05-30T04:57:05.000Z</time></trkpt><trkpt lat="53.529007" lon="49.042558"><time>2025-05-30T04:57:07.000Z</time></trkpt><trkpt lat="53.529012" lon="49.042312"><time>2025-05-30T04:57:09.000Z</time></trkpt><trkpt lat="53.529018" lon="49.042132"><time>2025-05-30T04:57:11.000Z</time></trkpt><trkpt lat="53.52902" lon="49.04199"><time>2025-05-30T04:57:13.000Z</time></trkpt><trkpt lat="53.529016" lon="49.041871"><time>2025-05-30T04:57:16.000Z</time></trkpt><trkpt lat="53.529012" lon="49.041741"><time>2025-05-30T04:57:18.000Z</time></trkpt><trkpt lat="53.52901" lon="49.041598"><time>2025-05-30T04:57:20.000Z</time></trkpt><trkpt lat="53.529004" lon="49.041418"><time>2025-05-30T04:57:22.000Z</time></trkpt><trkpt lat="53.528993" lon="49.041204"><time>2025-05-30T04:57:24.000Z</time></trkpt><trkpt lat="53.528983" lon="49.040972"><time>2025-05-30T04:57:26.000Z</time></trkpt><trkpt lat="53.528978" lon="49.040742"><time>2025-05-30T04:57:28.000Z</time></trkpt><trkpt lat="53.52898" lon="49.04054"><time>2025-05-30T04:57:30.000Z</time></trkpt><trkpt lat="53.528986" lon="49.040369"><time>2025-05-30T04:57:32.000Z</time></trkpt><trkpt lat="53.528998" lon="49.040233"><time>2025-05-30T04:57:34.000Z</time></trkpt><trkpt lat="53.529009" lon="49.040123"><time>2025-05-30T04:57:36.000Z</time></trkpt><trkpt lat="53.529017" lon="49.040033"><time>2025-05-30T04:57:38.000Z</time></trkpt><trkpt lat="53.529019" lon="49.039945"><time>2025-05-30T04:57:40.000Z</time></trkpt><trkpt lat="53.529021" lon="49.039843"><time>2025-05-30T04:57:42.000Z</time></trkpt><trkpt lat="53.529024" lon="49.039721"><time>2025-05-30T04:57:44.000Z</time></trkpt><trkpt lat="53.52903" lon="49.039575"><time>2025-05-30T04:57:46.000Z</time></trkpt><trkpt lat="53.529031" lon="49.039418"><time>2025-05-30T04:57:48.000Z</time></trkpt><trkpt lat="53.529034" lon="49.039261"><time>2025-05-30T04:57:50.000Z</time></trkpt><trkpt lat="53.529037" lon="49.038986"><time>2025-05-30T04:57:52.000Z</time></trkpt><trkpt lat="53.529041" lon="49.03871"><time>2025-05-30T04:57:58.000Z</time></trkpt><trkpt lat="53.52904" lon="49.03843"><time>2025-05-30T04:58:00.000Z</time></trkpt><trkpt lat="53.529033" lon="49.038266"><time>2025-05-30T04:58:02.000Z</time></trkpt><trkpt lat="53.52902" lon="49.038089"><time>2025-05-30T04:58:04.000Z</time></trkpt><trkpt lat="53.529008" lon="49.037901"><time>2025-05-30T04:58:06.000Z</time></trkpt><trkpt lat="53.528998" lon="49.037712"><time>2025-05-30T04:58:08.000Z</time></trkpt><trkpt lat="53.52899" lon="49.037535"><time>2025-05-30T04:58:10.000Z</time></trkpt><trkpt lat="53.528984" lon="49.037374"><time>2025-05-30T04:58:12.000Z</time></trkpt><trkpt lat="53.52898" lon="49.037228"><time>2025-05-30T04:58:14.000Z</time></trkpt><trkpt lat="53.528981" lon="49.037089"><time>2025-05-30T04:58:16.000Z</time></trkpt><trkpt lat="53.528982" lon="49.036948"><time>2025-05-30T04:58:18.000Z</time></trkpt><trkpt lat="53.52898" lon="49.036801"><time>2025-05-30T04:58:20.000Z</time></trkpt><trkpt lat="53.528973" lon="49.036661"><time>2025-05-30T04:58:22.000Z</time></trkpt><trkpt lat="53.528968" lon="49.036537"><time>2025-05-30T04:58:24.000Z</time></trkpt><trkpt lat="53.528968" lon="49.036428"><time>2025-05-30T04:58:26.000Z</time></trkpt><trkpt lat="53.528971" lon="49.036301"><time>2025-05-30T04:58:28.000Z</time></trkpt><trkpt lat="53.528976" lon="49.036168"><time>2025-05-30T04:58:31.000Z</time></trkpt><trkpt lat="53.528983" lon="49.036027"><time>2025-05-30T04:58:33.000Z</time></trkpt><trkpt lat="53.528994" lon="49.0359"><time>2025-05-30T04:58:35.000Z</time></trkpt><trkpt lat="53.529006" lon="49.035767"><time>2025-05-30T04:58:37.000Z</time></trkpt><trkpt lat="53.529017" lon="49.035626"><time>2025-05-30T04:58:39.000Z</time></trkpt><trkpt lat="53.529025" lon="49.035475"><time>2025-05-30T04:58:41.000Z</time></trkpt><trkpt lat="53.529032" lon="49.035316"><time>2025-05-30T04:58:43.000Z</time></trkpt><trkpt lat="53.529038" lon="49.035144"><time>2025-05-30T04:58:45.000Z</time></trkpt><trkpt lat="53.529041" lon="49.03496"><time>2025-05-30T04:58:47.000Z</time></trkpt><trkpt lat="53.529038" lon="49.034772"><time>2025-05-30T04:58:49.000Z</time></trkpt><trkpt lat="53.529029" lon="49.034596"><time>2025-05-30T04:58:51.000Z</time></trkpt><trkpt lat="53.529017" lon="49.034443"><time>2025-05-30T04:58:53.000Z</time></trkpt><trkpt lat="53.529007" lon="49.034307"><time>2025-05-30T04:58:55.000Z</time></trkpt><trkpt lat="53.528999" lon="49.034177"><time>2025-05-30T04:58:57.000Z</time></trkpt><trkpt lat="53.528994" lon="49.034039"><time>2025-05-30T04:58:59.000Z</time></trkpt><trkpt lat="53.528989" lon="49.033862"><time>2025-05-30T04:59:01.000Z</time></trkpt><trkpt lat="53.528983" lon="49.033684"><time>2025-05-30T04:59:04.000Z</time></trkpt><trkpt lat="53.528977" lon="49.033511"><time>2025-05-30T04:59:06.000Z</time></trkpt><trkpt lat="53.528972" lon="49.033371"><time>2025-05-30T04:59:08.000Z</time></trkpt><trkpt lat="53.528971" lon="49.033229"><time>2025-05-30T04:59:10.000Z</time></trkpt><trkpt lat="53.528979" lon="49.033081"><time>2025-05-30T04:59:12.000Z</time></trkpt><trkpt lat="53.528989" lon="49.032936"><time>2025-05-30T04:59:14.000Z</time></trkpt><trkpt lat="53.528995" lon="49.032792"><time>2025-05-30T04:59:16.000Z</time></trkpt><trkpt lat="53.528994" lon="49.03264"><time>2025-05-30T04:59:18.000Z</time></trkpt><trkpt lat="53.52899" lon="49.032469"><time>2025-05-30T04:59:20.000Z</time></trkpt><trkpt lat="53.528984" lon="49.032289"><time>2025-05-30T04:59:22.000Z</time></trkpt><trkpt lat="53.528977" lon="49.032014"><time>2025-05-30T04:59:24.000Z</time></trkpt><trkpt lat="53.528971" lon="49.031758"><time>2025-05-30T04:59:30.000Z</time></trkpt><trkpt lat="53.528967" lon="49.03137"><time>2025-05-30T04:59:32.000Z</time></trkpt><trkpt lat="53.528965" lon="49.031104"><time>2025-05-30T04:59:37.000Z</time></trkpt><trkpt lat="53.528962" lon="49.030859"><time>2025-05-30T04:59:39.000Z</time></trkpt><trkpt lat="53.528956" lon="49.030789"><time>2025-05-30T04:59:41.000Z</time></trkpt><trkpt lat="53.528947" lon="49.03072"><time>2025-05-30T04:59:43.000Z</time></trkpt><trkpt lat="53.528948" lon="49.030643"><time>2025-05-30T04:59:45.000Z</time></trkpt><trkpt lat="53.528965" lon="49.03054"><time>2025-05-30T04:59:47.000Z</time></trkpt><trkpt lat="53.528991" lon="49.030419"><time>2025-05-30T04:59:49.000Z</time></trkpt><trkpt lat="53.52902" lon="49.030291"><time>2025-05-30T04:59:51.000Z</time></trkpt><trkpt lat="53.529044" lon="49.030187"><time>2025-05-30T04:59:53.000Z</time></trkpt><trkpt lat="53.529082" lon="49.030097"><time>2025-05-30T04:59:55.000Z</time></trkpt><trkpt lat="53.529128" lon="49.030016"><time>2025-05-30T04:59:57.000Z</time></trkpt><trkpt lat="53.529203" lon="49.029919"><time>2025-05-30T04:59:59.000Z</time></trkpt><trkpt lat="53.529278" lon="49.02983"><time>2025-05-30T05:00:02.000Z</time></trkpt><trkpt lat="53.529346" lon="49.029738"><time>2025-05-30T05:00:04.000Z</time></trkpt><trkpt lat="53.529382" lon="49.029637"><time>2025-05-30T05:00:06.000Z</time></trkpt><trkpt lat="53.5294" lon="49.029518"><time>2025-05-30T05:00:08.000Z</time></trkpt><trkpt lat="53.529417" lon="49.029391"><time>2025-05-30T05:00:10.000Z</time></trkpt><trkpt lat="53.52944" lon="49.029261"><time>2025-05-30T05:00:12.000Z</time></trkpt><trkpt lat="53.529472" lon="49.029129"><time>2025-05-30T05:00:14.000Z</time></trkpt><trkpt lat="53.529529" lon="49.028929"><time>2025-05-30T05:00:16.000Z</time></trkpt><trkpt lat="53.52961" lon="49.028709"><time>2025-05-30T05:00:22.000Z</time></trkpt><trkpt lat="53.529702" lon="49.028503"><time>2025-05-30T05:00:26.000Z</time></trkpt><trkpt lat="53.529776" lon="49.028382"><time>2025-05-30T05:00:28.000Z</time></trkpt><trkpt lat="53.529837" lon="49.028297"><time>2025-05-30T05:00:30.000Z</time></trkpt><trkpt lat="53.529894" lon="49.028204"><time>2025-05-30T05:00:32.000Z</time></trkpt><trkpt lat="53.52995" lon="49.02809"><time>2025-05-30T05:00:34.000Z</time></trkpt><trkpt lat="53.530008" lon="49.027962"><time>2025-05-30T05:00:36.000Z</time></trkpt><trkpt lat="53.530066" lon="49.027844"><time>2025-05-30T05:00:38.000Z</time></trkpt><trkpt lat="53.530121" lon="49.027737"><time>2025-05-30T05:00:40.000Z</time></trkpt><trkpt lat="53.530172" lon="49.027629"><time>2025-05-30T05:00:42.000Z</time></trkpt><trkpt lat="53.530226" lon="49.027526"><time>2025-05-30T05:00:44.000Z</time></trkpt><trkpt lat="53.530286" lon="49.027457"><time>2025-05-30T05:00:46.000Z</time></trkpt><trkpt lat="53.530345" lon="49.027441"><time>2025-05-30T05:00:48.000Z</time></trkpt><trkpt lat="53.530398" lon="49.027461"><time>2025-05-30T05:00:50.000Z</time></trkpt><trkpt lat="53.530446" lon="49.027479"><time>2025-05-30T05:00:52.000Z</time></trkpt><trkpt lat="53.530495" lon="49.027473"><time>2025-05-30T05:00:54.000Z</time></trkpt><trkpt lat="53.530541" lon="49.027441"><time>2025-05-30T05:00:56.000Z</time></trkpt><trkpt lat="53.530579" lon="49.027388"><time>2025-05-30T05:00:58.000Z</time></trkpt><trkpt lat="53.530607" lon="49.027335"><time>2025-05-30T05:01:00.000Z</time></trkpt><trkpt lat="53.530626" lon="49.027273"><time>2025-05-30T05:01:02.000Z</time></trkpt><trkpt lat="53.530637" lon="49.027209"><time>2025-05-30T05:01:05.000Z</time></trkpt><trkpt lat="53.530639" lon="49.027141"><time>2025-05-30T05:01:07.000Z</time></trkpt><trkpt lat="53.530628" lon="49.027086"><time>2025-05-30T05:01:09.000Z</time></trkpt><trkpt lat="53.530604" lon="49.026996"><time>2025-05-30T05:02:51.000Z</time></trkpt><trkpt lat="53.530593" lon="49.027048"><time>2025-05-30T05:07:34.001Z</time></trkpt><trkpt lat="53.530589" lon="49.027051"><time>2025-05-30T05:10:04.001Z</time></trkpt><trkpt lat="53.530596" lon="49.02707"><time>2025-05-30T05:24:41.001Z</time></trkpt><trkpt lat="53.530586" lon="49.027047"><time>2025-05-30T05:24:55.001Z</time></trkpt><trkpt lat="53.530625" lon="49.027013"><time>2025-05-30T05:26:49.001Z</time></trkpt><trkpt lat="53.530657" lon="49.027037"><time>2025-05-30T05:26:53.001Z</time></trkpt><trkpt lat="53.53069" lon="49.027049"><time>2025-05-30T05:26:57.001Z</time></trkpt><trkpt lat="53.530723" lon="49.027044"><time>2025-05-30T05:26:59.001Z</time></trkpt><trkpt lat="53.530756" lon="49.027022"><time>2025-05-30T05:27:01.001Z</time></trkpt><trkpt lat="53.530789" lon="49.026993"><time>2025-05-30T05:27:03.001Z</time></trkpt><trkpt lat="53.530819" lon="49.026953"><time>2025-05-30T05:27:05.001Z</time></trkpt><trkpt lat="53.530844" lon="49.026903"><time>2025-05-30T05:27:07.001Z</time></trkpt><trkpt lat="53.530861" lon="49.026847"><time>2025-05-30T05:27:09.001Z</time></trkpt><trkpt lat="53.530874" lon="49.026792"><time>2025-05-30T05:27:11.001Z</time></trkpt><trkpt lat="53.530894" lon="49.02674"><time>2025-05-30T05:27:13.001Z</time></trkpt><trkpt lat="53.530923" lon="49.026683"><time>2025-05-30T05:27:15.001Z</time></trkpt><trkpt lat="53.53096" lon="49.026621"><time>2025-05-30T05:27:17.001Z</time></trkpt><trkpt lat="53.530997" lon="49.026552"><time>2025-05-30T05:27:19.001Z</time></trkpt><trkpt lat="53.531022" lon="49.026474"><time>2025-05-30T05:27:21.001Z</time></trkpt><trkpt lat="53.531023" lon="49.026379"><time>2025-05-30T05:27:23.001Z</time></trkpt><trkpt lat="53.53101" lon="49.026253"><time>2025-05-30T05:27:25.001Z</time></trkpt><trkpt lat="53.531018" lon="49.026093"><time>2025-05-30T05:27:27.001Z</time></trkpt><trkpt lat="53.531061" lon="49.025937"><time>2025-05-30T05:27:29.001Z</time></trkpt><trkpt lat="53.531123" lon="49.025803"><time>2025-05-30T05:27:31.001Z</time></trkpt><trkpt lat="53.53119" lon="49.025666"><time>2025-05-30T05:27:33.001Z</time></trkpt><trkpt lat="53.531255" lon="49.025531"><time>2025-05-30T05:27:36.001Z</time></trkpt><trkpt lat="53.531323" lon="49.025404"><time>2025-05-30T05:27:38.001Z</time></trkpt><trkpt lat="53.531384" lon="49.025318"><time>2025-05-30T05:27:40.001Z</time></trkpt><trkpt lat="53.531444" lon="49.025241"><time>2025-05-30T05:27:42.001Z</time></trkpt><trkpt lat="53.531509" lon="49.02517"><time>2025-05-30T05:27:44.001Z</time></trkpt><trkpt lat="53.531577" lon="49.025107"><time>2025-05-30T05:27:46.001Z</time></trkpt><trkpt lat="53.531643" lon="49.025053"><time>2025-05-30T05:27:48.001Z</time></trkpt><trkpt lat="53.5317" lon="49.024991"><time>2025-05-30T05:27:50.001Z</time></trkpt><trkpt lat="53.531748" lon="49.024908"><time>2025-05-30T05:27:52.001Z</time></trkpt><trkpt lat="53.531789" lon="49.024802"><time>2025-05-30T05:27:54.001Z</time></trkpt><trkpt lat="53.531828" lon="49.024685"><time>2025-05-30T05:27:56.001Z</time></trkpt><trkpt lat="53.531868" lon="49.024567"><time>2025-05-30T05:27:58.001Z</time></trkpt><trkpt lat="53.531911" lon="49.024459"><time>2025-05-30T05:28:00.000Z</time></trkpt><trkpt lat="53.53196" lon="49.024364"><time>2025-05-30T05:28:02.000Z</time></trkpt><trkpt lat="53.532016" lon="49.02428"><time>2025-05-30T05:28:04.001Z</time></trkpt><trkpt lat="53.532076" lon="49.0242"><time>2025-05-30T05:28:06.001Z</time></trkpt><trkpt lat="53.532137" lon="49.024117"><time>2025-05-30T05:28:08.001Z</time></trkpt><trkpt lat="53.532193" lon="49.024026"><time>2025-05-30T05:28:10.001Z</time></trkpt><trkpt lat="53.53225" lon="49.023934"><time>2025-05-30T05:28:12.001Z</time></trkpt><trkpt lat="53.532309" lon="49.023856"><time>2025-05-30T05:28:14.001Z</time></trkpt><trkpt lat="53.532371" lon="49.023797"><time>2025-05-30T05:28:16.000Z</time></trkpt><trkpt lat="53.532429" lon="49.023745"><time>2025-05-30T05:28:18.001Z</time></trkpt><trkpt lat="53.532477" lon="49.023694"><time>2025-05-30T05:28:20.001Z</time></trkpt><trkpt lat="53.532529" lon="49.023627"><time>2025-05-30T05:28:22.001Z</time></trkpt><trkpt lat="53.532581" lon="49.023552"><time>2025-05-30T05:28:25.001Z</time></trkpt><trkpt lat="53.532635" lon="49.023462"><time>2025-05-30T05:28:27.001Z</time></trkpt><trkpt lat="53.532681" lon="49.023348"><time>2025-05-30T05:28:29.001Z</time></trkpt><trkpt lat="53.532729" lon="49.023231"><time>2025-05-30T05:28:32.001Z</time></trkpt><trkpt lat="53.532783" lon="49.023122"><time>2025-05-30T05:28:34.001Z</time></trkpt><trkpt lat="53.532841" lon="49.023052"><time>2025-05-30T05:28:36.001Z</time></trkpt><trkpt lat="53.532899" lon="49.022993"><time>2025-05-30T05:28:38.001Z</time></trkpt><trkpt lat="53.532951" lon="49.02293"><time>2025-05-30T05:28:40.001Z</time></trkpt><trkpt lat="53.532993" lon="49.022852"><time>2025-05-30T05:28:42.001Z</time></trkpt><trkpt lat="53.533034" lon="49.022765"><time>2025-05-30T05:28:44.001Z</time></trkpt><trkpt lat="53.533077" lon="49.022682"><time>2025-05-30T05:28:46.001Z</time></trkpt><trkpt lat="53.533128" lon="49.022609"><time>2025-05-30T05:28:48.001Z</time></trkpt><trkpt lat="53.533186" lon="49.022543"><time>2025-05-30T05:28:50.001Z</time></trkpt><trkpt lat="53.533246" lon="49.022481"><time>2025-05-30T05:28:52.001Z</time></trkpt><trkpt lat="53.533302" lon="49.02242"><time>2025-05-30T05:28:54.001Z</time></trkpt><trkpt lat="53.533348" lon="49.022357"><time>2025-05-30T05:28:56.001Z</time></trkpt><trkpt lat="53.533382" lon="49.022287"><time>2025-05-30T05:28:58.001Z</time></trkpt><trkpt lat="53.533414" lon="49.022194"><time>2025-05-30T05:29:00.000Z</time></trkpt><trkpt lat="53.533451" lon="49.022084"><time>2025-05-30T05:29:02.000Z</time></trkpt><trkpt lat="53.533499" lon="49.021971"><time>2025-05-30T05:29:04.001Z</time></trkpt><trkpt lat="53.533553" lon="49.021873"><time>2025-05-30T05:29:06.001Z</time></trkpt><trkpt lat="53.533606" lon="49.021781"><time>2025-05-30T05:29:08.001Z</time></trkpt><trkpt lat="53.533659" lon="49.021664"><time>2025-05-30T05:29:10.001Z</time></trkpt><trkpt lat="53.533716" lon="49.021555"><time>2025-05-30T05:29:13.001Z</time></trkpt><trkpt lat="53.533784" lon="49.021461"><time>2025-05-30T05:29:15.001Z</time></trkpt><trkpt lat="53.533853" lon="49.021395"><time>2025-05-30T05:29:17.001Z</time></trkpt><trkpt lat="53.533917" lon="49.021322"><time>2025-05-30T05:29:19.001Z</time></trkpt><trkpt lat="53.533976" lon="49.021245"><time>2025-05-30T05:29:21.001Z</time></trkpt><trkpt lat="53.53403" lon="49.021168"><time>2025-05-30T05:29:23.001Z</time></trkpt><trkpt lat="53.534079" lon="49.021087"><time>2025-05-30T05:29:25.001Z</time></trkpt><trkpt lat="53.534123" lon="49.020998"><time>2025-05-30T05:29:27.001Z</time></trkpt><trkpt lat="53.534168" lon="49.020909"><time>2025-05-30T05:29:29.001Z</time></trkpt><trkpt lat="53.534218" lon="49.020824"><time>2025-05-30T05:29:31.001Z</time></trkpt><trkpt lat="53.534275" lon="49.020742"><time>2025-05-30T05:29:33.001Z</time></trkpt><trkpt lat="53.534334" lon="49.020658"><time>2025-05-30T05:29:35.001Z</time></trkpt><trkpt lat="53.534395" lon="49.020575"><time>2025-05-30T05:29:37.001Z</time></trkpt><trkpt lat="53.534455" lon="49.020503"><time>2025-05-30T05:29:39.001Z</time></trkpt><trkpt lat="53.534515" lon="49.020439"><time>2025-05-30T05:29:41.001Z</time></trkpt><trkpt lat="53.534566" lon="49.020366"><time>2025-05-30T05:29:43.001Z</time></trkpt><trkpt lat="53.534608" lon="49.020281"><time>2025-05-30T05:29:45.001Z</time></trkpt><trkpt lat="53.534652" lon="49.020195"><time>2025-05-30T05:29:47.001Z</time></trkpt><trkpt lat="53.5347" lon="49.020112"><time>2025-05-30T05:29:49.001Z</time></trkpt><trkpt lat="53.534739" lon="49.02003"><time>2025-05-30T05:29:51.001Z</time></trkpt><trkpt lat="53.534775" lon="49.019937"><time>2025-05-30T05:29:53.001Z</time></trkpt><trkpt lat="53.534823" lon="49.019852"><time>2025-05-30T05:29:55.001Z</time></trkpt><trkpt lat="53.53489" lon="49.019765"><time>2025-05-30T05:29:57.001Z</time></trkpt><trkpt lat="53.534959" lon="49.019681"><time>2025-05-30T05:29:59.001Z</time></trkpt><trkpt lat="53.535018" lon="49.019589"><time>2025-05-30T05:30:01.001Z</time></trkpt><trkpt lat="53.535069" lon="49.019497"><time>2025-05-30T05:30:03.001Z</time></trkpt><trkpt lat="53.535116" lon="49.019411"><time>2025-05-30T05:30:05.001Z</time></trkpt><trkpt lat="53.535175" lon="49.019311"><time>2025-05-30T05:30:07.001Z</time></trkpt><trkpt lat="53.535243" lon="49.019211"><time>2025-05-30T05:30:10.001Z</time></trkpt><trkpt lat="53.535318" lon="49.019116"><time>2025-05-30T05:30:12.001Z</time></trkpt><trkpt lat="53.535385" lon="49.019053"><time>2025-05-30T05:30:14.001Z</time></trkpt><trkpt lat="53.535447" lon="49.019005"><time>2025-05-30T05:30:16.000Z</time></trkpt><trkpt lat="53.535506" lon="49.018956"><time>2025-05-30T05:30:18.001Z</time></trkpt><trkpt lat="53.535562" lon="49.018905"><time>2025-05-30T05:30:20.001Z</time></trkpt><trkpt lat="53.535621" lon="49.018859"><time>2025-05-30T05:30:22.001Z</time></trkpt><trkpt lat="53.535682" lon="49.018823"><time>2025-05-30T05:30:24.001Z</time></trkpt><trkpt lat="53.535743" lon="49.018789"><time>2025-05-30T05:30:26.001Z</time></trkpt><trkpt lat="53.535803" lon="49.018751"><time>2025-05-30T05:30:28.001Z</time></trkpt><trkpt lat="53.53586" lon="49.018699"><time>2025-05-30T05:30:30.001Z</time></trkpt><trkpt lat="53.535908" lon="49.018627"><time>2025-05-30T05:30:32.001Z</time></trkpt><trkpt lat="53.53594" lon="49.018533"><time>2025-05-30T05:30:34.001Z</time></trkpt><trkpt lat="53.535966" lon="49.018427"><time>2025-05-30T05:30:36.001Z</time></trkpt><trkpt lat="53.536013" lon="49.018324"><time>2025-05-30T05:30:38.001Z</time></trkpt><trkpt lat="53.536074" lon="49.018232"><time>2025-05-30T05:30:41.001Z</time></trkpt><trkpt lat="53.53614" lon="49.018138"><time>2025-05-30T05:30:43.001Z</time></trkpt><trkpt lat="53.536196" lon="49.018045"><time>2025-05-30T05:30:45.001Z</time></trkpt><trkpt lat="53.536252" lon="49.017952"><time>2025-05-30T05:30:47.001Z</time></trkpt><trkpt lat="53.536303" lon="49.017859"><time>2025-05-30T05:30:49.001Z</time></trkpt><trkpt lat="53.536352" lon="49.017749"><time>2025-05-30T05:30:51.001Z</time></trkpt><trkpt lat="53.536426" lon="49.017621"><time>2025-05-30T05:30:53.001Z</time></trkpt><trkpt lat="53.536517" lon="49.017501"><time>2025-05-30T05:30:56.001Z</time></trkpt><trkpt lat="53.536625" lon="49.0174"><time>2025-05-30T05:30:58.001Z</time></trkpt><trkpt lat="53.53672" lon="49.017337"><time>2025-05-30T05:31:00.000Z</time></trkpt><trkpt lat="53.536815" lon="49.017296"><time>2025-05-30T05:31:02.000Z</time></trkpt><trkpt lat="53.536903" lon="49.017264"><time>2025-05-30T05:31:04.001Z</time></trkpt><trkpt lat="53.536987" lon="49.017234"><time>2025-05-30T05:31:06.001Z</time></trkpt><trkpt lat="53.537068" lon="49.01721"><time>2025-05-30T05:31:08.001Z</time></trkpt><trkpt lat="53.537141" lon="49.017205"><time>2025-05-30T05:31:10.001Z</time></trkpt><trkpt lat="53.537206" lon="49.017214"><time>2025-05-30T05:31:12.001Z</time></trkpt><trkpt lat="53.537265" lon="49.01723"><time>2025-05-30T05:31:14.002Z</time></trkpt><trkpt lat="53.537324" lon="49.017245"><time>2025-05-30T05:31:16.002Z</time></trkpt><trkpt lat="53.537397" lon="49.017235"><time>2025-05-30T05:31:18.002Z</time></trkpt><trkpt lat="53.537467" lon="49.017209"><time>2025-05-30T05:31:22.002Z</time></trkpt><trkpt lat="53.537538" lon="49.017182"><time>2025-05-30T05:31:24.002Z</time></trkpt><trkpt lat="53.537588" lon="49.017192"><time>2025-05-30T05:31:26.002Z</time></trkpt><trkpt lat="53.537622" lon="49.017239"><time>2025-05-30T05:31:28.002Z</time></trkpt><trkpt lat="53.537639" lon="49.017317"><time>2025-05-30T05:31:30.002Z</time></trkpt><trkpt lat="53.537652" lon="49.017395"><time>2025-05-30T05:31:34.002Z</time></trkpt><trkpt lat="53.537668" lon="49.017468"><time>2025-05-30T05:31:38.002Z</time></trkpt><trkpt lat="53.537686" lon="49.017533"><time>2025-05-30T05:31:42.002Z</time></trkpt><trkpt lat="53.537689" lon="49.017604"><time>2025-05-30T05:31:46.002Z</time></trkpt><trkpt lat="53.537681" lon="49.017669"><time>2025-05-30T05:31:50.002Z</time></trkpt><trkpt lat="53.537672" lon="49.017734"><time>2025-05-30T05:31:52.002Z</time></trkpt><trkpt lat="53.537671" lon="49.017797"><time>2025-05-30T05:31:54.002Z</time></trkpt><trkpt lat="53.537683" lon="49.017884"><time>2025-05-30T05:31:56.002Z</time></trkpt><trkpt lat="53.537697" lon="49.017974"><time>2025-05-30T05:31:58.002Z</time></trkpt><trkpt lat="53.537699" lon="49.018057"><time>2025-05-30T05:32:00.001Z</time></trkpt><trkpt lat="53.537686" lon="49.018114"><time>2025-05-30T05:32:02.002Z</time></trkpt><trkpt lat="53.537664" lon="49.018168"><time>2025-05-30T05:32:04.001Z</time></trkpt><trkpt lat="53.537642" lon="49.018228"><time>2025-05-30T05:32:06.002Z</time></trkpt><trkpt lat="53.537625" lon="49.018292"><time>2025-05-30T05:32:08.002Z</time></trkpt><trkpt lat="53.53762" lon="49.018414"><time>2025-05-30T05:32:10.002Z</time></trkpt><trkpt lat="53.537617" lon="49.018542"><time>2025-05-30T05:32:16.002Z</time></trkpt><trkpt lat="53.537612" lon="49.018677"><time>2025-05-30T05:32:20.002Z</time></trkpt><trkpt lat="53.537597" lon="49.01876"><time>2025-05-30T05:32:22.002Z</time></trkpt><trkpt lat="53.537582" lon="49.018841"><time>2025-05-30T05:32:24.002Z</time></trkpt><trkpt lat="53.53757" lon="49.018919"><time>2025-05-30T05:32:26.002Z</time></trkpt><trkpt lat="53.537554" lon="49.018989"><time>2025-05-30T05:32:28.002Z</time></trkpt><trkpt lat="53.537529" lon="49.019063"><time>2025-05-30T05:32:30.002Z</time></trkpt><trkpt lat="53.537498" lon="49.019138"><time>2025-05-30T05:32:33.002Z</time></trkpt><trkpt lat="53.537464" lon="49.019218"><time>2025-05-30T05:32:35.002Z</time></trkpt><trkpt lat="53.537434" lon="49.019289"><time>2025-05-30T05:32:37.002Z</time></trkpt><trkpt lat="53.537407" lon="49.019363"><time>2025-05-30T05:32:39.002Z</time></trkpt><trkpt lat="53.537384" lon="49.01944"><time>2025-05-30T05:32:41.002Z</time></trkpt><trkpt lat="53.537369" lon="49.019563"><time>2025-05-30T05:32:43.002Z</time></trkpt><trkpt lat="53.537345" lon="49.019708"><time>2025-05-30T05:32:45.002Z</time></trkpt><trkpt lat="53.537314" lon="49.019847"><time>2025-05-30T05:32:48.002Z</time></trkpt><trkpt lat="53.537277" lon="49.019953"><time>2025-05-30T05:32:50.002Z</time></trkpt><trkpt lat="53.537243" lon="49.020041"><time>2025-05-30T05:32:52.002Z</time></trkpt><trkpt lat="53.537213" lon="49.020143"><time>2025-05-30T05:32:54.002Z</time></trkpt><trkpt lat="53.537183" lon="49.02025"><time>2025-05-30T05:32:56.002Z</time></trkpt><trkpt lat="53.537149" lon="49.020366"><time>2025-05-30T05:32:58.002Z</time></trkpt><trkpt lat="53.537109" lon="49.020482"><time>2025-05-30T05:33:00.001Z</time></trkpt><trkpt lat="53.537065" lon="49.020596"><time>2025-05-30T05:33:02.002Z</time></trkpt><trkpt lat="53.537024" lon="49.020713"><time>2025-05-30T05:33:04.001Z</time></trkpt><trkpt lat="53.53698" lon="49.020834"><time>2025-05-30T05:33:06.002Z</time></trkpt><trkpt lat="53.536925" lon="49.020998"><time>2025-05-30T05:33:08.002Z</time></trkpt><trkpt lat="53.536862" lon="49.021168"><time>2025-05-30T05:33:12.002Z</time></trkpt><trkpt lat="53.536801" lon="49.021335"><time>2025-05-30T05:33:14.002Z</time></trkpt><trkpt lat="53.536756" lon="49.021442"><time>2025-05-30T05:33:16.002Z</time></trkpt><trkpt lat="53.536716" lon="49.021558"><time>2025-05-30T05:33:18.002Z</time></trkpt><trkpt lat="53.536691" lon="49.021696"><time>2025-05-30T05:33:21.002Z</time></trkpt><trkpt lat="53.536681" lon="49.021854"><time>2025-05-30T05:33:23.002Z</time></trkpt><trkpt lat="53.536698" lon="49.021993"><time>2025-05-30T05:33:25.002Z</time></trkpt><trkpt lat="53.536725" lon="49.022107"><time>2025-05-30T05:33:27.002Z</time></trkpt><trkpt lat="53.536757" lon="49.02222"><time>2025-05-30T05:33:29.002Z</time></trkpt><trkpt lat="53.536789" lon="49.022328"><time>2025-05-30T05:33:31.002Z</time></trkpt><trkpt lat="53.536818" lon="49.022444"><time>2025-05-30T05:33:33.002Z</time></trkpt><trkpt lat="53.536843" lon="49.022572"><time>2025-05-30T05:33:35.002Z</time></trkpt><trkpt lat="53.536868" lon="49.022704"><time>2025-05-30T05:33:37.002Z</time></trkpt><trkpt lat="53.536905" lon="49.022821"><time>2025-05-30T05:33:39.002Z</time></trkpt><trkpt lat="53.536948" lon="49.022926"><time>2025-05-30T05:33:41.002Z</time></trkpt><trkpt lat="53.536988" lon="49.02303"><time>2025-05-30T05:33:43.002Z</time></trkpt><trkpt lat="53.537027" lon="49.023158"><time>2025-05-30T05:33:45.002Z</time></trkpt><trkpt lat="53.537071" lon="49.02329"><time>2025-05-30T05:33:47.002Z</time></trkpt><trkpt lat="53.537126" lon="49.023425"><time>2025-05-30T05:33:49.002Z</time></trkpt><trkpt lat="53.537181" lon="49.02355"><time>2025-05-30T05:33:51.002Z</time></trkpt><trkpt lat="53.537231" lon="49.023678"><time>2025-05-30T05:33:53.002Z</time></trkpt><trkpt lat="53.537273" lon="49.023806"><time>2025-05-30T05:33:55.002Z</time></trkpt><trkpt lat="53.537311" lon="49.023934"><time>2025-05-30T05:33:57.002Z</time></trkpt><trkpt lat="53.537347" lon="49.02406"><time>2025-05-30T05:33:59.002Z</time></trkpt><trkpt lat="53.537383" lon="49.024181"><time>2025-05-30T05:34:01.002Z</time></trkpt><trkpt lat="53.537419" lon="49.024298"><time>2025-05-30T05:34:03.002Z</time></trkpt><trkpt lat="53.537454" lon="49.024409"><time>2025-05-30T05:34:05.002Z</time></trkpt><trkpt lat="53.537483" lon="49.024519"><time>2025-05-30T05:34:07.002Z</time></trkpt><trkpt lat="53.537507" lon="49.024636"><time>2025-05-30T05:34:09.002Z</time></trkpt><trkpt lat="53.537527" lon="49.024758"><time>2025-05-30T05:34:11.002Z</time></trkpt><trkpt lat="53.537546" lon="49.024875"><time>2025-05-30T05:34:13.002Z</time></trkpt><trkpt lat="53.537563" lon="49.024983"><time>2025-05-30T05:34:15.002Z</time></trkpt><trkpt lat="53.537582" lon="49.025109"><time>2025-05-30T05:34:17.002Z</time></trkpt><trkpt lat="53.537599" lon="49.025242"><time>2025-05-30T05:34:20.002Z</time></trkpt><trkpt lat="53.537613" lon="49.025382"><time>2025-05-30T05:34:22.002Z</time></trkpt><trkpt lat="53.537622" lon="49.025505"><time>2025-05-30T05:34:24.002Z</time></trkpt><trkpt lat="53.537638" lon="49.025631"><time>2025-05-30T05:34:26.002Z</time></trkpt><trkpt lat="53.537667" lon="49.025758"><time>2025-05-30T05:34:28.002Z</time></trkpt><trkpt lat="53.537709" lon="49.02589"><time>2025-05-30T05:34:30.002Z</time></trkpt><trkpt lat="53.537755" lon="49.026019"><time>2025-05-30T05:34:32.001Z</time></trkpt><trkpt lat="53.5378" lon="49.02614"><time>2025-05-30T05:34:34.002Z</time></trkpt><trkpt lat="53.537841" lon="49.026248"><time>2025-05-30T05:34:36.002Z</time></trkpt><trkpt lat="53.537882" lon="49.026349"><time>2025-05-30T05:34:38.002Z</time></trkpt><trkpt lat="53.537925" lon="49.026439"><time>2025-05-30T05:34:40.002Z</time></trkpt><trkpt lat="53.537968" lon="49.026526"><time>2025-05-30T05:34:42.002Z</time></trkpt><trkpt lat="53.53801" lon="49.026611"><time>2025-05-30T05:34:44.002Z</time></trkpt><trkpt lat="53.538064" lon="49.026713"><time>2025-05-30T05:34:46.002Z</time></trkpt><trkpt lat="53.538126" lon="49.026807"><time>2025-05-30T05:34:49.002Z</time></trkpt><trkpt lat="53.538196" lon="49.026873"><time>2025-05-30T05:34:51.002Z</time></trkpt><trkpt lat="53.538256" lon="49.026889"><time>2025-05-30T05:34:53.002Z</time></trkpt><trkpt lat="53.538308" lon="49.026882"><time>2025-05-30T05:34:55.002Z</time></trkpt><trkpt lat="53.538358" lon="49.026876"><time>2025-05-30T05:34:57.002Z</time></trkpt><trkpt lat="53.538409" lon="49.026883"><time>2025-05-30T05:34:59.002Z</time></trkpt><trkpt lat="53.538458" lon="49.02691"><time>2025-05-30T05:35:01.002Z</time></trkpt><trkpt lat="53.538488" lon="49.026951"><time>2025-05-30T05:35:03.002Z</time></trkpt><trkpt lat="53.538493" lon="49.027017"><time>2025-05-30T05:35:05.002Z</time></trkpt><trkpt lat="53.538484" lon="49.027106"><time>2025-05-30T05:35:08.002Z</time></trkpt><trkpt lat="53.538474" lon="49.027218"><time>2025-05-30T05:35:10.002Z</time></trkpt><trkpt lat="53.538473" lon="49.027347"><time>2025-05-30T05:35:12.002Z</time></trkpt><trkpt lat="53.538475" lon="49.027495"><time>2025-05-30T05:35:14.002Z</time></trkpt><trkpt lat="53.538471" lon="49.027674"><time>2025-05-30T05:35:16.002Z</time></trkpt><trkpt lat="53.538468" lon="49.027866"><time>2025-05-30T05:35:19.002Z</time></trkpt><trkpt lat="53.538468" lon="49.028064"><time>2025-05-30T05:35:21.002Z</time></trkpt><trkpt lat="53.538476" lon="49.028242"><time>2025-05-30T05:35:23.002Z</time></trkpt><trkpt lat="53.538478" lon="49.0284"><time>2025-05-30T05:35:25.002Z</time></trkpt><trkpt lat="53.538473" lon="49.028535"><time>2025-05-30T05:35:27.002Z</time></trkpt><trkpt lat="53.538465" lon="49.028662"><time>2025-05-30T05:35:29.002Z</time></trkpt><trkpt lat="53.538458" lon="49.02879"><time>2025-05-30T05:35:31.002Z</time></trkpt><trkpt lat="53.538453" lon="49.028924"><time>2025-05-30T05:35:33.002Z</time></trkpt><trkpt lat="53.538446" lon="49.029061"><time>2025-05-30T05:35:35.002Z</time></trkpt><trkpt lat="53.538443" lon="49.02921"><time>2025-05-30T05:35:37.002Z</time></trkpt><trkpt lat="53.538445" lon="49.029381"><time>2025-05-30T05:35:39.002Z</time></trkpt><trkpt lat="53.538447" lon="49.029572"><time>2025-05-30T05:35:41.002Z</time></trkpt><trkpt lat="53.538446" lon="49.029764"><time>2025-05-30T05:35:43.002Z</time></trkpt><trkpt lat="53.538444" lon="49.029945"><time>2025-05-30T05:35:45.002Z</time></trkpt><trkpt lat="53.538447" lon="49.030113"><time>2025-05-30T05:35:47.002Z</time></trkpt><trkpt lat="53.538452" lon="49.030277"><time>2025-05-30T05:35:49.002Z</time></trkpt><trkpt lat="53.538452" lon="49.030445"><time>2025-05-30T05:35:51.002Z</time></trkpt><trkpt lat="53.538455" lon="49.030626"><time>2025-05-30T05:35:53.002Z</time></trkpt><trkpt lat="53.538464" lon="49.030819"><time>2025-05-30T05:35:55.002Z</time></trkpt><trkpt lat="53.538471" lon="49.031009"><time>2025-05-30T05:35:57.002Z</time></trkpt><trkpt lat="53.538472" lon="49.031181"><time>2025-05-30T05:35:59.002Z</time></trkpt><trkpt lat="53.538464" lon="49.031366"><time>2025-05-30T05:36:01.002Z</time></trkpt><trkpt lat="53.538456" lon="49.031544"><time>2025-05-30T05:36:04.001Z</time></trkpt><trkpt lat="53.538449" lon="49.031733"><time>2025-05-30T05:36:06.002Z</time></trkpt><trkpt lat="53.538443" lon="49.031902"><time>2025-05-30T05:36:08.002Z</time></trkpt><trkpt lat="53.538441" lon="49.032084"><time>2025-05-30T05:36:10.002Z</time></trkpt><trkpt lat="53.538461" lon="49.032276"><time>2025-05-30T05:36:12.002Z</time></trkpt><trkpt lat="53.538518" lon="49.032459"><time>2025-05-30T05:36:14.002Z</time></trkpt><trkpt lat="53.538608" lon="49.032587"><time>2025-05-30T05:36:16.002Z</time></trkpt><trkpt lat="53.538717" lon="49.03265"><time>2025-05-30T05:36:18.002Z</time></trkpt><trkpt lat="53.538823" lon="49.032675"><time>2025-05-30T05:36:20.002Z</time></trkpt><trkpt lat="53.538925" lon="49.032705"><time>2025-05-30T05:36:22.002Z</time></trkpt><trkpt lat="53.539031" lon="49.032741"><time>2025-05-30T05:36:24.002Z</time></trkpt><trkpt lat="53.539135" lon="49.032773"><time>2025-05-30T05:36:26.002Z</time></trkpt><trkpt lat="53.539248" lon="49.032801"><time>2025-05-30T05:36:28.002Z</time></trkpt><trkpt lat="53.539357" lon="49.032823"><time>2025-05-30T05:36:30.002Z</time></trkpt><trkpt lat="53.539486" lon="49.03284"><time>2025-05-30T05:36:32.001Z</time></trkpt><trkpt lat="53.539607" lon="49.032842"><time>2025-05-30T05:36:35.002Z</time></trkpt><trkpt lat="53.53972" lon="49.032834"><time>2025-05-30T05:36:37.002Z</time></trkpt><trkpt lat="53.539816" lon="49.032828"><time>2025-05-30T05:36:39.002Z</time></trkpt><trkpt lat="53.53991" lon="49.032833"><time>2025-05-30T05:36:41.002Z</time></trkpt><trkpt lat="53.540001" lon="49.032843"><time>2025-05-30T05:36:43.002Z</time></trkpt><trkpt lat="53.540089" lon="49.03285"><time>2025-05-30T05:36:45.002Z</time></trkpt><trkpt lat="53.540174" lon="49.032856"><time>2025-05-30T05:36:47.002Z</time></trkpt><trkpt lat="53.540265" lon="49.032862"><time>2025-05-30T05:36:49.002Z</time></trkpt><trkpt lat="53.540356" lon="49.032868"><time>2025-05-30T05:36:51.002Z</time></trkpt><trkpt lat="53.540446" lon="49.032867"><time>2025-05-30T05:36:53.002Z</time></trkpt><trkpt lat="53.540523" lon="49.032866"><time>2025-05-30T05:36:55.002Z</time></trkpt><trkpt lat="53.540594" lon="49.032867"><time>2025-05-30T05:36:57.002Z</time></trkpt><trkpt lat="53.540674" lon="49.032864"><time>2025-05-30T05:36:59.002Z</time></trkpt><trkpt lat="53.540769" lon="49.032861"><time>2025-05-30T05:37:01.002Z</time></trkpt><trkpt lat="53.540872" lon="49.032866"><time>2025-05-30T05:37:03.002Z</time></trkpt><trkpt lat="53.540975" lon="49.032874"><time>2025-05-30T05:37:05.002Z</time></trkpt><trkpt lat="53.541075" lon="49.032879"><time>2025-05-30T05:37:07.002Z</time></trkpt><trkpt lat="53.541178" lon="49.032869"><time>2025-05-30T05:37:09.002Z</time></trkpt><trkpt lat="53.541277" lon="49.03286"><time>2025-05-30T05:37:11.002Z</time></trkpt><trkpt lat="53.541373" lon="49.032855"><time>2025-05-30T05:37:13.002Z</time></trkpt><trkpt lat="53.541465" lon="49.032856"><time>2025-05-30T05:37:15.002Z</time></trkpt><trkpt lat="53.541559" lon="49.032859"><time>2025-05-30T05:37:17.002Z</time></trkpt><trkpt lat="53.541652" lon="49.032862"><time>2025-05-30T05:37:19.002Z</time></trkpt><trkpt lat="53.541743" lon="49.032866"><time>2025-05-30T05:37:21.002Z</time></trkpt><trkpt lat="53.541834" lon="49.032872"><time>2025-05-30T05:37:23.002Z</time></trkpt><trkpt lat="53.541924" lon="49.032878"><time>2025-05-30T05:37:25.002Z</time></trkpt><trkpt lat="53.542017" lon="49.032881"><time>2025-05-30T05:37:27.002Z</time></trkpt><trkpt lat="53.542109" lon="49.032881"><time>2025-05-30T05:37:29.002Z</time></trkpt><trkpt lat="53.542199" lon="49.032878"><time>2025-05-30T05:37:31.002Z</time></trkpt><trkpt lat="53.542285" lon="49.032875"><time>2025-05-30T05:37:33.002Z</time></trkpt><trkpt lat="53.54237" lon="49.032874"><time>2025-05-30T05:37:35.002Z</time></trkpt><trkpt lat="53.542457" lon="49.032877"><time>2025-05-30T05:37:37.002Z</time></trkpt><trkpt lat="53.542592" lon="49.032874"><time>2025-05-30T05:37:39.002Z</time></trkpt><trkpt lat="53.542722" lon="49.032867"><time>2025-05-30T05:37:43.002Z</time></trkpt><trkpt lat="53.542857" lon="49.032859"><time>2025-05-30T05:37:45.002Z</time></trkpt><trkpt lat="53.54295" lon="49.032857"><time>2025-05-30T05:37:47.002Z</time></trkpt><trkpt lat="53.543055" lon="49.032853"><time>2025-05-30T05:37:49.002Z</time></trkpt><trkpt lat="53.543158" lon="49.032849"><time>2025-05-30T05:37:51.002Z</time></trkpt><trkpt lat="53.543258" lon="49.032844"><time>2025-05-30T05:37:53.002Z</time></trkpt><trkpt lat="53.543354" lon="49.032838"><time>2025-05-30T05:37:55.002Z</time></trkpt><trkpt lat="53.543447" lon="49.032833"><time>2025-05-30T05:37:57.002Z</time></trkpt><trkpt lat="53.543538" lon="49.032833"><time>2025-05-30T05:37:59.002Z</time></trkpt><trkpt lat="53.543629" lon="49.032837"><time>2025-05-30T05:38:01.002Z</time></trkpt><trkpt lat="53.543722" lon="49.032844"><time>2025-05-30T05:38:03.002Z</time></trkpt><trkpt lat="53.543824" lon="49.032847"><time>2025-05-30T05:38:05.002Z</time></trkpt><trkpt lat="53.543923" lon="49.032848"><time>2025-05-30T05:38:07.002Z</time></trkpt><trkpt lat="53.544017" lon="49.032848"><time>2025-05-30T05:38:09.002Z</time></trkpt><trkpt lat="53.544102" lon="49.032849"><time>2025-05-30T05:38:11.002Z</time></trkpt><trkpt lat="53.544186" lon="49.032854"><time>2025-05-30T05:38:13.002Z</time></trkpt><trkpt lat="53.544277" lon="49.032864"><time>2025-05-30T05:38:15.002Z</time></trkpt><trkpt lat="53.544368" lon="49.032875"><time>2025-05-30T05:38:17.002Z</time></trkpt><trkpt lat="53.544458" lon="49.032882"><time>2025-05-30T05:38:19.002Z</time></trkpt><trkpt lat="53.544546" lon="49.032883"><time>2025-05-30T05:38:21.002Z</time></trkpt><trkpt lat="53.544634" lon="49.03288"><time>2025-05-30T05:38:23.002Z</time></trkpt><trkpt lat="53.544722" lon="49.032873"><time>2025-05-30T05:38:25.002Z</time></trkpt><trkpt lat="53.544808" lon="49.032868"><time>2025-05-30T05:38:27.002Z</time></trkpt><trkpt lat="53.544905" lon="49.032865"><time>2025-05-30T05:38:29.002Z</time></trkpt><trkpt lat="53.545011" lon="49.032865"><time>2025-05-30T05:38:31.002Z</time></trkpt><trkpt lat="53.545121" lon="49.032865"><time>2025-05-30T05:38:33.002Z</time></trkpt><trkpt lat="53.545227" lon="49.032867"><time>2025-05-30T05:38:35.002Z</time></trkpt><trkpt lat="53.545326" lon="49.032871"><time>2025-05-30T05:38:37.002Z</time></trkpt><trkpt lat="53.54542" lon="49.03288"><time>2025-05-30T05:38:39.002Z</time></trkpt><trkpt lat="53.545515" lon="49.032891"><time>2025-05-30T05:38:41.002Z</time></trkpt><trkpt lat="53.545613" lon="49.032898"><time>2025-05-30T05:38:43.002Z</time></trkpt><trkpt lat="53.545717" lon="49.032901"><time>2025-05-30T05:38:45.002Z</time></trkpt><trkpt lat="53.54582" lon="49.032901"><time>2025-05-30T05:38:47.002Z</time></trkpt><trkpt lat="53.545917" lon="49.032905"><time>2025-05-30T05:38:49.002Z</time></trkpt><trkpt lat="53.546012" lon="49.032913"><time>2025-05-30T05:38:51.002Z</time></trkpt><trkpt lat="53.54611" lon="49.032924"><time>2025-05-30T05:38:53.002Z</time></trkpt><trkpt lat="53.546214" lon="49.03293"><time>2025-05-30T05:38:55.002Z</time></trkpt><trkpt lat="53.546313" lon="49.032933"><time>2025-05-30T05:38:57.002Z</time></trkpt><trkpt lat="53.546407" lon="49.032931"><time>2025-05-30T05:38:59.002Z</time></trkpt><trkpt lat="53.546501" lon="49.032923"><time>2025-05-30T05:39:01.002Z</time></trkpt><trkpt lat="53.546602" lon="49.032909"><time>2025-05-30T05:39:03.002Z</time></trkpt><trkpt lat="53.546709" lon="49.032896"><time>2025-05-30T05:39:05.002Z</time></trkpt><trkpt lat="53.546818" lon="49.032887"><time>2025-05-30T05:39:07.002Z</time></trkpt><trkpt lat="53.546926" lon="49.032882"><time>2025-05-30T05:39:09.002Z</time></trkpt><trkpt lat="53.547032" lon="49.032877"><time>2025-05-30T05:39:11.002Z</time></trkpt><trkpt lat="53.547132" lon="49.032875"><time>2025-05-30T05:39:13.002Z</time></trkpt><trkpt lat="53.547228" lon="49.032877"><time>2025-05-30T05:39:15.002Z</time></trkpt><trkpt lat="53.547323" lon="49.032883"><time>2025-05-30T05:39:17.002Z</time></trkpt><trkpt lat="53.547436" lon="49.032886"><time>2025-05-30T05:39:19.002Z</time></trkpt><trkpt lat="53.547555" lon="49.032889"><time>2025-05-30T05:39:22.002Z</time></trkpt><trkpt lat="53.54768" lon="49.032893"><time>2025-05-30T05:39:24.002Z</time></trkpt><trkpt lat="53.547791" lon="49.03289"><time>2025-05-30T05:39:26.002Z</time></trkpt><trkpt lat="53.547899" lon="49.032879"><time>2025-05-30T05:39:28.002Z</time></trkpt><trkpt lat="53.548004" lon="49.032851"><time>2025-05-30T05:39:30.002Z</time></trkpt><trkpt lat="53.548112" lon="49.032817"><time>2025-05-30T05:39:32.001Z</time></trkpt><trkpt lat="53.548223" lon="49.032784"><time>2025-05-30T05:39:34.002Z</time></trkpt><trkpt lat="53.548334" lon="49.032769"><time>2025-05-30T05:39:36.002Z</time></trkpt><trkpt lat="53.54844" lon="49.032772"><time>2025-05-30T05:39:38.002Z</time></trkpt><trkpt lat="53.548545" lon="49.032784"><time>2025-05-30T05:39:40.002Z</time></trkpt><trkpt lat="53.548672" lon="49.032793"><time>2025-05-30T05:39:42.002Z</time></trkpt><trkpt lat="53.548806" lon="49.032794"><time>2025-05-30T05:39:45.002Z</time></trkpt><trkpt lat="53.548943" lon="49.032789"><time>2025-05-30T05:39:47.002Z</time></trkpt><trkpt lat="53.549054" lon="49.032786"><time>2025-05-30T05:39:49.002Z</time></trkpt><trkpt lat="53.549156" lon="49.032788"><time>2025-05-30T05:39:51.002Z</time></trkpt><trkpt lat="53.549254" lon="49.032803"><time>2025-05-30T05:39:53.002Z</time></trkpt><trkpt lat="53.549358" lon="49.032826"><time>2025-05-30T05:39:55.002Z</time></trkpt><trkpt lat="53.549468" lon="49.032855"><time>2025-05-30T05:39:57.002Z</time></trkpt><trkpt lat="53.549583" lon="49.032882"><time>2025-05-30T05:39:59.002Z</time></trkpt><trkpt lat="53.549694" lon="49.032894"><time>2025-05-30T05:40:01.002Z</time></trkpt><trkpt lat="53.549802" lon="49.032894"><time>2025-05-30T05:40:03.002Z</time></trkpt><trkpt lat="53.54991" lon="49.032885"><time>2025-05-30T05:40:05.002Z</time></trkpt><trkpt lat="53.550019" lon="49.032875"><time>2025-05-30T05:40:07.002Z</time></trkpt><trkpt lat="53.550129" lon="49.032877"><time>2025-05-30T05:40:09.002Z</time></trkpt><trkpt lat="53.550235" lon="49.032884"><time>2025-05-30T05:40:11.002Z</time></trkpt><trkpt lat="53.550338" lon="49.032893"><time>2025-05-30T05:40:13.002Z</time></trkpt><trkpt lat="53.550437" lon="49.032894"><time>2025-05-30T05:40:15.002Z</time></trkpt><trkpt lat="53.550534" lon="49.032891"><time>2025-05-30T05:40:17.002Z</time></trkpt><trkpt lat="53.550631" lon="49.032884"><time>2025-05-30T05:40:19.002Z</time></trkpt><trkpt lat="53.550734" lon="49.03288"><time>2025-05-30T05:40:21.002Z</time></trkpt><trkpt lat="53.550841" lon="49.03288"><time>2025-05-30T05:40:23.002Z</time></trkpt><trkpt lat="53.550967" lon="49.032884"><time>2025-05-30T05:40:25.002Z</time></trkpt><trkpt lat="53.551095" lon="49.032883"><time>2025-05-30T05:40:28.002Z</time></trkpt><trkpt lat="53.551208" lon="49.03288"><time>2025-05-30T05:40:30.002Z</time></trkpt><trkpt lat="53.551302" lon="49.032882"><time>2025-05-30T05:40:32.001Z</time></trkpt><trkpt lat="53.551386" lon="49.032892"><time>2025-05-30T05:40:34.002Z</time></trkpt><trkpt lat="53.551479" lon="49.032901"><time>2025-05-30T05:40:36.002Z</time></trkpt><trkpt lat="53.551573" lon="49.032904"><time>2025-05-30T05:40:38.002Z</time></trkpt><trkpt lat="53.551672" lon="49.032891"><time>2025-05-30T05:40:40.002Z</time></trkpt><trkpt lat="53.551773" lon="49.032876"><time>2025-05-30T05:40:42.002Z</time></trkpt><trkpt lat="53.551892" lon="49.03286"><time>2025-05-30T05:40:44.002Z</time></trkpt><trkpt lat="53.552016" lon="49.032855"><time>2025-05-30T05:40:47.002Z</time></trkpt><trkpt lat="53.552149" lon="49.032855"><time>2025-05-30T05:40:49.002Z</time></trkpt><trkpt lat="53.552271" lon="49.032859"><time>2025-05-30T05:40:51.002Z</time></trkpt><trkpt lat="53.552394" lon="49.032866"><time>2025-05-30T05:40:53.002Z</time></trkpt><trkpt lat="53.552511" lon="49.032875"><time>2025-05-30T05:40:55.002Z</time></trkpt><trkpt lat="53.552621" lon="49.032882"><time>2025-05-30T05:40:57.002Z</time></trkpt><trkpt lat="53.552724" lon="49.03288"><time>2025-05-30T05:40:59.002Z</time></trkpt><trkpt lat="53.552823" lon="49.032869"><time>2025-05-30T05:41:01.002Z</time></trkpt><trkpt lat="53.552915" lon="49.032855"><time>2025-05-30T05:41:03.002Z</time></trkpt><trkpt lat="53.553001" lon="49.032846"><time>2025-05-30T05:41:05.002Z</time></trkpt><trkpt lat="53.553084" lon="49.032843"><time>2025-05-30T05:41:07.002Z</time></trkpt><trkpt lat="53.553171" lon="49.032841"><time>2025-05-30T05:41:09.002Z</time></trkpt><trkpt lat="53.553258" lon="49.032843"><time>2025-05-30T05:41:11.002Z</time></trkpt><trkpt lat="53.553347" lon="49.03285"><time>2025-05-30T05:41:13.002Z</time></trkpt><trkpt lat="53.553438" lon="49.032858"><time>2025-05-30T05:41:15.002Z</time></trkpt><trkpt lat="53.553531" lon="49.032862"><time>2025-05-30T05:41:17.002Z</time></trkpt><trkpt lat="53.553623" lon="49.032861"><time>2025-05-30T05:41:19.002Z</time></trkpt><trkpt lat="53.553709" lon="49.03286"><time>2025-05-30T05:41:21.002Z</time></trkpt><trkpt lat="53.553791" lon="49.03286"><time>2025-05-30T05:41:23.002Z</time></trkpt><trkpt lat="53.553871" lon="49.032857"><time>2025-05-30T05:41:25.002Z</time></trkpt><trkpt lat="53.553949" lon="49.03286"><time>2025-05-30T05:41:27.002Z</time></trkpt><trkpt lat="53.554027" lon="49.032872"><time>2025-05-30T05:41:29.002Z</time></trkpt><trkpt lat="53.554113" lon="49.032883"><time>2025-05-30T05:41:31.002Z</time></trkpt><trkpt lat="53.554228" lon="49.032886"><time>2025-05-30T05:41:33.002Z</time></trkpt><trkpt lat="53.55437" lon="49.032876"><time>2025-05-30T05:41:35.002Z</time></trkpt><trkpt lat="53.554525" lon="49.032862"><time>2025-05-30T05:41:37.002Z</time></trkpt><trkpt lat="53.554669" lon="49.032852"><time>2025-05-30T05:41:39.002Z</time></trkpt><trkpt lat="53.55479" lon="49.032846"><time>2025-05-30T05:41:41.002Z</time></trkpt><trkpt lat="53.55489" lon="49.032844"><time>2025-05-30T05:41:43.002Z</time></trkpt><trkpt lat="53.555003" lon="49.032844"><time>2025-05-30T05:41:45.002Z</time></trkpt><trkpt lat="53.555114" lon="49.032842"><time>2025-05-30T05:41:49.002Z</time></trkpt><trkpt lat="53.555246" lon="49.032844"><time>2025-05-30T05:41:51.002Z</time></trkpt><trkpt lat="53.555403" lon="49.032841"><time>2025-05-30T05:41:53.002Z</time></trkpt><trkpt lat="53.555576" lon="49.032841"><time>2025-05-30T05:41:56.002Z</time></trkpt><trkpt lat="53.555741" lon="49.032845"><time>2025-05-30T05:41:58.002Z</time></trkpt><trkpt lat="53.555861" lon="49.032852"><time>2025-05-30T05:42:00.001Z</time></trkpt><trkpt lat="53.555971" lon="49.032857"><time>2025-05-30T05:42:02.002Z</time></trkpt><trkpt lat="53.556081" lon="49.032857"><time>2025-05-30T05:42:04.001Z</time></trkpt><trkpt lat="53.556199" lon="49.032856"><time>2025-05-30T05:42:06.002Z</time></trkpt><trkpt lat="53.556322" lon="49.032858"><time>2025-05-30T05:42:08.002Z</time></trkpt><trkpt lat="53.55644" lon="49.032862"><time>2025-05-30T05:42:10.002Z</time></trkpt><trkpt lat="53.556554" lon="49.032865"><time>2025-05-30T05:42:12.002Z</time></trkpt><trkpt lat="53.556668" lon="49.032867"><time>2025-05-30T05:42:14.002Z</time></trkpt><trkpt lat="53.556785" lon="49.032876"><time>2025-05-30T05:42:16.002Z</time></trkpt><trkpt lat="53.556896" lon="49.032912"><time>2025-05-30T05:42:18.002Z</time></trkpt><trkpt lat="53.556992" lon="49.032988"><time>2025-05-30T05:42:20.002Z</time></trkpt><trkpt lat="53.557062" lon="49.033104"><time>2025-05-30T05:42:22.002Z</time></trkpt><trkpt lat="53.557103" lon="49.033251"><time>2025-05-30T05:42:24.002Z</time></trkpt><trkpt lat="53.557126" lon="49.033413"><time>2025-05-30T05:42:26.002Z</time></trkpt><trkpt lat="53.557162" lon="49.033588"><time>2025-05-30T05:42:28.002Z</time></trkpt><trkpt lat="53.557229" lon="49.033757"><time>2025-05-30T05:42:30.002Z</time></trkpt><trkpt lat="53.557327" lon="49.033919"><time>2025-05-30T05:42:32.001Z</time></trkpt><trkpt lat="53.557447" lon="49.034065"><time>2025-05-30T05:42:34.002Z</time></trkpt><trkpt lat="53.557574" lon="49.034192"><time>2025-05-30T05:42:36.002Z</time></trkpt><trkpt lat="53.557707" lon="49.034302"><time>2025-05-30T05:42:38.002Z</time></trkpt><trkpt lat="53.557834" lon="49.034383"><time>2025-05-30T05:42:40.002Z</time></trkpt><trkpt lat="53.557959" lon="49.03445"><time>2025-05-30T05:42:42.002Z</time></trkpt><trkpt lat="53.558078" lon="49.034503"><time>2025-05-30T05:42:44.002Z</time></trkpt><trkpt lat="53.5582" lon="49.034566"><time>2025-05-30T05:42:46.002Z</time></trkpt><trkpt lat="53.558322" lon="49.03462"><time>2025-05-30T05:42:48.002Z</time></trkpt><trkpt lat="53.558443" lon="49.034668"><time>2025-05-30T05:42:50.002Z</time></trkpt><trkpt lat="53.558563" lon="49.034703"><time>2025-05-30T05:42:52.002Z</time></trkpt><trkpt lat="53.558686" lon="49.034733"><time>2025-05-30T05:42:54.002Z</time></trkpt><trkpt lat="53.558814" lon="49.034763"><time>2025-05-30T05:42:56.002Z</time></trkpt><trkpt lat="53.558939" lon="49.034791"><time>2025-05-30T05:42:58.002Z</time></trkpt><trkpt lat="53.559058" lon="49.034822"><time>2025-05-30T05:43:00.001Z</time></trkpt><trkpt lat="53.559177" lon="49.034852"><time>2025-05-30T05:43:02.002Z</time></trkpt><trkpt lat="53.559299" lon="49.034882"><time>2025-05-30T05:43:04.001Z</time></trkpt><trkpt lat="53.559424" lon="49.034914"><time>2025-05-30T05:43:06.002Z</time></trkpt><trkpt lat="53.559543" lon="49.034948"><time>2025-05-30T05:43:08.002Z</time></trkpt><trkpt lat="53.559657" lon="49.034982"><time>2025-05-30T05:43:10.002Z</time></trkpt><trkpt lat="53.559768" lon="49.035011"><time>2025-05-30T05:43:12.002Z</time></trkpt><trkpt lat="53.559884" lon="49.035036"><time>2025-05-30T05:43:14.002Z</time></trkpt><trkpt lat="53.560003" lon="49.035055"><time>2025-05-30T05:43:16.002Z</time></trkpt><trkpt lat="53.560126" lon="49.035069"><time>2025-05-30T05:43:18.002Z</time></trkpt><trkpt lat="53.560249" lon="49.035083"><time>2025-05-30T05:43:20.002Z</time></trkpt><trkpt lat="53.560371" lon="49.035099"><time>2025-05-30T05:43:22.002Z</time></trkpt><trkpt lat="53.560489" lon="49.035115"><time>2025-05-30T05:43:24.002Z</time></trkpt><trkpt lat="53.560606" lon="49.03512"><time>2025-05-30T05:43:26.002Z</time></trkpt><trkpt lat="53.560723" lon="49.035107"><time>2025-05-30T05:43:28.002Z</time></trkpt><trkpt lat="53.560838" lon="49.035069"><time>2025-05-30T05:43:30.002Z</time></trkpt><trkpt lat="53.560952" lon="49.035012"><time>2025-05-30T05:43:32.001Z</time></trkpt><trkpt lat="53.561063" lon="49.034943"><time>2025-05-30T05:43:34.002Z</time></trkpt><trkpt lat="53.56117" lon="49.034868"><time>2025-05-30T05:43:36.002Z</time></trkpt><trkpt lat="53.561268" lon="49.034791"><time>2025-05-30T05:43:38.002Z</time></trkpt><trkpt lat="53.561359" lon="49.034708"><time>2025-05-30T05:43:40.002Z</time></trkpt><trkpt lat="53.561448" lon="49.034622"><time>2025-05-30T05:43:42.002Z</time></trkpt><trkpt lat="53.561535" lon="49.034533"><time>2025-05-30T05:43:44.002Z</time></trkpt><trkpt lat="53.561626" lon="49.034445"><time>2025-05-30T05:43:46.002Z</time></trkpt><trkpt lat="53.561724" lon="49.034356"><time>2025-05-30T05:43:48.002Z</time></trkpt><trkpt lat="53.561828" lon="49.034265"><time>2025-05-30T05:43:50.002Z</time></trkpt><trkpt lat="53.561938" lon="49.034174"><time>2025-05-30T05:43:52.002Z</time></trkpt><trkpt lat="53.562054" lon="49.03409"><time>2025-05-30T05:43:54.002Z</time></trkpt><trkpt lat="53.562174" lon="49.034022"><time>2025-05-30T05:43:56.002Z</time></trkpt><trkpt lat="53.562293" lon="49.033972"><time>2025-05-30T05:43:58.002Z</time></trkpt><trkpt lat="53.562423" lon="49.03393"><time>2025-05-30T05:44:00.001Z</time></trkpt><trkpt lat="53.562549" lon="49.033877"><time>2025-05-30T05:44:03.002Z</time></trkpt><trkpt lat="53.562678" lon="49.033807"><time>2025-05-30T05:44:05.002Z</time></trkpt><trkpt lat="53.562789" lon="49.033731"><time>2025-05-30T05:44:07.002Z</time></trkpt><trkpt lat="53.562899" lon="49.033657"><time>2025-05-30T05:44:09.002Z</time></trkpt><trkpt lat="53.563006" lon="49.033589"><time>2025-05-30T05:44:11.002Z</time></trkpt><trkpt lat="53.563115" lon="49.03353"><time>2025-05-30T05:44:13.002Z</time></trkpt><trkpt lat="53.563225" lon="49.033481"><time>2025-05-30T05:44:15.002Z</time></trkpt><trkpt lat="53.563338" lon="49.03345"><time>2025-05-30T05:44:17.002Z</time></trkpt><trkpt lat="53.563455" lon="49.033435"><time>2025-05-30T05:44:19.002Z</time></trkpt><trkpt lat="53.563571" lon="49.033439"><time>2025-05-30T05:44:21.002Z</time></trkpt><trkpt lat="53.563686" lon="49.033451"><time>2025-05-30T05:44:23.002Z</time></trkpt><trkpt lat="53.563796" lon="49.03346"><time>2025-05-30T05:44:25.002Z</time></trkpt><trkpt lat="53.563903" lon="49.033456"><time>2025-05-30T05:44:27.002Z</time></trkpt><trkpt lat="53.56401" lon="49.033435"><time>2025-05-30T05:44:29.002Z</time></trkpt><trkpt lat="53.564118" lon="49.033398"><time>2025-05-30T05:44:31.002Z</time></trkpt><trkpt lat="53.564224" lon="49.033344"><time>2025-05-30T05:44:33.002Z</time></trkpt><trkpt lat="53.564324" lon="49.033269"><time>2025-05-30T05:44:35.002Z</time></trkpt><trkpt lat="53.564414" lon="49.033172"><time>2025-05-30T05:44:37.002Z</time></trkpt><trkpt lat="53.564494" lon="49.033062"><time>2025-05-30T05:44:39.002Z</time></trkpt><trkpt lat="53.564561" lon="49.032944"><time>2025-05-30T05:44:41.002Z</time></trkpt><trkpt lat="53.564622" lon="49.032823"><time>2025-05-30T05:44:43.002Z</time></trkpt><trkpt lat="53.56468" lon="49.032702"><time>2025-05-30T05:44:45.002Z</time></trkpt><trkpt lat="53.56474" lon="49.032583"><time>2025-05-30T05:44:47.002Z</time></trkpt><trkpt lat="53.564797" lon="49.032473"><time>2025-05-30T05:44:49.002Z</time></trkpt><trkpt lat="53.564845" lon="49.032383"><time>2025-05-30T05:44:51.002Z</time></trkpt><trkpt lat="53.564892" lon="49.032307"><time>2025-05-30T05:44:53.002Z</time></trkpt><trkpt lat="53.564942" lon="49.032233"><time>2025-05-30T05:44:55.002Z</time></trkpt><trkpt lat="53.564998" lon="49.032151"><time>2025-05-30T05:44:57.002Z</time></trkpt><trkpt lat="53.56506" lon="49.032066"><time>2025-05-30T05:44:59.002Z</time></trkpt><trkpt lat="53.56513" lon="49.03199"><time>2025-05-30T05:45:01.002Z</time></trkpt><trkpt lat="53.565209" lon="49.031932"><time>2025-05-30T05:45:03.002Z</time></trkpt><trkpt lat="53.565292" lon="49.03189"><time>2025-05-30T05:45:05.002Z</time></trkpt><trkpt lat="53.565374" lon="49.031839"><time>2025-05-30T05:45:07.002Z</time></trkpt><trkpt lat="53.565454" lon="49.031767"><time>2025-05-30T05:45:09.002Z</time></trkpt><trkpt lat="53.565535" lon="49.031674"><time>2025-05-30T05:45:11.002Z</time></trkpt><trkpt lat="53.565627" lon="49.031581"><time>2025-05-30T05:45:13.002Z</time></trkpt><trkpt lat="53.565726" lon="49.031495"><time>2025-05-30T05:45:15.002Z</time></trkpt><trkpt lat="53.565828" lon="49.031417"><time>2025-05-30T05:45:17.002Z</time></trkpt><trkpt lat="53.565929" lon="49.03134"><time>2025-05-30T05:45:19.002Z</time></trkpt><trkpt lat="53.566029" lon="49.031255"><time>2025-05-30T05:45:21.002Z</time></trkpt><trkpt lat="53.56616" lon="49.031123"><time>2025-05-30T05:45:23.002Z</time></trkpt><trkpt lat="53.566282" lon="49.030982"><time>2025-05-30T05:45:27.002Z</time></trkpt><trkpt lat="53.566396" lon="49.030841"><time>2025-05-30T05:45:29.002Z</time></trkpt><trkpt lat="53.566472" lon="49.030737"><time>2025-05-30T05:45:31.002Z</time></trkpt><trkpt lat="53.566545" lon="49.030632"><time>2025-05-30T05:45:33.002Z</time></trkpt><trkpt lat="53.566615" lon="49.030517"><time>2025-05-30T05:45:35.002Z</time></trkpt><trkpt lat="53.566679" lon="49.030388"><time>2025-05-30T05:45:37.002Z</time></trkpt><trkpt lat="53.566739" lon="49.030252"><time>2025-05-30T05:45:39.002Z</time></trkpt><trkpt lat="53.566799" lon="49.030116"><time>2025-05-30T05:45:41.002Z</time></trkpt><trkpt lat="53.566863" lon="49.029993"><time>2025-05-30T05:45:43.002Z</time></trkpt><trkpt lat="53.566932" lon="49.029883"><time>2025-05-30T05:45:45.002Z</time></trkpt><trkpt lat="53.567006" lon="49.029787"><time>2025-05-30T05:45:47.002Z</time></trkpt><trkpt lat="53.567086" lon="49.029699"><time>2025-05-30T05:45:49.002Z</time></trkpt><trkpt lat="53.567171" lon="49.029621"><time>2025-05-30T05:45:51.002Z</time></trkpt><trkpt lat="53.567263" lon="49.029556"><time>2025-05-30T05:45:53.002Z</time></trkpt><trkpt lat="53.56736" lon="49.02951"><time>2025-05-30T05:45:55.002Z</time></trkpt><trkpt lat="53.567456" lon="49.029494"><time>2025-05-30T05:45:57.002Z</time></trkpt><trkpt lat="53.567549" lon="49.029493"><time>2025-05-30T05:45:59.002Z</time></trkpt><trkpt lat="53.567641" lon="49.029487"><time>2025-05-30T05:46:01.002Z</time></trkpt><trkpt lat="53.567737" lon="49.029468"><time>2025-05-30T05:46:03.002Z</time></trkpt><trkpt lat="53.567832" lon="49.029443"><time>2025-05-30T05:46:05.002Z</time></trkpt><trkpt lat="53.567921" lon="49.02943"><time>2025-05-30T05:46:07.002Z</time></trkpt><trkpt lat="53.567999" lon="49.029428"><time>2025-05-30T05:46:09.002Z</time></trkpt><trkpt lat="53.568067" lon="49.029434"><time>2025-05-30T05:46:11.002Z</time></trkpt><trkpt lat="53.568122" lon="49.029444"><time>2025-05-30T05:46:13.002Z</time></trkpt><trkpt lat="53.568174" lon="49.029458"><time>2025-05-30T05:46:15.002Z</time></trkpt><trkpt lat="53.568226" lon="49.029479"><time>2025-05-30T05:46:17.002Z</time></trkpt><trkpt lat="53.568284" lon="49.029501"><time>2025-05-30T05:46:19.002Z</time></trkpt><trkpt lat="53.568345" lon="49.029517"><time>2025-05-30T05:46:21.002Z</time></trkpt><trkpt lat="53.568408" lon="49.02952"><time>2025-05-30T05:46:23.002Z</time></trkpt><trkpt lat="53.568473" lon="49.029509"><time>2025-05-30T05:46:25.002Z</time></trkpt><trkpt lat="53.568539" lon="49.029486"><time>2025-05-30T05:46:27.002Z</time></trkpt><trkpt lat="53.568607" lon="49.029451"><time>2025-05-30T05:46:29.002Z</time></trkpt><trkpt lat="53.568674" lon="49.029409"><time>2025-05-30T05:46:31.002Z</time></trkpt><trkpt lat="53.568742" lon="49.029364"><time>2025-05-30T05:46:33.002Z</time></trkpt><trkpt lat="53.568809" lon="49.029317"><time>2025-05-30T05:46:35.002Z</time></trkpt><trkpt lat="53.568886" lon="49.029271"><time>2025-05-30T05:46:37.002Z</time></trkpt><trkpt lat="53.568964" lon="49.029225"><time>2025-05-30T05:46:39.002Z</time></trkpt><trkpt lat="53.569045" lon="49.029184"><time>2025-05-30T05:46:41.002Z</time></trkpt><trkpt lat="53.569121" lon="49.029138"><time>2025-05-30T05:46:43.002Z</time></trkpt><trkpt lat="53.569201" lon="49.029082"><time>2025-05-30T05:46:45.002Z</time></trkpt><trkpt lat="53.569277" lon="49.029016"><time>2025-05-30T05:46:47.002Z</time></trkpt><trkpt lat="53.569353" lon="49.028954"><time>2025-05-30T05:46:49.002Z</time></trkpt><trkpt lat="53.569411" lon="49.02891"><time>2025-05-30T05:46:53.002Z</time></trkpt><trkpt lat="53.56946" lon="49.028881"><time>2025-05-30T05:46:55.002Z</time></trkpt><trkpt lat="53.569499" lon="49.02886"><time>2025-05-30T05:46:57.002Z</time></trkpt><trkpt lat="53.569539" lon="49.028839"><time>2025-05-30T05:46:59.002Z</time></trkpt><trkpt lat="53.569585" lon="49.028819"><time>2025-05-30T05:47:01.002Z</time></trkpt><trkpt lat="53.569631" lon="49.028799"><time>2025-05-30T05:47:03.002Z</time></trkpt><trkpt lat="53.569673" lon="49.028784"><time>2025-05-30T05:47:05.002Z</time></trkpt><trkpt lat="53.569713" lon="49.028772"><time>2025-05-30T05:47:07.002Z</time></trkpt><trkpt lat="53.569755" lon="49.02876"><time>2025-05-30T05:47:09.002Z</time></trkpt><trkpt lat="53.569795" lon="49.02875"><time>2025-05-30T05:47:11.002Z</time></trkpt><trkpt lat="53.56983" lon="49.02874"><time>2025-05-30T05:47:13.002Z</time></trkpt><trkpt lat="53.569866" lon="49.028729"><time>2025-05-30T05:47:15.002Z</time></trkpt><trkpt lat="53.569943" lon="49.028681"><time>2025-05-30T05:47:17.002Z</time></trkpt><trkpt lat="53.570043" lon="49.028605"><time>2025-05-30T05:47:21.002Z</time></trkpt><trkpt lat="53.570164" lon="49.0285"><time>2025-05-30T05:47:23.002Z</time></trkpt><trkpt lat="53.570273" lon="49.028402"><time>2025-05-30T05:47:25.002Z</time></trkpt><trkpt lat="53.57039" lon="49.028321"><time>2025-05-30T05:47:27.002Z</time></trkpt><trkpt lat="53.570512" lon="49.028296"><time>2025-05-30T05:47:29.002Z</time></trkpt><trkpt lat="53.570629" lon="49.028348"><time>2025-05-30T05:47:31.002Z</time></trkpt><trkpt lat="53.570727" lon="49.02846"><time>2025-05-30T05:47:33.002Z</time></trkpt><trkpt lat="53.570797" lon="49.028596"><time>2025-05-30T05:47:35.002Z</time></trkpt><trkpt lat="53.570844" lon="49.028724"><time>2025-05-30T05:47:37.002Z</time></trkpt><trkpt lat="53.570877" lon="49.028854"><time>2025-05-30T05:47:39.002Z</time></trkpt><trkpt lat="53.570905" lon="49.028974"><time>2025-05-30T05:47:41.002Z</time></trkpt><trkpt lat="53.570927" lon="49.029095"><time>2025-05-30T05:47:43.002Z</time></trkpt><trkpt lat="53.570943" lon="49.029205"><time>2025-05-30T05:47:45.002Z</time></trkpt><trkpt lat="53.570956" lon="49.029315"><time>2025-05-30T05:47:47.002Z</time></trkpt><trkpt lat="53.570969" lon="49.029425"><time>2025-05-30T05:47:49.002Z</time></trkpt><trkpt lat="53.570985" lon="49.029532"><time>2025-05-30T05:47:51.002Z</time></trkpt><trkpt lat="53.570998" lon="49.029635"><time>2025-05-30T05:47:53.002Z</time></trkpt><trkpt lat="53.57101" lon="49.029732"><time>2025-05-30T05:47:55.002Z</time></trkpt><trkpt lat="53.57102" lon="49.029831"><time>2025-05-30T05:47:57.002Z</time></trkpt><trkpt lat="53.571032" lon="49.029931"><time>2025-05-30T05:47:59.002Z</time></trkpt><trkpt lat="53.571046" lon="49.030027"><time>2025-05-30T05:48:01.002Z</time></trkpt><trkpt lat="53.571058" lon="49.030109"><time>2025-05-30T05:48:03.002Z</time></trkpt><trkpt lat="53.57107" lon="49.030177"><time>2025-05-30T05:48:05.002Z</time></trkpt><trkpt lat="53.571093" lon="49.030268"><time>2025-05-30T05:48:07.002Z</time></trkpt><trkpt lat="53.571114" lon="49.030364"><time>2025-05-30T05:48:11.002Z</time></trkpt><trkpt lat="53.571134" lon="49.030473"><time>2025-05-30T05:48:13.002Z</time></trkpt><trkpt lat="53.571141" lon="49.03057"><time>2025-05-30T05:48:15.002Z</time></trkpt><trkpt lat="53.571152" lon="49.030677"><time>2025-05-30T05:48:17.002Z</time></trkpt><trkpt lat="53.571168" lon="49.030791"><time>2025-05-30T05:48:19.002Z</time></trkpt><trkpt lat="53.571188" lon="49.030911"><time>2025-05-30T05:48:21.002Z</time></trkpt><trkpt lat="53.571214" lon="49.031057"><time>2025-05-30T05:48:23.002Z</time></trkpt><trkpt lat="53.57124" lon="49.031207"><time>2025-05-30T05:48:26.002Z</time></trkpt><trkpt lat="53.571265" lon="49.03135"><time>2025-05-30T05:48:28.002Z</time></trkpt><trkpt lat="53.571287" lon="49.031469"><time>2025-05-30T05:48:30.002Z</time></trkpt><trkpt lat="53.571306" lon="49.031581"><time>2025-05-30T05:48:32.001Z</time></trkpt><trkpt lat="53.571323" lon="49.031691"><time>2025-05-30T05:48:34.002Z</time></trkpt><trkpt lat="53.571345" lon="49.031796"><time>2025-05-30T05:48:36.002Z</time></trkpt><trkpt lat="53.571375" lon="49.031876"><time>2025-05-30T05:48:38.002Z</time></trkpt><trkpt lat="53.571402" lon="49.031893"><time>2025-05-30T05:48:40.002Z</time></trkpt><trkpt lat="53.571413" lon="49.031851"><time>2025-05-30T05:48:46.002Z</time></trkpt><trkpt lat="53.571409" lon="49.031777"><time>2025-05-30T05:48:48.002Z</time></trkpt><trkpt lat="53.5714" lon="49.031706"><time>2025-05-30T05:48:50.002Z</time></trkpt><trkpt lat="53.571386" lon="49.031641"><time>2025-05-30T05:48:54.002Z</time></trkpt><trkpt lat="53.571367" lon="49.0315"><time>2025-05-30T05:48:56.002Z</time></trkpt><trkpt lat="53.571346" lon="49.031339"><time>2025-05-30T05:48:58.002Z</time></trkpt><trkpt lat="53.571321" lon="49.031131"><time>2025-05-30T05:49:00.001Z</time></trkpt><trkpt lat="53.571294" lon="49.030977"><time>2025-05-30T05:49:03.002Z</time></trkpt><trkpt lat="53.571264" lon="49.030822"><time>2025-05-30T05:49:05.002Z</time></trkpt><trkpt lat="53.571237" lon="49.030688"><time>2025-05-30T05:49:07.002Z</time></trkpt><trkpt lat="53.57121" lon="49.030551"><time>2025-05-30T05:49:09.002Z</time></trkpt><trkpt lat="53.571183" lon="49.030411"><time>2025-05-30T05:49:11.002Z</time></trkpt><trkpt lat="53.571157" lon="49.03027"><time>2025-05-30T05:49:13.002Z</time></trkpt><trkpt lat="53.571133" lon="49.030129"><time>2025-05-30T05:49:15.002Z</time></trkpt><trkpt lat="53.57111" lon="49.029985"><time>2025-05-30T05:49:17.002Z</time></trkpt><trkpt lat="53.571086" lon="49.029842"><time>2025-05-30T05:49:19.002Z</time></trkpt><trkpt lat="53.571061" lon="49.029698"><time>2025-05-30T05:49:21.002Z</time></trkpt><trkpt lat="53.571053" lon="49.029477"><time>2025-05-30T05:49:23.002Z</time></trkpt><trkpt lat="53.571099" lon="49.029251"><time>2025-05-30T05:49:29.002Z</time></trkpt><trkpt lat="53.571166" lon="49.029069"><time>2025-05-30T05:49:33.002Z</time></trkpt><trkpt lat="53.571254" lon="49.028989"><time>2025-05-30T05:49:35.002Z</time></trkpt><trkpt lat="53.571317" lon="49.02893"><time>2025-05-30T05:49:37.002Z</time></trkpt><trkpt lat="53.571392" lon="49.028848"><time>2025-05-30T05:49:39.002Z</time></trkpt><trkpt lat="53.571464" lon="49.028764"><time>2025-05-30T05:49:41.002Z</time></trkpt><trkpt lat="53.571548" lon="49.028686"><time>2025-05-30T05:49:43.002Z</time></trkpt><trkpt lat="53.571643" lon="49.028631"><time>2025-05-30T05:49:45.002Z</time></trkpt><trkpt lat="53.571746" lon="49.028607"><time>2025-05-30T05:49:47.002Z</time></trkpt><trkpt lat="53.571849" lon="49.028613"><time>2025-05-30T05:49:49.002Z</time></trkpt><trkpt lat="53.571948" lon="49.028631"><time>2025-05-30T05:49:51.002Z</time></trkpt><trkpt lat="53.572044" lon="49.028654"><time>2025-05-30T05:49:53.002Z</time></trkpt><trkpt lat="53.572135" lon="49.028678"><time>2025-05-30T05:49:55.002Z</time></trkpt><trkpt lat="53.572219" lon="49.028704"><time>2025-05-30T05:49:57.002Z</time></trkpt><trkpt lat="53.572293" lon="49.028726"><time>2025-05-30T05:49:59.002Z</time></trkpt><trkpt lat="53.572366" lon="49.028744"><time>2025-05-30T05:50:01.002Z</time></trkpt><trkpt lat="53.572443" lon="49.028769"><time>2025-05-30T05:50:03.002Z</time></trkpt><trkpt lat="53.572524" lon="49.028796"><time>2025-05-30T05:50:05.002Z</time></trkpt><trkpt lat="53.572605" lon="49.028822"><time>2025-05-30T05:50:07.002Z</time></trkpt><trkpt lat="53.572687" lon="49.028841"><time>2025-05-30T05:50:09.002Z</time></trkpt><trkpt lat="53.572773" lon="49.028857"><time>2025-05-30T05:50:11.002Z</time></trkpt><trkpt lat="53.572859" lon="49.028874"><time>2025-05-30T05:50:13.002Z</time></trkpt><trkpt lat="53.572942" lon="49.028891"><time>2025-05-30T05:50:15.002Z</time></trkpt><trkpt lat="53.573023" lon="49.028912"><time>2025-05-30T05:50:17.002Z</time></trkpt><trkpt lat="53.573101" lon="49.028939"><time>2025-05-30T05:50:19.002Z</time></trkpt><trkpt lat="53.57318" lon="49.028971"><time>2025-05-30T05:50:21.002Z</time></trkpt><trkpt lat="53.573256" lon="49.029001"><time>2025-05-30T05:50:23.002Z</time></trkpt><trkpt lat="53.573345" lon="49.029033"><time>2025-05-30T05:50:25.002Z</time></trkpt><trkpt lat="53.573436" lon="49.029061"><time>2025-05-30T05:50:28.002Z</time></trkpt><trkpt lat="53.573526" lon="49.029088"><time>2025-05-30T05:50:30.002Z</time></trkpt><trkpt lat="53.573597" lon="49.029105"><time>2025-05-30T05:50:32.001Z</time></trkpt><trkpt lat="53.573659" lon="49.029109"><time>2025-05-30T05:50:34.002Z</time></trkpt><trkpt lat="53.573718" lon="49.029107"><time>2025-05-30T05:50:36.002Z</time></trkpt><trkpt lat="53.573775" lon="49.029099"><time>2025-05-30T05:50:38.002Z</time></trkpt><trkpt lat="53.573843" lon="49.02909"><time>2025-05-30T05:50:40.002Z</time></trkpt><trkpt lat="53.57391" lon="49.02908"><time>2025-05-30T05:50:43.002Z</time></trkpt><trkpt lat="53.573977" lon="49.029068"><time>2025-05-30T05:50:45.002Z</time></trkpt><trkpt lat="53.574038" lon="49.029049"><time>2025-05-30T05:50:47.002Z</time></trkpt><trkpt lat="53.574103" lon="49.029018"><time>2025-05-30T05:50:49.002Z</time></trkpt><trkpt lat="53.574222" lon="49.02896"><time>2025-05-30T05:50:51.002Z</time></trkpt><trkpt lat="53.574361" lon="49.028905"><time>2025-05-30T05:50:55.002Z</time></trkpt><trkpt lat="53.57452" lon="49.028854"><time>2025-05-30T05:50:57.002Z</time></trkpt><trkpt lat="53.574647" lon="49.028823"><time>2025-05-30T05:50:59.002Z</time></trkpt><trkpt lat="53.574775" lon="49.028788"><time>2025-05-30T05:51:01.002Z</time></trkpt><trkpt lat="53.574903" lon="49.028756"><time>2025-05-30T05:51:03.002Z</time></trkpt><trkpt lat="53.575027" lon="49.028732"><time>2025-05-30T05:51:05.002Z</time></trkpt><trkpt lat="53.575143" lon="49.02872"><time>2025-05-30T05:51:07.002Z</time></trkpt><trkpt lat="53.57525" lon="49.028715"><time>2025-05-30T05:51:09.002Z</time></trkpt><trkpt lat="53.57535" lon="49.028713"><time>2025-05-30T05:51:11.002Z</time></trkpt><trkpt lat="53.575441" lon="49.028707"><time>2025-05-30T05:51:13.002Z</time></trkpt><trkpt lat="53.575527" lon="49.028703"><time>2025-05-30T05:51:15.002Z</time></trkpt><trkpt lat="53.57561" lon="49.028701"><time>2025-05-30T05:51:17.002Z</time></trkpt><trkpt lat="53.575692" lon="49.028699"><time>2025-05-30T05:51:19.002Z</time></trkpt><trkpt lat="53.575775" lon="49.028692"><time>2025-05-30T05:51:21.002Z</time></trkpt><trkpt lat="53.575863" lon="49.028677"><time>2025-05-30T05:51:23.002Z</time></trkpt><trkpt lat="53.575952" lon="49.028651"><time>2025-05-30T05:51:25.002Z</time></trkpt><trkpt lat="53.576034" lon="49.02862"><time>2025-05-30T05:51:27.002Z</time></trkpt><trkpt lat="53.576113" lon="49.028586"><time>2025-05-30T05:51:29.002Z</time></trkpt><trkpt lat="53.576192" lon="49.028556"><time>2025-05-30T05:51:31.002Z</time></trkpt><trkpt lat="53.576275" lon="49.028532"><time>2025-05-30T05:51:33.002Z</time></trkpt><trkpt lat="53.576365" lon="49.028513"><time>2025-05-30T05:51:35.002Z</time></trkpt><trkpt lat="53.576458" lon="49.028489"><time>2025-05-30T05:51:37.002Z</time></trkpt><trkpt lat="53.576551" lon="49.02846"><time>2025-05-30T05:51:39.002Z</time></trkpt><trkpt lat="53.57664" lon="49.028428"><time>2025-05-30T05:51:41.002Z</time></trkpt><trkpt lat="53.576722" lon="49.028402"><time>2025-05-30T05:51:43.002Z</time></trkpt><trkpt lat="53.576801" lon="49.028382"><time>2025-05-30T05:51:45.002Z</time></trkpt><trkpt lat="53.576878" lon="49.028374"><time>2025-05-30T05:51:47.002Z</time></trkpt><trkpt lat="53.57696" lon="49.028366"><time>2025-05-30T05:51:49.002Z</time></trkpt><trkpt lat="53.577042" lon="49.02836"><time>2025-05-30T05:51:51.002Z</time></trkpt><trkpt lat="53.577123" lon="49.02835"><time>2025-05-30T05:51:53.002Z</time></trkpt><trkpt lat="53.577198" lon="49.028344"><time>2025-05-30T05:51:55.002Z</time></trkpt><trkpt lat="53.577271" lon="49.028342"><time>2025-05-30T05:51:57.002Z</time></trkpt><trkpt lat="53.577345" lon="49.028346"><time>2025-05-30T05:51:59.002Z</time></trkpt><trkpt lat="53.577424" lon="49.02835"><time>2025-05-30T05:52:01.002Z</time></trkpt><trkpt lat="53.577508" lon="49.028354"><time>2025-05-30T05:52:03.002Z</time></trkpt><trkpt lat="53.577617" lon="49.028366"><time>2025-05-30T05:52:05.002Z</time></trkpt><trkpt lat="53.57773" lon="49.028383"><time>2025-05-30T05:52:08.002Z</time></trkpt><trkpt lat="53.577843" lon="49.0284"><time>2025-05-30T05:52:10.002Z</time></trkpt><trkpt lat="53.577935" lon="49.028411"><time>2025-05-30T05:52:12.002Z</time></trkpt><trkpt lat="53.578048" lon="49.028424"><time>2025-05-30T05:52:14.002Z</time></trkpt><trkpt lat="53.578159" lon="49.028435"><time>2025-05-30T05:52:17.002Z</time></trkpt><trkpt lat="53.578267" lon="49.028443"><time>2025-05-30T05:52:19.002Z</time></trkpt><trkpt lat="53.578354" lon="49.028441"><time>2025-05-30T05:52:21.002Z</time></trkpt><trkpt lat="53.578444" lon="49.028434"><time>2025-05-30T05:52:23.002Z</time></trkpt><trkpt lat="53.578541" lon="49.028423"><time>2025-05-30T05:52:25.002Z</time></trkpt><trkpt lat="53.578639" lon="49.028408"><time>2025-05-30T05:52:27.002Z</time></trkpt><trkpt lat="53.578735" lon="49.028394"><time>2025-05-30T05:52:29.002Z</time></trkpt><trkpt lat="53.578831" lon="49.028379"><time>2025-05-30T05:52:31.002Z</time></trkpt><trkpt lat="53.57893" lon="49.028364"><time>2025-05-30T05:52:33.002Z</time></trkpt><trkpt lat="53.579034" lon="49.028347"><time>2025-05-30T05:52:35.002Z</time></trkpt><trkpt lat="53.579135" lon="49.028332"><time>2025-05-30T05:52:37.002Z</time></trkpt><trkpt lat="53.579292" lon="49.028316"><time>2025-05-30T05:52:39.002Z</time></trkpt><trkpt lat="53.57946" lon="49.028306"><time>2025-05-30T05:52:45.002Z</time></trkpt><trkpt lat="53.579628" lon="49.028301"><time>2025-05-30T05:52:48.002Z</time></trkpt><trkpt lat="53.579734" lon="49.028305"><time>2025-05-30T05:52:50.002Z</time></trkpt><trkpt lat="53.579826" lon="49.028311"><time>2025-05-30T05:52:52.002Z</time></trkpt><trkpt lat="53.579921" lon="49.028319"><time>2025-05-30T05:52:54.002Z</time></trkpt><trkpt lat="53.580016" lon="49.028328"><time>2025-05-30T05:52:56.002Z</time></trkpt><trkpt lat="53.580106" lon="49.028337"><time>2025-05-30T05:52:58.002Z</time></trkpt><trkpt lat="53.580194" lon="49.028342"><time>2025-05-30T05:53:00.001Z</time></trkpt><trkpt lat="53.580282" lon="49.028343"><time>2025-05-30T05:53:02.002Z</time></trkpt><trkpt lat="53.580372" lon="49.028347"><time>2025-05-30T05:53:04.001Z</time></trkpt><trkpt lat="53.580462" lon="49.028349"><time>2025-05-30T05:53:06.002Z</time></trkpt><trkpt lat="53.580547" lon="49.028349"><time>2025-05-30T05:53:08.002Z</time></trkpt><trkpt lat="53.580639" lon="49.028345"><time>2025-05-30T05:53:10.002Z</time></trkpt><trkpt lat="53.580728" lon="49.028337"><time>2025-05-30T05:53:12.002Z</time></trkpt><trkpt lat="53.580825" lon="49.028327"><time>2025-05-30T05:53:14.002Z</time></trkpt><trkpt lat="53.580906" lon="49.028303"><time>2025-05-30T05:53:17.002Z</time></trkpt><trkpt lat="53.580989" lon="49.028259"><time>2025-05-30T05:53:19.002Z</time></trkpt><trkpt lat="53.581065" lon="49.028188"><time>2025-05-30T05:53:21.002Z</time></trkpt><trkpt lat="53.58114" lon="49.028105"><time>2025-05-30T05:53:23.002Z</time></trkpt><trkpt lat="53.581209" lon="49.028015"><time>2025-05-30T05:53:25.002Z</time></trkpt><trkpt lat="53.581266" lon="49.027926"><time>2025-05-30T05:53:27.002Z</time></trkpt><trkpt lat="53.58132" lon="49.027827"><time>2025-05-30T05:53:29.002Z</time></trkpt><trkpt lat="53.581368" lon="49.027721"><time>2025-05-30T05:53:31.002Z</time></trkpt><trkpt lat="53.581425" lon="49.027588"><time>2025-05-30T05:53:33.002Z</time></trkpt><trkpt lat="53.581479" lon="49.027456"><time>2025-05-30T05:53:36.002Z</time></trkpt><trkpt lat="53.581529" lon="49.027327"><time>2025-05-30T05:53:38.002Z</time></trkpt><trkpt lat="53.581568" lon="49.027224"><time>2025-05-30T05:53:40.002Z</time></trkpt><trkpt lat="53.581611" lon="49.027124"><time>2025-05-30T05:53:42.002Z</time></trkpt><trkpt lat="53.581654" lon="49.027021"><time>2025-05-30T05:53:44.002Z</time></trkpt><trkpt lat="53.5817" lon="49.026912"><time>2025-05-30T05:53:46.002Z</time></trkpt><trkpt lat="53.58175" lon="49.026796"><time>2025-05-30T05:53:48.002Z</time></trkpt><trkpt lat="53.5818" lon="49.026679"><time>2025-05-30T05:53:50.002Z</time></trkpt><trkpt lat="53.581847" lon="49.026568"><time>2025-05-30T05:53:52.002Z</time></trkpt><trkpt lat="53.581892" lon="49.026467"><time>2025-05-30T05:53:54.002Z</time></trkpt><trkpt lat="53.581934" lon="49.02638"><time>2025-05-30T05:53:56.002Z</time></trkpt><trkpt lat="53.581976" lon="49.026301"><time>2025-05-30T05:53:58.002Z</time></trkpt><trkpt lat="53.582018" lon="49.026219"><time>2025-05-30T05:54:00.001Z</time></trkpt><trkpt lat="53.582062" lon="49.026133"><time>2025-05-30T05:54:02.002Z</time></trkpt><trkpt lat="53.582104" lon="49.026052"><time>2025-05-30T05:54:04.001Z</time></trkpt><trkpt lat="53.582141" lon="49.025976"><time>2025-05-30T05:54:06.002Z</time></trkpt><trkpt lat="53.582174" lon="49.025898"><time>2025-05-30T05:54:08.002Z</time></trkpt><trkpt lat="53.582209" lon="49.02581"><time>2025-05-30T05:54:10.002Z</time></trkpt><trkpt lat="53.58225" lon="49.025709"><time>2025-05-30T05:54:12.002Z</time></trkpt><trkpt lat="53.582293" lon="49.025602"><time>2025-05-30T05:54:14.002Z</time></trkpt><trkpt lat="53.582332" lon="49.025492"><time>2025-05-30T05:54:16.002Z</time></trkpt><trkpt lat="53.582369" lon="49.025391"><time>2025-05-30T05:54:18.002Z</time></trkpt><trkpt lat="53.582407" lon="49.025298"><time>2025-05-30T05:54:20.002Z</time></trkpt><trkpt lat="53.58245" lon="49.025205"><time>2025-05-30T05:54:22.002Z</time></trkpt><trkpt lat="53.582492" lon="49.025114"><time>2025-05-30T05:54:24.002Z</time></trkpt><trkpt lat="53.582533" lon="49.025023"><time>2025-05-30T05:54:26.002Z</time></trkpt><trkpt lat="53.582573" lon="49.024936"><time>2025-05-30T05:54:28.002Z</time></trkpt><trkpt lat="53.582615" lon="49.024847"><time>2025-05-30T05:54:30.002Z</time></trkpt><trkpt lat="53.58266" lon="49.024758"><time>2025-05-30T05:54:32.001Z</time></trkpt><trkpt lat="53.582708" lon="49.024681"><time>2025-05-30T05:54:34.002Z</time></trkpt><trkpt lat="53.582763" lon="49.024627"><time>2025-05-30T05:54:36.002Z</time></trkpt><trkpt lat="53.582826" lon="49.024596"><time>2025-05-30T05:54:38.002Z</time></trkpt><trkpt lat="53.582893" lon="49.024582"><time>2025-05-30T05:54:40.002Z</time></trkpt><trkpt lat="53.582964" lon="49.024575"><time>2025-05-30T05:54:42.002Z</time></trkpt><trkpt lat="53.58307" lon="49.02458"><time>2025-05-30T05:54:44.002Z</time></trkpt><trkpt lat="53.583195" lon="49.024568"><time>2025-05-30T05:54:49.002Z</time></trkpt><trkpt lat="53.583318" lon="49.024546"><time>2025-05-30T05:54:52.002Z</time></trkpt><trkpt lat="53.583404" lon="49.024512"><time>2025-05-30T05:54:54.002Z</time></trkpt><trkpt lat="53.583474" lon="49.024478"><time>2025-05-30T05:54:56.002Z</time></trkpt><trkpt lat="53.583543" lon="49.024433"><time>2025-05-30T05:54:58.002Z</time></trkpt><trkpt lat="53.583612" lon="49.024367"><time>2025-05-30T05:55:00.001Z</time></trkpt><trkpt lat="53.583677" lon="49.024296"><time>2025-05-30T05:55:02.002Z</time></trkpt><trkpt lat="53.58374" lon="49.02423"><time>2025-05-30T05:55:04.001Z</time></trkpt><trkpt lat="53.583804" lon="49.024169"><time>2025-05-30T05:55:06.002Z</time></trkpt><trkpt lat="53.58387" lon="49.024111"><time>2025-05-30T05:55:08.002Z</time></trkpt><trkpt lat="53.583948" lon="49.024038"><time>2025-05-30T05:55:10.002Z</time></trkpt><trkpt lat="53.58403" lon="49.023958"><time>2025-05-30T05:55:13.002Z</time></trkpt><trkpt lat="53.584112" lon="49.023879"><time>2025-05-30T05:55:16.002Z</time></trkpt><trkpt lat="53.584195" lon="49.023803"><time>2025-05-30T05:55:18.002Z</time></trkpt><trkpt lat="53.584274" lon="49.023744"><time>2025-05-30T05:55:21.002Z</time></trkpt><trkpt lat="53.584358" lon="49.023695"><time>2025-05-30T05:55:23.002Z</time></trkpt><trkpt lat="53.584435" lon="49.023665"><time>2025-05-30T05:55:25.002Z</time></trkpt><trkpt lat="53.584508" lon="49.023642"><time>2025-05-30T05:55:27.002Z</time></trkpt><trkpt lat="53.584579" lon="49.023609"><time>2025-05-30T05:55:29.003Z</time></trkpt><trkpt lat="53.58464" lon="49.023568"><time>2025-05-30T05:55:32.000Z</time></trkpt><trkpt lat="53.584698" lon="49.023508"><time>2025-05-30T05:55:34.000Z</time></trkpt><trkpt lat="53.58475" lon="49.023438"><time>2025-05-30T05:55:36.000Z</time></trkpt><trkpt lat="53.584802" lon="49.023355"><time>2025-05-30T05:55:38.000Z</time></trkpt><trkpt lat="53.584854" lon="49.023274"><time>2025-05-30T05:55:40.000Z</time></trkpt><trkpt lat="53.58491" lon="49.023201"><time>2025-05-30T05:55:42.000Z</time></trkpt><trkpt lat="53.584973" lon="49.023147"><time>2025-05-30T05:55:44.000Z</time></trkpt><trkpt lat="53.58504" lon="49.023111"><time>2025-05-30T05:55:46.000Z</time></trkpt><trkpt lat="53.585105" lon="49.023095"><time>2025-05-30T05:55:48.000Z</time></trkpt><trkpt lat="53.585172" lon="49.023102"><time>2025-05-30T05:55:50.000Z</time></trkpt><trkpt lat="53.585246" lon="49.023126"><time>2025-05-30T05:55:52.000Z</time></trkpt><trkpt lat="53.58533" lon="49.023158"><time>2025-05-30T05:55:54.000Z</time></trkpt><trkpt lat="53.585411" lon="49.023186"><time>2025-05-30T05:55:56.000Z</time></trkpt><trkpt lat="53.585486" lon="49.023202"><time>2025-05-30T05:55:58.000Z</time></trkpt><trkpt lat="53.585553" lon="49.023204"><time>2025-05-30T05:56:00.000Z</time></trkpt><trkpt lat="53.585615" lon="49.023194"><time>2025-05-30T05:56:02.000Z</time></trkpt><trkpt lat="53.585675" lon="49.023171"><time>2025-05-30T05:56:04.000Z</time></trkpt><trkpt lat="53.585729" lon="49.023136"><time>2025-05-30T05:56:06.000Z</time></trkpt><trkpt lat="53.585784" lon="49.023088"><time>2025-05-30T05:56:08.000Z</time></trkpt><trkpt lat="53.585842" lon="49.023036"><time>2025-05-30T05:56:10.000Z</time></trkpt><trkpt lat="53.585904" lon="49.022989"><time>2025-05-30T05:56:12.000Z</time></trkpt><trkpt lat="53.585968" lon="49.022959"><time>2025-05-30T05:56:14.000Z</time></trkpt><trkpt lat="53.586005" lon="49.022962"><time>2025-05-30T05:56:16.000Z</time></trkpt><trkpt lat="53.585998" lon="49.023039"><time>2025-05-30T05:56:18.000Z</time></trkpt><trkpt lat="53.586024" lon="49.023126"><time>2025-05-30T05:56:20.000Z</time></trkpt><trkpt lat="53.58628" lon="49.023092"><time>2025-05-30T05:56:22.000Z</time></trkpt><trkpt lat="53.586585" lon="49.023012"><time>2025-05-30T05:56:30.000Z</time></trkpt><trkpt lat="53.58686" lon="49.022939"><time>2025-05-30T05:56:32.000Z</time></trkpt><trkpt lat="53.586937" lon="49.022966"><time>2025-05-30T05:56:34.000Z</time></trkpt><trkpt lat="53.587001" lon="49.022972"><time>2025-05-30T05:56:36.000Z</time></trkpt><trkpt lat="53.587069" lon="49.022975"><time>2025-05-30T05:56:38.000Z</time></trkpt><trkpt lat="53.58715" lon="49.022999"><time>2025-05-30T05:56:40.000Z</time></trkpt><trkpt lat="53.587247" lon="49.023035"><time>2025-05-30T05:56:43.000Z</time></trkpt><trkpt lat="53.587346" lon="49.023071"><time>2025-05-30T05:56:45.000Z</time></trkpt><trkpt lat="53.587433" lon="49.023101"><time>2025-05-30T05:56:47.000Z</time></trkpt><trkpt lat="53.587532" lon="49.023141"><time>2025-05-30T05:56:49.000Z</time></trkpt><trkpt lat="53.587628" lon="49.023178"><time>2025-05-30T05:56:52.000Z</time></trkpt><trkpt lat="53.587722" lon="49.023197"><time>2025-05-30T05:56:54.000Z</time></trkpt><trkpt lat="53.587802" lon="49.023191"><time>2025-05-30T05:56:56.000Z</time></trkpt><trkpt lat="53.587888" lon="49.023179"><time>2025-05-30T05:56:58.000Z</time></trkpt><trkpt lat="53.587977" lon="49.023172"><time>2025-05-30T05:57:00.000Z</time></trkpt><trkpt lat="53.588071" lon="49.02318"><time>2025-05-30T05:57:02.000Z</time></trkpt><trkpt lat="53.588159" lon="49.023197"><time>2025-05-30T05:57:05.000Z</time></trkpt><trkpt lat="53.588243" lon="49.02322"><time>2025-05-30T05:57:07.000Z</time></trkpt><trkpt lat="53.588319" lon="49.023241"><time>2025-05-30T05:57:09.000Z</time></trkpt><trkpt lat="53.588397" lon="49.023251"><time>2025-05-30T05:57:11.000Z</time></trkpt><trkpt lat="53.58848" lon="49.023248"><time>2025-05-30T05:57:13.000Z</time></trkpt><trkpt lat="53.588569" lon="49.023237"><time>2025-05-30T05:57:15.000Z</time></trkpt><trkpt lat="53.588657" lon="49.023233"><time>2025-05-30T05:57:17.000Z</time></trkpt><trkpt lat="53.588744" lon="49.023243"><time>2025-05-30T05:57:19.000Z</time></trkpt><trkpt lat="53.588826" lon="49.023268"><time>2025-05-30T05:57:21.000Z</time></trkpt><trkpt lat="53.588899" lon="49.023298"><time>2025-05-30T05:57:23.000Z</time></trkpt><trkpt lat="53.588959" lon="49.023328"><time>2025-05-30T05:57:25.000Z</time></trkpt><trkpt lat="53.589009" lon="49.023364"><time>2025-05-30T05:57:27.000Z</time></trkpt><trkpt lat="53.589059" lon="49.023411"><time>2025-05-30T05:57:29.000Z</time></trkpt><trkpt lat="53.589108" lon="49.023469"><time>2025-05-30T05:57:31.000Z</time></trkpt><trkpt lat="53.589163" lon="49.023542"><time>2025-05-30T05:57:33.000Z</time></trkpt><trkpt lat="53.589227" lon="49.023625"><time>2025-05-30T05:57:35.000Z</time></trkpt><trkpt lat="53.589304" lon="49.02371"><time>2025-05-30T05:57:37.000Z</time></trkpt><trkpt lat="53.589383" lon="49.023782"><time>2025-05-30T05:57:39.000Z</time></trkpt><trkpt lat="53.589462" lon="49.023857"><time>2025-05-30T05:57:41.000Z</time></trkpt><trkpt lat="53.589657" lon="49.024025"><time>2025-05-30T05:57:44.000Z</time></trkpt><trkpt lat="53.589863" lon="49.02418"><time>2025-05-30T05:57:54.000Z</time></trkpt><trkpt lat="53.590067" lon="49.02431"><time>2025-05-30T05:57:56.000Z</time></trkpt><trkpt lat="53.590171" lon="49.024338"><time>2025-05-30T05:57:58.000Z</time></trkpt><trkpt lat="53.590274" lon="49.024365"><time>2025-05-30T05:58:01.000Z</time></trkpt><trkpt lat="53.59038" lon="49.024396"><time>2025-05-30T05:58:03.000Z</time></trkpt><trkpt lat="53.590465" lon="49.024428"><time>2025-05-30T05:58:05.000Z</time></trkpt><trkpt lat="53.590544" lon="49.02446"><time>2025-05-30T05:58:07.000Z</time></trkpt><trkpt lat="53.590638" lon="49.024479"><time>2025-05-30T05:58:09.000Z</time></trkpt><trkpt lat="53.590738" lon="49.024485"><time>2025-05-30T05:58:12.000Z</time></trkpt><trkpt lat="53.590837" lon="49.024477"><time>2025-05-30T05:58:14.000Z</time></trkpt><trkpt lat="53.590917" lon="49.024468"><time>2025-05-30T05:58:16.000Z</time></trkpt><trkpt lat="53.590991" lon="49.024477"><time>2025-05-30T05:58:18.000Z</time></trkpt><trkpt lat="53.591065" lon="49.024508"><time>2025-05-30T05:58:20.000Z</time></trkpt><trkpt lat="53.591143" lon="49.024546"><time>2025-05-30T05:58:22.000Z</time></trkpt><trkpt lat="53.591225" lon="49.024561"><time>2025-05-30T05:58:24.000Z</time></trkpt><trkpt lat="53.591305" lon="49.024542"><time>2025-05-30T05:58:26.000Z</time></trkpt><trkpt lat="53.591384" lon="49.0245"><time>2025-05-30T05:58:28.000Z</time></trkpt><trkpt lat="53.591465" lon="49.024466"><time>2025-05-30T05:58:30.000Z</time></trkpt><trkpt lat="53.591548" lon="49.024452"><time>2025-05-30T05:58:32.000Z</time></trkpt><trkpt lat="53.591626" lon="49.024453"><time>2025-05-30T05:58:34.000Z</time></trkpt><trkpt lat="53.591698" lon="49.024454"><time>2025-05-30T05:58:36.000Z</time></trkpt><trkpt lat="53.591773" lon="49.024453"><time>2025-05-30T05:58:38.000Z</time></trkpt><trkpt lat="53.591849" lon="49.024457"><time>2025-05-30T05:58:40.000Z</time></trkpt><trkpt lat="53.59193" lon="49.02447"><time>2025-05-30T05:58:42.000Z</time></trkpt><trkpt lat="53.59201" lon="49.024489"><time>2025-05-30T05:58:44.000Z</time></trkpt><trkpt lat="53.592088" lon="49.024503"><time>2025-05-30T05:58:46.000Z</time></trkpt><trkpt lat="53.59216" lon="49.024516"><time>2025-05-30T05:58:48.000Z</time></trkpt><trkpt lat="53.592225" lon="49.024537"><time>2025-05-30T05:58:50.000Z</time></trkpt><trkpt lat="53.592287" lon="49.024565"><time>2025-05-30T05:58:52.000Z</time></trkpt><trkpt lat="53.592353" lon="49.024587"><time>2025-05-30T05:58:54.000Z</time></trkpt><trkpt lat="53.592436" lon="49.024596"><time>2025-05-30T05:58:56.000Z</time></trkpt><trkpt lat="53.592519" lon="49.024603"><time>2025-05-30T05:58:59.000Z</time></trkpt><trkpt lat="53.592606" lon="49.024617"><time>2025-05-30T05:59:01.000Z</time></trkpt><trkpt lat="53.592683" lon="49.024635"><time>2025-05-30T05:59:03.000Z</time></trkpt><trkpt lat="53.592767" lon="49.024653"><time>2025-05-30T05:59:05.000Z</time></trkpt><trkpt lat="53.592851" lon="49.024668"><time>2025-05-30T05:59:07.000Z</time></trkpt><trkpt lat="53.592928" lon="49.024683"><time>2025-05-30T05:59:09.000Z</time></trkpt><trkpt lat="53.593" lon="49.024702"><time>2025-05-30T05:59:11.000Z</time></trkpt><trkpt lat="53.593069" lon="49.024722"><time>2025-05-30T05:59:13.000Z</time></trkpt><trkpt lat="53.593145" lon="49.024749"><time>2025-05-30T05:59:15.000Z</time></trkpt><trkpt lat="53.593223" lon="49.024778"><time>2025-05-30T05:59:17.000Z</time></trkpt><trkpt lat="53.593299" lon="49.024809"><time>2025-05-30T05:59:19.000Z</time></trkpt><trkpt lat="53.593377" lon="49.024833"><time>2025-05-30T05:59:21.000Z</time></trkpt><trkpt lat="53.593458" lon="49.024844"><time>2025-05-30T05:59:23.000Z</time></trkpt><trkpt lat="53.593533" lon="49.024831"><time>2025-05-30T05:59:25.000Z</time></trkpt><trkpt lat="53.593602" lon="49.024783"><time>2025-05-30T05:59:27.000Z</time></trkpt><trkpt lat="53.593656" lon="49.024707"><time>2025-05-30T05:59:29.000Z</time></trkpt><trkpt lat="53.593691" lon="49.024613"><time>2025-05-30T05:59:31.000Z</time></trkpt><trkpt lat="53.593709" lon="49.024518"><time>2025-05-30T05:59:33.000Z</time></trkpt><trkpt lat="53.593727" lon="49.024435"><time>2025-05-30T05:59:35.000Z</time></trkpt><trkpt lat="53.593768" lon="49.024362"><time>2025-05-30T05:59:37.000Z</time></trkpt><trkpt lat="53.593832" lon="49.024301"><time>2025-05-30T05:59:39.000Z</time></trkpt><trkpt lat="53.593909" lon="49.024248"><time>2025-05-30T05:59:41.000Z</time></trkpt><trkpt lat="53.593987" lon="49.024217"><time>2025-05-30T05:59:43.000Z</time></trkpt><trkpt lat="53.594064" lon="49.024203"><time>2025-05-30T05:59:45.000Z</time></trkpt><trkpt lat="53.594141" lon="49.024202"><time>2025-05-30T05:59:47.000Z</time></trkpt><trkpt lat="53.594222" lon="49.024203"><time>2025-05-30T05:59:49.000Z</time></trkpt><trkpt lat="53.594304" lon="49.024206"><time>2025-05-30T05:59:51.000Z</time></trkpt><trkpt lat="53.594387" lon="49.024204"><time>2025-05-30T05:59:53.000Z</time></trkpt><trkpt lat="53.594478" lon="49.024179"><time>2025-05-30T05:59:55.000Z</time></trkpt><trkpt lat="53.594556" lon="49.024138"><time>2025-05-30T05:59:58.000Z</time></trkpt><trkpt lat="53.594597" lon="49.024081"><time>2025-05-30T06:00:00.000Z</time></trkpt><trkpt lat="53.594594" lon="49.024031"><time>2025-05-30T06:00:10.000Z</time></trkpt><trkpt lat="53.594572" lon="49.023975"><time>2025-05-30T06:00:14.000Z</time></trkpt><trkpt lat="53.594552" lon="49.023927"><time>2025-05-30T06:00:17.000Z</time></trkpt><trkpt lat="53.594556" lon="49.023905"><time>2025-05-30T06:00:19.000Z</time></trkpt><trkpt lat="53.594572" lon="49.023921"><time>2025-05-30T06:00:35.000Z</time></trkpt><trkpt lat="53.594606" lon="49.023963"><time>2025-05-30T06:00:37.000Z</time></trkpt><trkpt lat="53.59464" lon="49.024008"><time>2025-05-30T06:00:39.000Z</time></trkpt><trkpt lat="53.594683" lon="49.024043"><time>2025-05-30T06:00:41.000Z</time></trkpt><trkpt lat="53.594733" lon="49.024057"><time>2025-05-30T06:00:43.000Z</time></trkpt><trkpt lat="53.594791" lon="49.024046"><time>2025-05-30T06:00:45.000Z</time></trkpt><trkpt lat="53.594852" lon="49.02403"><time>2025-05-30T06:00:47.000Z</time></trkpt><trkpt lat="53.594919" lon="49.02403"><time>2025-05-30T06:00:49.000Z</time></trkpt><trkpt lat="53.594987" lon="49.024047"><time>2025-05-30T06:00:51.000Z</time></trkpt><trkpt lat="53.59506" lon="49.024067"><time>2025-05-30T06:00:53.000Z</time></trkpt><trkpt lat="53.595133" lon="49.024088"><time>2025-05-30T06:00:55.000Z</time></trkpt><trkpt lat="53.5952" lon="49.024111"><time>2025-05-30T06:00:57.000Z</time></trkpt><trkpt lat="53.595267" lon="49.024133"><time>2025-05-30T06:00:59.000Z</time></trkpt><trkpt lat="53.595329" lon="49.024145"><time>2025-05-30T06:01:01.000Z</time></trkpt><trkpt lat="53.595392" lon="49.024143"><time>2025-05-30T06:01:03.000Z</time></trkpt><trkpt lat="53.595449" lon="49.024134"><time>2025-05-30T06:01:05.000Z</time></trkpt><trkpt lat="53.595504" lon="49.024128"><time>2025-05-30T06:01:07.000Z</time></trkpt><trkpt lat="53.595562" lon="49.024128"><time>2025-05-30T06:01:09.000Z</time></trkpt><trkpt lat="53.595623" lon="49.024123"><time>2025-05-30T06:01:11.000Z</time></trkpt><trkpt lat="53.595689" lon="49.024111"><time>2025-05-30T06:01:13.000Z</time></trkpt><trkpt lat="53.595761" lon="49.024101"><time>2025-05-30T06:01:15.000Z</time></trkpt><trkpt lat="53.595852" lon="49.024106"><time>2025-05-30T06:01:17.000Z</time></trkpt><trkpt lat="53.595944" lon="49.024121"><time>2025-05-30T06:01:20.000Z</time></trkpt><trkpt lat="53.596035" lon="49.024137"><time>2025-05-30T06:01:22.000Z</time></trkpt><trkpt lat="53.596112" lon="49.024151"><time>2025-05-30T06:01:24.000Z</time></trkpt><trkpt lat="53.59619" lon="49.024164"><time>2025-05-30T06:01:26.000Z</time></trkpt><trkpt lat="53.596268" lon="49.024179"><time>2025-05-30T06:01:28.000Z</time></trkpt><trkpt lat="53.596345" lon="49.024194"><time>2025-05-30T06:01:30.000Z</time></trkpt><trkpt lat="53.59642" lon="49.02421"><time>2025-05-30T06:01:32.000Z</time></trkpt><trkpt lat="53.596493" lon="49.024227"><time>2025-05-30T06:01:34.000Z</time></trkpt><trkpt lat="53.596569" lon="49.02424"><time>2025-05-30T06:01:36.000Z</time></trkpt><trkpt lat="53.596653" lon="49.024243"><time>2025-05-30T06:01:38.000Z</time></trkpt><trkpt lat="53.596741" lon="49.024245"><time>2025-05-30T06:01:40.000Z</time></trkpt><trkpt lat="53.596833" lon="49.024258"><time>2025-05-30T06:01:42.000Z</time></trkpt><trkpt lat="53.596913" lon="49.024288"><time>2025-05-30T06:01:45.000Z</time></trkpt><trkpt lat="53.596984" lon="49.024317"><time>2025-05-30T06:01:47.000Z</time></trkpt><trkpt lat="53.597038" lon="49.024338"><time>2025-05-30T06:01:49.000Z</time></trkpt><trkpt lat="53.597088" lon="49.024355"><time>2025-05-30T06:01:51.000Z</time></trkpt><trkpt lat="53.597133" lon="49.024378"><time>2025-05-30T06:01:53.000Z</time></trkpt><trkpt lat="53.597176" lon="49.024404"><time>2025-05-30T06:01:55.000Z</time></trkpt><trkpt lat="53.597233" lon="49.024412"><time>2025-05-30T06:01:57.000Z</time></trkpt><trkpt lat="53.597297" lon="49.024407"><time>2025-05-30T06:01:59.000Z</time></trkpt><trkpt lat="53.597369" lon="49.024398"><time>2025-05-30T06:02:01.000Z</time></trkpt><trkpt lat="53.597431" lon="49.024399"><time>2025-05-30T06:02:03.000Z</time></trkpt><trkpt lat="53.597486" lon="49.024398"><time>2025-05-30T06:02:05.000Z</time></trkpt><trkpt lat="53.597535" lon="49.024395"><time>2025-05-30T06:02:07.000Z</time></trkpt><trkpt lat="53.597583" lon="49.024388"><time>2025-05-30T06:02:09.000Z</time></trkpt><trkpt lat="53.597639" lon="49.024385"><time>2025-05-30T06:02:11.000Z</time></trkpt><trkpt lat="53.597704" lon="49.024394"><time>2025-05-30T06:02:13.000Z</time></trkpt><trkpt lat="53.597764" lon="49.024427"><time>2025-05-30T06:02:16.000Z</time></trkpt><trkpt lat="53.597821" lon="49.024482"><time>2025-05-30T06:02:18.000Z</time></trkpt><trkpt lat="53.597877" lon="49.02452"><time>2025-05-30T06:02:20.000Z</time></trkpt><trkpt lat="53.597935" lon="49.024522"><time>2025-05-30T06:02:23.000Z</time></trkpt><trkpt lat="53.597994" lon="49.024493"><time>2025-05-30T06:02:25.000Z</time></trkpt><trkpt lat="53.598045" lon="49.024473"><time>2025-05-30T06:02:27.000Z</time></trkpt><trkpt lat="53.598097" lon="49.024473"><time>2025-05-30T06:02:29.000Z</time></trkpt><trkpt lat="53.598149" lon="49.024484"><time>2025-05-30T06:02:31.000Z</time></trkpt><trkpt lat="53.598202" lon="49.024493"><time>2025-05-30T06:02:33.000Z</time></trkpt><trkpt lat="53.598256" lon="49.024495"><time>2025-05-30T06:02:35.000Z</time></trkpt><trkpt lat="53.598312" lon="49.024498"><time>2025-05-30T06:02:37.000Z</time></trkpt><trkpt lat="53.598368" lon="49.024502"><time>2025-05-30T06:02:39.000Z</time></trkpt><trkpt lat="53.598424" lon="49.024509"><time>2025-05-30T06:02:41.000Z</time></trkpt><trkpt lat="53.598477" lon="49.024515"><time>2025-05-30T06:02:43.000Z</time></trkpt><trkpt lat="53.598528" lon="49.024522"><time>2025-05-30T06:02:45.000Z</time></trkpt><trkpt lat="53.598578" lon="49.024531"><time>2025-05-30T06:02:47.000Z</time></trkpt><trkpt lat="53.598629" lon="49.024543"><time>2025-05-30T06:02:49.000Z</time></trkpt><trkpt lat="53.598682" lon="49.024555"><time>2025-05-30T06:02:51.000Z</time></trkpt><trkpt lat="53.598737" lon="49.024564"><time>2025-05-30T06:02:53.000Z</time></trkpt><trkpt lat="53.598788" lon="49.024567"><time>2025-05-30T06:02:55.000Z</time></trkpt><trkpt lat="53.598843" lon="49.024568"><time>2025-05-30T06:02:57.000Z</time></trkpt><trkpt lat="53.598897" lon="49.024569"><time>2025-05-30T06:02:59.000Z</time></trkpt><trkpt lat="53.598954" lon="49.024575"><time>2025-05-30T06:03:01.000Z</time></trkpt><trkpt lat="53.599005" lon="49.024588"><time>2025-05-30T06:03:03.000Z</time></trkpt><trkpt lat="53.59905" lon="49.02461"><time>2025-05-30T06:03:05.000Z</time></trkpt><trkpt lat="53.5991" lon="49.024638"><time>2025-05-30T06:03:07.000Z</time></trkpt><trkpt lat="53.599151" lon="49.024667"><time>2025-05-30T06:03:10.000Z</time></trkpt><trkpt lat="53.599201" lon="49.0247"><time>2025-05-30T06:03:12.000Z</time></trkpt><trkpt lat="53.599253" lon="49.024728"><time>2025-05-30T06:03:14.000Z</time></trkpt><trkpt lat="53.599306" lon="49.024738"><time>2025-05-30T06:03:17.000Z</time></trkpt><trkpt lat="53.599361" lon="49.024721"><time>2025-05-30T06:03:19.000Z</time></trkpt><trkpt lat="53.599407" lon="49.024707"><time>2025-05-30T06:03:26.000Z</time></trkpt><trkpt lat="53.599454" lon="49.024704"><time>2025-05-30T06:03:28.000Z</time></trkpt><trkpt lat="53.599532" lon="49.024718"><time>2025-05-30T06:03:30.000Z</time></trkpt><trkpt lat="53.599616" lon="49.024727"><time>2025-05-30T06:03:36.000Z</time></trkpt><trkpt lat="53.599704" lon="49.024735"><time>2025-05-30T06:03:38.000Z</time></trkpt><trkpt lat="53.599766" lon="49.024747"><time>2025-05-30T06:03:40.000Z</time></trkpt><trkpt lat="53.599817" lon="49.024756"><time>2025-05-30T06:03:42.000Z</time></trkpt><trkpt lat="53.599859" lon="49.024772"><time>2025-05-30T06:03:44.000Z</time></trkpt><trkpt lat="53.599905" lon="49.024776"><time>2025-05-30T06:03:46.000Z</time></trkpt><trkpt lat="53.599958" lon="49.024789"><time>2025-05-30T06:03:50.000Z</time></trkpt><trkpt lat="53.600017" lon="49.024798"><time>2025-05-30T06:03:52.000Z</time></trkpt><trkpt lat="53.600076" lon="49.024814"><time>2025-05-30T06:03:54.000Z</time></trkpt><trkpt lat="53.600136" lon="49.024834"><time>2025-05-30T06:03:56.000Z</time></trkpt><trkpt lat="53.600189" lon="49.024862"><time>2025-05-30T06:03:58.000Z</time></trkpt><trkpt lat="53.600236" lon="49.024917"><time>2025-05-30T06:04:00.000Z</time></trkpt><trkpt lat="53.600283" lon="49.024985"><time>2025-05-30T06:04:02.000Z</time></trkpt><trkpt lat="53.600334" lon="49.025047"><time>2025-05-30T06:04:04.000Z</time></trkpt><trkpt lat="53.600388" lon="49.025091"><time>2025-05-30T06:04:06.000Z</time></trkpt><trkpt lat="53.600432" lon="49.025125"><time>2025-05-30T06:04:08.000Z</time></trkpt><trkpt lat="53.600476" lon="49.025168"><time>2025-05-30T06:04:10.000Z</time></trkpt><trkpt lat="53.600522" lon="49.025215"><time>2025-05-30T06:04:12.000Z</time></trkpt><trkpt lat="53.600583" lon="49.025275"><time>2025-05-30T06:04:14.000Z</time></trkpt><trkpt lat="53.600644" lon="49.025336"><time>2025-05-30T06:04:17.000Z</time></trkpt><trkpt lat="53.600707" lon="49.025398"><time>2025-05-30T06:04:19.000Z</time></trkpt><trkpt lat="53.600759" lon="49.02545"><time>2025-05-30T06:04:21.000Z</time></trkpt><trkpt lat="53.600811" lon="49.025498"><time>2025-05-30T06:04:23.000Z</time></trkpt><trkpt lat="53.600861" lon="49.025546"><time>2025-05-30T06:04:25.000Z</time></trkpt><trkpt lat="53.600912" lon="49.025596"><time>2025-05-30T06:04:27.000Z</time></trkpt><trkpt lat="53.600962" lon="49.025649"><time>2025-05-30T06:04:29.000Z</time></trkpt><trkpt lat="53.601011" lon="49.025703"><time>2025-05-30T06:04:31.000Z</time></trkpt><trkpt lat="53.601058" lon="49.025758"><time>2025-05-30T06:04:33.000Z</time></trkpt><trkpt lat="53.601106" lon="49.025813"><time>2025-05-30T06:04:35.000Z</time></trkpt><trkpt lat="53.601154" lon="49.025865"><time>2025-05-30T06:04:37.000Z</time></trkpt><trkpt lat="53.601204" lon="49.025915"><time>2025-05-30T06:04:39.000Z</time></trkpt><trkpt lat="53.601255" lon="49.025963"><time>2025-05-30T06:04:41.000Z</time></trkpt><trkpt lat="53.601305" lon="49.026011"><time>2025-05-30T06:04:43.000Z</time></trkpt><trkpt lat="53.601359" lon="49.026064"><time>2025-05-30T06:04:45.000Z</time></trkpt><trkpt lat="53.601415" lon="49.026117"><time>2025-05-30T06:04:47.000Z</time></trkpt><trkpt lat="53.601473" lon="49.026174"><time>2025-05-30T06:04:49.000Z</time></trkpt><trkpt lat="53.601531" lon="49.026236"><time>2025-05-30T06:04:51.000Z</time></trkpt><trkpt lat="53.601591" lon="49.026302"><time>2025-05-30T06:04:53.000Z</time></trkpt><trkpt lat="53.601656" lon="49.026367"><time>2025-05-30T06:04:55.000Z</time></trkpt><trkpt lat="53.601716" lon="49.026414"><time>2025-05-30T06:04:57.000Z</time></trkpt><trkpt lat="53.601778" lon="49.026453"><time>2025-05-30T06:04:59.000Z</time></trkpt><trkpt lat="53.601845" lon="49.026478"><time>2025-05-30T06:05:01.000Z</time></trkpt><trkpt lat="53.601922" lon="49.026504"><time>2025-05-30T06:05:03.000Z</time></trkpt><trkpt lat="53.602004" lon="49.026528"><time>2025-05-30T06:05:05.000Z</time></trkpt><trkpt lat="53.602085" lon="49.026552"><time>2025-05-30T06:05:07.000Z</time></trkpt><trkpt lat="53.602176" lon="49.026574"><time>2025-05-30T06:05:09.000Z</time></trkpt><trkpt lat="53.602267" lon="49.026593"><time>2025-05-30T06:05:12.000Z</time></trkpt><trkpt lat="53.602357" lon="49.026611"><time>2025-05-30T06:05:14.000Z</time></trkpt><trkpt lat="53.602438" lon="49.026626"><time>2025-05-30T06:05:16.000Z</time></trkpt><trkpt lat="53.60252" lon="49.026637"><time>2025-05-30T06:05:18.000Z</time></trkpt><trkpt lat="53.602604" lon="49.026647"><time>2025-05-30T06:05:20.000Z</time></trkpt><trkpt lat="53.602689" lon="49.02666"><time>2025-05-30T06:05:22.000Z</time></trkpt><trkpt lat="53.602773" lon="49.02668"><time>2025-05-30T06:05:24.000Z</time></trkpt><trkpt lat="53.602858" lon="49.026703"><time>2025-05-30T06:05:26.000Z</time></trkpt><trkpt lat="53.602941" lon="49.026725"><time>2025-05-30T06:05:28.000Z</time></trkpt><trkpt lat="53.603021" lon="49.026745"><time>2025-05-30T06:05:30.000Z</time></trkpt><trkpt lat="53.603095" lon="49.026767"><time>2025-05-30T06:05:32.000Z</time></trkpt><trkpt lat="53.603164" lon="49.026779"><time>2025-05-30T06:05:34.000Z</time></trkpt><trkpt lat="53.603225" lon="49.026771"><time>2025-05-30T06:05:36.000Z</time></trkpt><trkpt lat="53.603271" lon="49.026731"><time>2025-05-30T06:05:38.000Z</time></trkpt><trkpt lat="53.603302" lon="49.026671"><time>2025-05-30T06:05:40.000Z</time></trkpt><trkpt lat="53.60334" lon="49.026613"><time>2025-05-30T06:05:42.000Z</time></trkpt><trkpt lat="53.60339" lon="49.026572"><time>2025-05-30T06:05:44.000Z</time></trkpt><trkpt lat="53.603447" lon="49.026553"><time>2025-05-30T06:05:46.000Z</time></trkpt><trkpt lat="53.603495" lon="49.02654"><time>2025-05-30T06:05:48.000Z</time></trkpt><trkpt lat="53.603541" lon="49.026523"><time>2025-05-30T06:05:51.000Z</time></trkpt><trkpt lat="53.603586" lon="49.026496"><time>2025-05-30T06:05:53.000Z</time></trkpt><trkpt lat="53.60363" lon="49.026466"><time>2025-05-30T06:05:55.000Z</time></trkpt><trkpt lat="53.603671" lon="49.026434"><time>2025-05-30T06:05:57.000Z</time></trkpt><trkpt lat="53.603711" lon="49.026401"><time>2025-05-30T06:05:59.000Z</time></trkpt><trkpt lat="53.60375" lon="49.026363"><time>2025-05-30T06:06:01.000Z</time></trkpt><trkpt lat="53.60379" lon="49.026332"><time>2025-05-30T06:06:03.000Z</time></trkpt><trkpt lat="53.603828" lon="49.026308"><time>2025-05-30T06:06:05.000Z</time></trkpt><trkpt lat="53.603866" lon="49.02629"><time>2025-05-30T06:06:07.000Z</time></trkpt><trkpt lat="53.603901" lon="49.026266"><time>2025-05-30T06:06:09.000Z</time></trkpt><trkpt lat="53.603933" lon="49.026234"><time>2025-05-30T06:06:11.000Z</time></trkpt><trkpt lat="53.603958" lon="49.026193"><time>2025-05-30T06:06:13.000Z</time></trkpt><trkpt lat="53.603969" lon="49.026142"><time>2025-05-30T06:06:15.000Z</time></trkpt><trkpt lat="53.603954" lon="49.026062"><time>2025-05-30T06:06:17.000Z</time></trkpt><trkpt lat="53.603926" lon="49.025975"><time>2025-05-30T06:06:21.000Z</time></trkpt><trkpt lat="53.603896" lon="49.025888"><time>2025-05-30T06:06:23.000Z</time></trkpt><trkpt lat="53.603878" lon="49.025806"><time>2025-05-30T06:06:25.000Z</time></trkpt><trkpt lat="53.603861" lon="49.025737"><time>2025-05-30T06:06:29.000Z</time></trkpt><trkpt lat="53.603843" lon="49.025702"><time>2025-05-30T06:06:31.000Z</time></trkpt><trkpt lat="53.603834" lon="49.02573"><time>2025-05-30T06:06:33.000Z</time></trkpt><trkpt lat="53.603844" lon="49.025787"><time>2025-05-30T06:06:35.000Z</time></trkpt><trkpt lat="53.603868" lon="49.025852"><time>2025-05-30T06:06:37.000Z</time></trkpt><trkpt lat="53.603901" lon="49.02593"><time>2025-05-30T06:06:39.000Z</time></trkpt><trkpt lat="53.603941" lon="49.02603"><time>2025-05-30T06:06:41.000Z</time></trkpt><trkpt lat="53.603992" lon="49.026136"><time>2025-05-30T06:06:43.000Z</time></trkpt><trkpt lat="53.604047" lon="49.026224"><time>2025-05-30T06:06:45.000Z</time></trkpt><trkpt lat="53.604097" lon="49.026292"><time>2025-05-30T06:06:47.000Z</time></trkpt><trkpt lat="53.604137" lon="49.026355"><time>2025-05-30T06:06:49.000Z</time></trkpt><trkpt lat="53.60417" lon="49.026422"><time>2025-05-30T06:06:51.000Z</time></trkpt><trkpt lat="53.6042" lon="49.0265"><time>2025-05-30T06:06:53.000Z</time></trkpt><trkpt lat="53.60423" lon="49.026588"><time>2025-05-30T06:06:55.000Z</time></trkpt><trkpt lat="53.60426" lon="49.026683"><time>2025-05-30T06:06:57.000Z</time></trkpt><trkpt lat="53.60429" lon="49.026785"><time>2025-05-30T06:06:59.000Z</time></trkpt><trkpt lat="53.60432" lon="49.02689"><time>2025-05-30T06:07:01.000Z</time></trkpt><trkpt lat="53.604354" lon="49.027001"><time>2025-05-30T06:07:03.000Z</time></trkpt><trkpt lat="53.604395" lon="49.027111"><time>2025-05-30T06:07:05.000Z</time></trkpt><trkpt lat="53.604442" lon="49.027212"><time>2025-05-30T06:07:07.000Z</time></trkpt><trkpt lat="53.604492" lon="49.027291"><time>2025-05-30T06:07:09.000Z</time></trkpt><trkpt lat="53.604547" lon="49.027344"><time>2025-05-30T06:07:11.000Z</time></trkpt><trkpt lat="53.604607" lon="49.027379"><time>2025-05-30T06:07:13.000Z</time></trkpt><trkpt lat="53.604672" lon="49.027404"><time>2025-05-30T06:07:15.000Z</time></trkpt><trkpt lat="53.60474" lon="49.027428"><time>2025-05-30T06:07:17.000Z</time></trkpt><trkpt lat="53.60481" lon="49.027452"><time>2025-05-30T06:07:19.000Z</time></trkpt><trkpt lat="53.604879" lon="49.027476"><time>2025-05-30T06:07:21.000Z</time></trkpt><trkpt lat="53.604946" lon="49.027501"><time>2025-05-30T06:07:23.000Z</time></trkpt><trkpt lat="53.60501" lon="49.027528"><time>2025-05-30T06:07:25.000Z</time></trkpt><trkpt lat="53.605073" lon="49.027556"><time>2025-05-30T06:07:27.000Z</time></trkpt><trkpt lat="53.605134" lon="49.027582"><time>2025-05-30T06:07:29.000Z</time></trkpt><trkpt lat="53.605195" lon="49.027608"><time>2025-05-30T06:07:31.000Z</time></trkpt><trkpt lat="53.605255" lon="49.027634"><time>2025-05-30T06:07:33.000Z</time></trkpt><trkpt lat="53.605315" lon="49.027662"><time>2025-05-30T06:07:35.000Z</time></trkpt><trkpt lat="53.605377" lon="49.027693"><time>2025-05-30T06:07:37.000Z</time></trkpt><trkpt lat="53.60544" lon="49.027726"><time>2025-05-30T06:07:39.000Z</time></trkpt><trkpt lat="53.605504" lon="49.027761"><time>2025-05-30T06:07:41.000Z</time></trkpt><trkpt lat="53.60557" lon="49.027797"><time>2025-05-30T06:07:43.000Z</time></trkpt><trkpt lat="53.605637" lon="49.027833"><time>2025-05-30T06:07:45.000Z</time></trkpt><trkpt lat="53.605707" lon="49.027868"><time>2025-05-30T06:07:47.000Z</time></trkpt><trkpt lat="53.605781" lon="49.027905"><time>2025-05-30T06:07:49.000Z</time></trkpt><trkpt lat="53.605859" lon="49.02794"><time>2025-05-30T06:07:51.000Z</time></trkpt><trkpt lat="53.605936" lon="49.027973"><time>2025-05-30T06:07:53.000Z</time></trkpt><trkpt lat="53.60601" lon="49.028001"><time>2025-05-30T06:07:55.000Z</time></trkpt><trkpt lat="53.606084" lon="49.028027"><time>2025-05-30T06:07:57.000Z</time></trkpt><trkpt lat="53.60616" lon="49.02805"><time>2025-05-30T06:07:59.000Z</time></trkpt><trkpt lat="53.606239" lon="49.02807"><time>2025-05-30T06:08:01.000Z</time></trkpt><trkpt lat="53.606319" lon="49.028089"><time>2025-05-30T06:08:03.000Z</time></trkpt><trkpt lat="53.606401" lon="49.028108"><time>2025-05-30T06:08:05.000Z</time></trkpt><trkpt lat="53.606496" lon="49.02813"><time>2025-05-30T06:08:07.000Z</time></trkpt><trkpt lat="53.60659" lon="49.028153"><time>2025-05-30T06:08:10.000Z</time></trkpt><trkpt lat="53.606681" lon="49.028176"><time>2025-05-30T06:08:12.000Z</time></trkpt><trkpt lat="53.606758" lon="49.028198"><time>2025-05-30T06:08:14.000Z</time></trkpt><trkpt lat="53.606835" lon="49.028224"><time>2025-05-30T06:08:16.000Z</time></trkpt><trkpt lat="53.606909" lon="49.028253"><time>2025-05-30T06:08:18.000Z</time></trkpt><trkpt lat="53.60698" lon="49.028286"><time>2025-05-30T06:08:20.000Z</time></trkpt><trkpt lat="53.607045" lon="49.028317"><time>2025-05-30T06:08:22.000Z</time></trkpt><trkpt lat="53.607104" lon="49.028339"><time>2025-05-30T06:08:24.000Z</time></trkpt><trkpt lat="53.607161" lon="49.028342"><time>2025-05-30T06:08:26.000Z</time></trkpt><trkpt lat="53.607222" lon="49.028327"><time>2025-05-30T06:08:28.000Z</time></trkpt><trkpt lat="53.607288" lon="49.028306"><time>2025-05-30T06:08:30.000Z</time></trkpt><trkpt lat="53.607354" lon="49.028291"><time>2025-05-30T06:08:32.000Z</time></trkpt><trkpt lat="53.607418" lon="49.028288"><time>2025-05-30T06:08:34.000Z</time></trkpt><trkpt lat="53.607487" lon="49.028298"><time>2025-05-30T06:08:36.000Z</time></trkpt><trkpt lat="53.607565" lon="49.028316"><time>2025-05-30T06:08:38.000Z</time></trkpt><trkpt lat="53.607651" lon="49.028339"><time>2025-05-30T06:08:40.000Z</time></trkpt><trkpt lat="53.607738" lon="49.028359"><time>2025-05-30T06:08:42.000Z</time></trkpt><trkpt lat="53.607821" lon="49.028366"><time>2025-05-30T06:08:44.000Z</time></trkpt><trkpt lat="53.607897" lon="49.028363"><time>2025-05-30T06:08:46.000Z</time></trkpt><trkpt lat="53.607967" lon="49.028358"><time>2025-05-30T06:08:48.000Z</time></trkpt><trkpt lat="53.608035" lon="49.028362"><time>2025-05-30T06:08:50.000Z</time></trkpt><trkpt lat="53.608105" lon="49.028376"><time>2025-05-30T06:08:52.000Z</time></trkpt><trkpt lat="53.608179" lon="49.028401"><time>2025-05-30T06:08:54.000Z</time></trkpt><trkpt lat="53.608257" lon="49.028435"><time>2025-05-30T06:08:56.000Z</time></trkpt><trkpt lat="53.608336" lon="49.028477"><time>2025-05-30T06:08:58.000Z</time></trkpt><trkpt lat="53.608411" lon="49.028526"><time>2025-05-30T06:09:00.000Z</time></trkpt><trkpt lat="53.608482" lon="49.028574"><time>2025-05-30T06:09:02.000Z</time></trkpt><trkpt lat="53.608548" lon="49.028619"><time>2025-05-30T06:09:04.000Z</time></trkpt><trkpt lat="53.608611" lon="49.028653"><time>2025-05-30T06:09:06.000Z</time></trkpt><trkpt lat="53.60868" lon="49.028686"><time>2025-05-30T06:09:08.000Z</time></trkpt><trkpt lat="53.60877" lon="49.028717"><time>2025-05-30T06:09:10.000Z</time></trkpt><trkpt lat="53.608862" lon="49.02874"><time>2025-05-30T06:09:13.000Z</time></trkpt><trkpt lat="53.608956" lon="49.028762"><time>2025-05-30T06:09:15.000Z</time></trkpt><trkpt lat="53.609027" lon="49.028783"><time>2025-05-30T06:09:18.000Z</time></trkpt><trkpt lat="53.609108" lon="49.028817"><time>2025-05-30T06:09:20.000Z</time></trkpt><trkpt lat="53.60918" lon="49.028845"><time>2025-05-30T06:09:23.000Z</time></trkpt><trkpt lat="53.609255" lon="49.028869"><time>2025-05-30T06:09:25.000Z</time></trkpt><trkpt lat="53.609316" lon="49.028881"><time>2025-05-30T06:09:27.000Z</time></trkpt><trkpt lat="53.609375" lon="49.028891"><time>2025-05-30T06:09:29.000Z</time></trkpt><trkpt lat="53.609431" lon="49.028895"><time>2025-05-30T06:09:31.000Z</time></trkpt><trkpt lat="53.609487" lon="49.028883"><time>2025-05-30T06:09:33.000Z</time></trkpt><trkpt lat="53.609535" lon="49.028836"><time>2025-05-30T06:09:35.000Z</time></trkpt><trkpt lat="53.609584" lon="49.028764"><time>2025-05-30T06:09:37.000Z</time></trkpt><trkpt lat="53.609639" lon="49.02868"><time>2025-05-30T06:09:39.000Z</time></trkpt><trkpt lat="53.609709" lon="49.028593"><time>2025-05-30T06:09:41.000Z</time></trkpt><trkpt lat="53.609789" lon="49.028488"><time>2025-05-30T06:09:43.000Z</time></trkpt><trkpt lat="53.609875" lon="49.028367"><time>2025-05-30T06:09:45.000Z</time></trkpt><trkpt lat="53.609969" lon="49.028248"><time>2025-05-30T06:09:47.000Z</time></trkpt><trkpt lat="53.610069" lon="49.028159"><time>2025-05-30T06:09:49.000Z</time></trkpt><trkpt lat="53.610166" lon="49.02812"><time>2025-05-30T06:09:51.000Z</time></trkpt><trkpt lat="53.610242" lon="49.028124"><time>2025-05-30T06:09:53.000Z</time></trkpt><trkpt lat="53.610294" lon="49.028143"><time>2025-05-30T06:09:55.000Z</time></trkpt><trkpt lat="53.610345" lon="49.028162"><time>2025-05-30T06:09:57.000Z</time></trkpt><trkpt lat="53.610408" lon="49.028178"><time>2025-05-30T06:09:59.000Z</time></trkpt><trkpt lat="53.610475" lon="49.028194"><time>2025-05-30T06:10:01.000Z</time></trkpt><trkpt lat="53.610531" lon="49.028205"><time>2025-05-30T06:10:03.000Z</time></trkpt><trkpt lat="53.610582" lon="49.028201"><time>2025-05-30T06:10:05.000Z</time></trkpt><trkpt lat="53.61064" lon="49.028184"><time>2025-05-30T06:10:07.000Z</time></trkpt><trkpt lat="53.610697" lon="49.028164"><time>2025-05-30T06:10:09.000Z</time></trkpt><trkpt lat="53.610752" lon="49.028149"><time>2025-05-30T06:10:11.000Z</time></trkpt><trkpt lat="53.610806" lon="49.028141"><time>2025-05-30T06:10:13.000Z</time></trkpt><trkpt lat="53.610863" lon="49.028139"><time>2025-05-30T06:10:15.000Z</time></trkpt><trkpt lat="53.610923" lon="49.028143"><time>2025-05-30T06:10:17.000Z</time></trkpt><trkpt lat="53.610983" lon="49.028154"><time>2025-05-30T06:10:19.000Z</time></trkpt><trkpt lat="53.611047" lon="49.028165"><time>2025-05-30T06:10:21.000Z</time></trkpt><trkpt lat="53.611109" lon="49.028171"><time>2025-05-30T06:10:23.000Z</time></trkpt><trkpt lat="53.611169" lon="49.028174"><time>2025-05-30T06:10:25.000Z</time></trkpt><trkpt lat="53.611236" lon="49.028182"><time>2025-05-30T06:10:27.000Z</time></trkpt><trkpt lat="53.611306" lon="49.028196"><time>2025-05-30T06:10:30.000Z</time></trkpt><trkpt lat="53.611377" lon="49.028213"><time>2025-05-30T06:10:32.000Z</time></trkpt><trkpt lat="53.611434" lon="49.028234"><time>2025-05-30T06:10:34.000Z</time></trkpt><trkpt lat="53.611486" lon="49.028262"><time>2025-05-30T06:10:36.000Z</time></trkpt><trkpt lat="53.611536" lon="49.028302"><time>2025-05-30T06:10:38.000Z</time></trkpt><trkpt lat="53.611583" lon="49.028352"><time>2025-05-30T06:10:40.000Z</time></trkpt><trkpt lat="53.611627" lon="49.028412"><time>2025-05-30T06:10:42.000Z</time></trkpt><trkpt lat="53.611665" lon="49.028482"><time>2025-05-30T06:10:44.000Z</time></trkpt><trkpt lat="53.611695" lon="49.028558"><time>2025-05-30T06:10:46.000Z</time></trkpt><trkpt lat="53.611718" lon="49.028637"><time>2025-05-30T06:10:48.000Z</time></trkpt><trkpt lat="53.611732" lon="49.028716"><time>2025-05-30T06:10:50.000Z</time></trkpt><trkpt lat="53.611738" lon="49.028787"><time>2025-05-30T06:10:52.000Z</time></trkpt><trkpt lat="53.611744" lon="49.028845"><time>2025-05-30T06:10:54.000Z</time></trkpt><trkpt lat="53.611764" lon="49.02888"><time>2025-05-30T06:10:57.000Z</time></trkpt><trkpt lat="53.611786" lon="49.028881"><time>2025-05-30T06:11:01.000Z</time></trkpt><trkpt lat="53.611794" lon="49.028858"><time>2025-05-30T06:11:03.000Z</time></trkpt><trkpt lat="53.611777" lon="49.028835"><time>2025-05-30T06:11:05.000Z</time></trkpt><trkpt lat="53.61175" lon="49.028813"><time>2025-05-30T06:11:07.000Z</time></trkpt><trkpt lat="53.611729" lon="49.02877"><time>2025-05-30T06:11:09.000Z</time></trkpt><trkpt lat="53.611711" lon="49.028694"><time>2025-05-30T06:11:11.000Z</time></trkpt><trkpt lat="53.611692" lon="49.028602"><time>2025-05-30T06:11:13.000Z</time></trkpt><trkpt lat="53.611666" lon="49.028515"><time>2025-05-30T06:11:15.000Z</time></trkpt><trkpt lat="53.611635" lon="49.028438"><time>2025-05-30T06:11:17.000Z</time></trkpt><trkpt lat="53.6116" lon="49.028373"><time>2025-05-30T06:11:19.000Z</time></trkpt><trkpt lat="53.611548" lon="49.02831"><time>2025-05-30T06:11:21.000Z</time></trkpt><trkpt lat="53.611491" lon="49.028259"><time>2025-05-30T06:11:24.000Z</time></trkpt><trkpt lat="53.61143" lon="49.02822"><time>2025-05-30T06:11:26.000Z</time></trkpt><trkpt lat="53.611375" lon="49.028198"><time>2025-05-30T06:11:28.000Z</time></trkpt><trkpt lat="53.61132" lon="49.02818"><time>2025-05-30T06:11:30.000Z</time></trkpt><trkpt lat="53.611265" lon="49.028166"><time>2025-05-30T06:11:32.000Z</time></trkpt><trkpt lat="53.611211" lon="49.028157"><time>2025-05-30T06:11:34.000Z</time></trkpt><trkpt lat="53.611152" lon="49.028152"><time>2025-05-30T06:11:36.000Z</time></trkpt><trkpt lat="53.611089" lon="49.028147"><time>2025-05-30T06:11:38.000Z</time></trkpt><trkpt lat="53.61097" lon="49.028126"><time>2025-05-30T06:12:08.000Z</time></trkpt><trkpt lat="53.61092" lon="49.028115"><time>2025-05-30T06:12:10.000Z</time></trkpt><trkpt lat="53.610873" lon="49.028108"><time>2025-05-30T06:12:12.000Z</time></trkpt><trkpt lat="53.610825" lon="49.028107"><time>2025-05-30T06:12:14.000Z</time></trkpt><trkpt lat="53.610769" lon="49.028121"><time>2025-05-30T06:12:16.000Z</time></trkpt><trkpt lat="53.610704" lon="49.028145"><time>2025-05-30T06:12:18.000Z</time></trkpt><trkpt lat="53.610637" lon="49.028171"><time>2025-05-30T06:12:20.000Z</time></trkpt><trkpt lat="53.610575" lon="49.02819"><time>2025-05-30T06:12:22.000Z</time></trkpt><trkpt lat="53.610513" lon="49.028192"><time>2025-05-30T06:12:24.000Z</time></trkpt><trkpt lat="53.610442" lon="49.028177"><time>2025-05-30T06:12:26.000Z</time></trkpt><trkpt lat="53.610372" lon="49.028155"><time>2025-05-30T06:12:28.000Z</time></trkpt><trkpt lat="53.61031" lon="49.028134"><time>2025-05-30T06:12:30.000Z</time></trkpt><trkpt lat="53.610259" lon="49.028118"><time>2025-05-30T06:12:32.000Z</time></trkpt><trkpt lat="53.610196" lon="49.028108"><time>2025-05-30T06:12:34.000Z</time></trkpt><trkpt lat="53.610128" lon="49.028115"><time>2025-05-30T06:12:37.000Z</time></trkpt><trkpt lat="53.610061" lon="49.028144"><time>2025-05-30T06:12:39.000Z</time></trkpt><trkpt lat="53.610008" lon="49.028189"><time>2025-05-30T06:12:41.000Z</time></trkpt><trkpt lat="53.609961" lon="49.028242"><time>2025-05-30T06:12:43.000Z</time></trkpt><trkpt lat="53.609918" lon="49.028298"><time>2025-05-30T06:12:45.000Z</time></trkpt><trkpt lat="53.609877" lon="49.028357"><time>2025-05-30T06:12:47.000Z</time></trkpt><trkpt lat="53.609832" lon="49.028426"><time>2025-05-30T06:12:49.000Z</time></trkpt><trkpt lat="53.609786" lon="49.028494"><time>2025-05-30T06:12:52.000Z</time></trkpt><trkpt lat="53.609739" lon="49.028558"><time>2025-05-30T06:12:54.000Z</time></trkpt><trkpt lat="53.609698" lon="49.028609"><time>2025-05-30T06:12:56.000Z</time></trkpt><trkpt lat="53.609659" lon="49.028656"><time>2025-05-30T06:12:58.000Z</time></trkpt><trkpt lat="53.609622" lon="49.028701"><time>2025-05-30T06:13:00.000Z</time></trkpt><trkpt lat="53.60959" lon="49.028749"><time>2025-05-30T06:13:02.000Z</time></trkpt><trkpt lat="53.609573" lon="49.028801"><time>2025-05-30T06:13:04.000Z</time></trkpt><trkpt lat="53.609577" lon="49.028854"><time>2025-05-30T06:13:06.000Z</time></trkpt><trkpt lat="53.609598" lon="49.028894"><time>2025-05-30T06:13:08.000Z</time></trkpt><trkpt lat="53.609638" lon="49.028929"><time>2025-05-30T06:13:10.000Z</time></trkpt><trkpt lat="53.609686" lon="49.02897"><time>2025-05-30T06:13:14.000Z</time></trkpt><trkpt lat="53.609736" lon="49.029034"><time>2025-05-30T06:13:16.000Z</time></trkpt><trkpt lat="53.609777" lon="49.029123"><time>2025-05-30T06:13:18.000Z</time></trkpt><trkpt lat="53.60982" lon="49.02923"><time>2025-05-30T06:13:20.000Z</time></trkpt><trkpt lat="53.609867" lon="49.029331"><time>2025-05-30T06:13:22.000Z</time></trkpt><trkpt lat="53.609915" lon="49.0294"><time>2025-05-30T06:13:24.000Z</time></trkpt><trkpt lat="53.609959" lon="49.029432"><time>2025-05-30T06:13:26.000Z</time></trkpt><trkpt lat="53.610001" lon="49.029444"><time>2025-05-30T06:13:28.000Z</time></trkpt><trkpt lat="53.610046" lon="49.029447"><time>2025-05-30T06:13:30.000Z</time></trkpt><trkpt lat="53.610095" lon="49.02945"><time>2025-05-30T06:13:32.000Z</time></trkpt><trkpt lat="53.61015" lon="49.029446"><time>2025-05-30T06:13:34.000Z</time></trkpt><trkpt lat="53.61021" lon="49.029448"><time>2025-05-30T06:13:36.000Z</time></trkpt><trkpt lat="53.610274" lon="49.029454"><time>2025-05-30T06:13:38.000Z</time></trkpt><trkpt lat="53.610341" lon="49.02947"><time>2025-05-30T06:13:40.000Z</time></trkpt><trkpt lat="53.61041" lon="49.029495"><time>2025-05-30T06:13:42.000Z</time></trkpt><trkpt lat="53.610475" lon="49.029539"><time>2025-05-30T06:13:44.000Z</time></trkpt><trkpt lat="53.610534" lon="49.029607"><time>2025-05-30T06:13:46.000Z</time></trkpt><trkpt lat="53.610605" lon="49.029682"><time>2025-05-30T06:13:48.000Z</time></trkpt><trkpt lat="53.610681" lon="49.02974"><time>2025-05-30T06:13:51.000Z</time></trkpt><trkpt lat="53.610763" lon="49.029773"><time>2025-05-30T06:13:53.000Z</time></trkpt><trkpt lat="53.610834" lon="49.029793"><time>2025-05-30T06:13:55.000Z</time></trkpt><trkpt lat="53.610901" lon="49.02982"><time>2025-05-30T06:13:57.000Z</time></trkpt><trkpt lat="53.610965" lon="49.029857"><time>2025-05-30T06:13:59.000Z</time></trkpt><trkpt lat="53.61103" lon="49.029904"><time>2025-05-30T06:14:01.000Z</time></trkpt><trkpt lat="53.611096" lon="49.029955"><time>2025-05-30T06:14:03.000Z</time></trkpt><trkpt lat="53.611166" lon="49.029999"><time>2025-05-30T06:14:05.000Z</time></trkpt><trkpt lat="53.61124" lon="49.030036"><time>2025-05-30T06:14:07.000Z</time></trkpt><trkpt lat="53.611329" lon="49.030078"><time>2025-05-30T06:14:09.000Z</time></trkpt><trkpt lat="53.611416" lon="49.030119"><time>2025-05-30T06:14:12.000Z</time></trkpt><trkpt lat="53.611501" lon="49.030156"><time>2025-05-30T06:14:14.000Z</time></trkpt><trkpt lat="53.611574" lon="49.030168"><time>2025-05-30T06:14:16.000Z</time></trkpt><trkpt lat="53.611647" lon="49.030174"><time>2025-05-30T06:14:18.000Z</time></trkpt><trkpt lat="53.611721" lon="49.030173"><time>2025-05-30T06:14:20.000Z</time></trkpt><trkpt lat="53.611795" lon="49.030173"><time>2025-05-30T06:14:22.000Z</time></trkpt><trkpt lat="53.611873" lon="49.030174"><time>2025-05-30T06:14:24.000Z</time></trkpt><trkpt lat="53.611951" lon="49.030181"><time>2025-05-30T06:14:26.000Z</time></trkpt><trkpt lat="53.612027" lon="49.030197"><time>2025-05-30T06:14:28.000Z</time></trkpt><trkpt lat="53.612099" lon="49.030221"><time>2025-05-30T06:14:30.000Z</time></trkpt><trkpt lat="53.612207" lon="49.030321"><time>2025-05-30T06:14:32.000Z</time></trkpt><trkpt lat="53.612312" lon="49.030448"><time>2025-05-30T06:14:38.000Z</time></trkpt><trkpt lat="53.612405" lon="49.030607"><time>2025-05-30T06:14:40.000Z</time></trkpt><trkpt lat="53.612437" lon="49.030722"><time>2025-05-30T06:14:42.000Z</time></trkpt><trkpt lat="53.612443" lon="49.030835"><time>2025-05-30T06:14:44.000Z</time></trkpt><trkpt lat="53.612432" lon="49.030946"><time>2025-05-30T06:14:46.000Z</time></trkpt><trkpt lat="53.612412" lon="49.031062"><time>2025-05-30T06:14:48.000Z</time></trkpt><trkpt lat="53.612393" lon="49.031187"><time>2025-05-30T06:14:50.000Z</time></trkpt><trkpt lat="53.612374" lon="49.031315"><time>2025-05-30T06:14:52.000Z</time></trkpt><trkpt lat="53.612362" lon="49.031439"><time>2025-05-30T06:14:54.000Z</time></trkpt><trkpt lat="53.612359" lon="49.031559"><time>2025-05-30T06:14:56.000Z</time></trkpt><trkpt lat="53.612379" lon="49.031662"><time>2025-05-30T06:14:58.000Z</time></trkpt><trkpt lat="53.612418" lon="49.031731"><time>2025-05-30T06:15:00.000Z</time></trkpt><trkpt lat="53.612496" lon="49.031768"><time>2025-05-30T06:15:02.000Z</time></trkpt><trkpt lat="53.612583" lon="49.031806"><time>2025-05-30T06:15:06.000Z</time></trkpt><trkpt lat="53.612668" lon="49.031875"><time>2025-05-30T06:15:08.000Z</time></trkpt><trkpt lat="53.612721" lon="49.031969"><time>2025-05-30T06:15:10.000Z</time></trkpt><trkpt lat="53.612762" lon="49.03207"><time>2025-05-30T06:15:12.000Z</time></trkpt><trkpt lat="53.612797" lon="49.032174"><time>2025-05-30T06:15:14.000Z</time></trkpt><trkpt lat="53.612829" lon="49.032283"><time>2025-05-30T06:15:16.000Z</time></trkpt><trkpt lat="53.612859" lon="49.03239"><time>2025-05-30T06:15:18.000Z</time></trkpt><trkpt lat="53.6129" lon="49.032484"><time>2025-05-30T06:15:20.000Z</time></trkpt><trkpt lat="53.612958" lon="49.032556"><time>2025-05-30T06:15:22.000Z</time></trkpt><trkpt lat="53.613028" lon="49.032609"><time>2025-05-30T06:15:24.000Z</time></trkpt><trkpt lat="53.613101" lon="49.032657"><time>2025-05-30T06:15:26.000Z</time></trkpt><trkpt lat="53.613174" lon="49.032716"><time>2025-05-30T06:15:28.000Z</time></trkpt><trkpt lat="53.613247" lon="49.032784"><time>2025-05-30T06:15:30.000Z</time></trkpt><trkpt lat="53.613321" lon="49.032844"><time>2025-05-30T06:15:32.000Z</time></trkpt><trkpt lat="53.613392" lon="49.032878"><time>2025-05-30T06:15:34.000Z</time></trkpt><trkpt lat="53.61346" lon="49.032889"><time>2025-05-30T06:15:36.000Z</time></trkpt><trkpt lat="53.613522" lon="49.032893"><time>2025-05-30T06:15:38.000Z</time></trkpt><trkpt lat="53.61358" lon="49.0329"><time>2025-05-30T06:15:40.000Z</time></trkpt><trkpt lat="53.613633" lon="49.03291"><time>2025-05-30T06:15:42.000Z</time></trkpt><trkpt lat="53.613685" lon="49.032927"><time>2025-05-30T06:15:44.000Z</time></trkpt><trkpt lat="53.613766" lon="49.032963"><time>2025-05-30T06:15:46.000Z</time></trkpt><trkpt lat="53.613863" lon="49.032988"><time>2025-05-30T06:15:48.000Z</time></trkpt><trkpt lat="53.61397" lon="49.032962"><time>2025-05-30T06:15:50.000Z</time></trkpt><trkpt lat="53.614059" lon="49.032899"><time>2025-05-30T06:15:52.000Z</time></trkpt><trkpt lat="53.614137" lon="49.032855"><time>2025-05-30T06:15:54.000Z</time></trkpt><trkpt lat="53.6142" lon="49.032868"><time>2025-05-30T06:15:56.000Z</time></trkpt><trkpt lat="53.614249" lon="49.032912"><time>2025-05-30T06:15:58.000Z</time></trkpt><trkpt lat="53.614288" lon="49.032953"><time>2025-05-30T06:16:00.000Z</time></trkpt><trkpt lat="53.614324" lon="49.032984"><time>2025-05-30T06:16:02.000Z</time></trkpt><trkpt lat="53.614361" lon="49.033004"><time>2025-05-30T06:16:04.000Z</time></trkpt><trkpt lat="53.6144" lon="49.033017"><time>2025-05-30T06:16:06.000Z</time></trkpt><trkpt lat="53.614441" lon="49.033025"><time>2025-05-30T06:16:08.000Z</time></trkpt><trkpt lat="53.614478" lon="49.033029"><time>2025-05-30T06:16:10.000Z</time></trkpt><trkpt lat="53.614515" lon="49.033033"><time>2025-05-30T06:16:12.000Z</time></trkpt><trkpt lat="53.614553" lon="49.033036"><time>2025-05-30T06:16:14.000Z</time></trkpt><trkpt lat="53.614593" lon="49.033036"><time>2025-05-30T06:16:16.000Z</time></trkpt><trkpt lat="53.614634" lon="49.033038"><time>2025-05-30T06:16:18.000Z</time></trkpt><trkpt lat="53.614676" lon="49.033042"><time>2025-05-30T06:16:20.000Z</time></trkpt><trkpt lat="53.614718" lon="49.03305"><time>2025-05-30T06:16:22.000Z</time></trkpt><trkpt lat="53.614757" lon="49.033059"><time>2025-05-30T06:16:24.000Z</time></trkpt><trkpt lat="53.614793" lon="49.033074"><time>2025-05-30T06:16:26.000Z</time></trkpt><trkpt lat="53.614825" lon="49.0331"><time>2025-05-30T06:16:28.000Z</time></trkpt><trkpt lat="53.614859" lon="49.033136"><time>2025-05-30T06:16:30.000Z</time></trkpt><trkpt lat="53.614893" lon="49.03316"><time>2025-05-30T06:16:32.000Z</time></trkpt><trkpt lat="53.614929" lon="49.033164"><time>2025-05-30T06:16:34.000Z</time></trkpt><trkpt lat="53.614967" lon="49.03316"><time>2025-05-30T06:16:36.000Z</time></trkpt><trkpt lat="53.615011" lon="49.03316"><time>2025-05-30T06:16:38.000Z</time></trkpt><trkpt lat="53.615061" lon="49.033166"><time>2025-05-30T06:16:40.000Z</time></trkpt><trkpt lat="53.615113" lon="49.033166"><time>2025-05-30T06:16:42.000Z</time></trkpt><trkpt lat="53.615159" lon="49.033161"><time>2025-05-30T06:16:44.000Z</time></trkpt><trkpt lat="53.6152" lon="49.033157"><time>2025-05-30T06:16:46.000Z</time></trkpt><trkpt lat="53.61524" lon="49.033153"><time>2025-05-30T06:16:48.000Z</time></trkpt><trkpt lat="53.615282" lon="49.033148"><time>2025-05-30T06:16:50.000Z</time></trkpt><trkpt lat="53.615327" lon="49.033138"><time>2025-05-30T06:16:52.000Z</time></trkpt><trkpt lat="53.615371" lon="49.033134"><time>2025-05-30T06:16:54.000Z</time></trkpt><trkpt lat="53.615416" lon="49.033135"><time>2025-05-30T06:16:56.000Z</time></trkpt><trkpt lat="53.615462" lon="49.033141"><time>2025-05-30T06:16:58.000Z</time></trkpt><trkpt lat="53.61551" lon="49.033142"><time>2025-05-30T06:17:00.000Z</time></trkpt><trkpt lat="53.615558" lon="49.03314"><time>2025-05-30T06:17:02.000Z</time></trkpt><trkpt lat="53.61561" lon="49.033141"><time>2025-05-30T06:17:04.000Z</time></trkpt><trkpt lat="53.615665" lon="49.033149"><time>2025-05-30T06:17:06.000Z</time></trkpt><trkpt lat="53.615725" lon="49.033157"><time>2025-05-30T06:17:08.000Z</time></trkpt><trkpt lat="53.615785" lon="49.033162"><time>2025-05-30T06:17:10.000Z</time></trkpt><trkpt lat="53.615846" lon="49.033165"><time>2025-05-30T06:17:12.000Z</time></trkpt><trkpt lat="53.615909" lon="49.033169"><time>2025-05-30T06:17:14.000Z</time></trkpt><trkpt lat="53.615974" lon="49.033173"><time>2025-05-30T06:17:16.000Z</time></trkpt><trkpt lat="53.616039" lon="49.033171"><time>2025-05-30T06:17:18.000Z</time></trkpt><trkpt lat="53.616101" lon="49.033169"><time>2025-05-30T06:17:20.000Z</time></trkpt><trkpt lat="53.616158" lon="49.033164"><time>2025-05-30T06:17:22.000Z</time></trkpt><trkpt lat="53.616213" lon="49.033164"><time>2025-05-30T06:17:24.000Z</time></trkpt><trkpt lat="53.616279" lon="49.033168"><time>2025-05-30T06:17:26.000Z</time></trkpt><trkpt lat="53.616346" lon="49.033177"><time>2025-05-30T06:17:29.000Z</time></trkpt><trkpt lat="53.616413" lon="49.033181"><time>2025-05-30T06:17:31.000Z</time></trkpt><trkpt lat="53.616468" lon="49.033175"><time>2025-05-30T06:17:33.000Z</time></trkpt><trkpt lat="53.616522" lon="49.03315"><time>2025-05-30T06:17:35.000Z</time></trkpt><trkpt lat="53.616572" lon="49.033109"><time>2025-05-30T06:17:37.000Z</time></trkpt><trkpt lat="53.616618" lon="49.033065"><time>2025-05-30T06:17:39.000Z</time></trkpt><trkpt lat="53.616667" lon="49.033034"><time>2025-05-30T06:17:41.000Z</time></trkpt><trkpt lat="53.616718" lon="49.033018"><time>2025-05-30T06:17:43.000Z</time></trkpt><trkpt lat="53.616774" lon="49.033015"><time>2025-05-30T06:17:45.000Z</time></trkpt><trkpt lat="53.616833" lon="49.033021"><time>2025-05-30T06:17:47.000Z</time></trkpt><trkpt lat="53.616894" lon="49.033034"><time>2025-05-30T06:17:49.000Z</time></trkpt><trkpt lat="53.616955" lon="49.033047"><time>2025-05-30T06:17:51.000Z</time></trkpt><trkpt lat="53.617014" lon="49.033057"><time>2025-05-30T06:17:53.000Z</time></trkpt><trkpt lat="53.617074" lon="49.033059"><time>2025-05-30T06:17:55.000Z</time></trkpt><trkpt lat="53.61714" lon="49.033063"><time>2025-05-30T06:17:57.000Z</time></trkpt><trkpt lat="53.617208" lon="49.033066"><time>2025-05-30T06:17:59.000Z</time></trkpt><trkpt lat="53.617273" lon="49.033075"><time>2025-05-30T06:18:01.000Z</time></trkpt><trkpt lat="53.617329" lon="49.033079"><time>2025-05-30T06:18:03.000Z</time></trkpt><trkpt lat="53.617392" lon="49.033081"><time>2025-05-30T06:18:05.000Z</time></trkpt><trkpt lat="53.617458" lon="49.03308"><time>2025-05-30T06:18:08.000Z</time></trkpt><trkpt lat="53.61753" lon="49.033081"><time>2025-05-30T06:18:10.000Z</time></trkpt><trkpt lat="53.617599" lon="49.033087"><time>2025-05-30T06:18:12.000Z</time></trkpt><trkpt lat="53.617667" lon="49.033097"><time>2025-05-30T06:18:14.000Z</time></trkpt><trkpt lat="53.617732" lon="49.033109"><time>2025-05-30T06:18:16.000Z</time></trkpt><trkpt lat="53.617794" lon="49.033119"><time>2025-05-30T06:18:18.000Z</time></trkpt><trkpt lat="53.617856" lon="49.033127"><time>2025-05-30T06:18:20.000Z</time></trkpt><trkpt lat="53.617921" lon="49.033133"><time>2025-05-30T06:18:22.000Z</time></trkpt><trkpt lat="53.617989" lon="49.033138"><time>2025-05-30T06:18:24.000Z</time></trkpt><trkpt lat="53.618071" lon="49.033142"><time>2025-05-30T06:18:26.000Z</time></trkpt><trkpt lat="53.618153" lon="49.033143"><time>2025-05-30T06:18:29.000Z</time></trkpt><trkpt lat="53.618236" lon="49.033142"><time>2025-05-30T06:18:31.000Z</time></trkpt><trkpt lat="53.618307" lon="49.033138"><time>2025-05-30T06:18:33.000Z</time></trkpt><trkpt lat="53.618377" lon="49.033139"><time>2025-05-30T06:18:35.000Z</time></trkpt><trkpt lat="53.618444" lon="49.033144"><time>2025-05-30T06:18:37.000Z</time></trkpt><trkpt lat="53.618512" lon="49.033153"><time>2025-05-30T06:18:39.000Z</time></trkpt><trkpt lat="53.618582" lon="49.033159"><time>2025-05-30T06:18:41.000Z</time></trkpt><trkpt lat="53.618651" lon="49.033159"><time>2025-05-30T06:18:43.000Z</time></trkpt><trkpt lat="53.618718" lon="49.033152"><time>2025-05-30T06:18:45.000Z</time></trkpt><trkpt lat="53.618784" lon="49.033135"><time>2025-05-30T06:18:47.000Z</time></trkpt><trkpt lat="53.618858" lon="49.033106"><time>2025-05-30T06:18:49.000Z</time></trkpt><trkpt lat="53.618933" lon="49.03308"><time>2025-05-30T06:18:52.000Z</time></trkpt><trkpt lat="53.619008" lon="49.03306"><time>2025-05-30T06:18:54.000Z</time></trkpt><trkpt lat="53.619075" lon="49.03305"><time>2025-05-30T06:18:56.000Z</time></trkpt><trkpt lat="53.619142" lon="49.033035"><time>2025-05-30T06:18:58.000Z</time></trkpt><trkpt lat="53.619204" lon="49.033021"><time>2025-05-30T06:19:00.000Z</time></trkpt><trkpt lat="53.619267" lon="49.033009"><time>2025-05-30T06:19:02.000Z</time></trkpt><trkpt lat="53.61933" lon="49.032996"><time>2025-05-30T06:19:04.000Z</time></trkpt><trkpt lat="53.619395" lon="49.03298"><time>2025-05-30T06:19:06.000Z</time></trkpt><trkpt lat="53.619459" lon="49.032961"><time>2025-05-30T06:19:08.000Z</time></trkpt><trkpt lat="53.619522" lon="49.032946"><time>2025-05-30T06:19:10.000Z</time></trkpt><trkpt lat="53.619583" lon="49.032932"><time>2025-05-30T06:19:12.000Z</time></trkpt><trkpt lat="53.619644" lon="49.032917"><time>2025-05-30T06:19:14.000Z</time></trkpt><trkpt lat="53.619706" lon="49.032901"><time>2025-05-30T06:19:16.000Z</time></trkpt><trkpt lat="53.619771" lon="49.032889"><time>2025-05-30T06:19:18.000Z</time></trkpt><trkpt lat="53.619839" lon="49.032886"><time>2025-05-30T06:19:20.000Z</time></trkpt><trkpt lat="53.619907" lon="49.032883"><time>2025-05-30T06:19:22.000Z</time></trkpt><trkpt lat="53.619976" lon="49.032884"><time>2025-05-30T06:19:24.000Z</time></trkpt><trkpt lat="53.620044" lon="49.032888"><time>2025-05-30T06:19:26.000Z</time></trkpt><trkpt lat="53.620111" lon="49.032896"><time>2025-05-30T06:19:28.000Z</time></trkpt><trkpt lat="53.620177" lon="49.032907"><time>2025-05-30T06:19:30.000Z</time></trkpt><trkpt lat="53.620241" lon="49.032918"><time>2025-05-30T06:19:32.000Z</time></trkpt><trkpt lat="53.620306" lon="49.032932"><time>2025-05-30T06:19:34.000Z</time></trkpt><trkpt lat="53.620372" lon="49.032944"><time>2025-05-30T06:19:36.001Z</time></trkpt><trkpt lat="53.620439" lon="49.032954"><time>2025-05-30T06:19:38.001Z</time></trkpt><trkpt lat="53.620505" lon="49.03296"><time>2025-05-30T06:19:40.001Z</time></trkpt><trkpt lat="53.62057" lon="49.032964"><time>2025-05-30T06:19:42.001Z</time></trkpt><trkpt lat="53.620634" lon="49.032965"><time>2025-05-30T06:19:44.001Z</time></trkpt><trkpt lat="53.620697" lon="49.032963"><time>2025-05-30T06:19:46.001Z</time></trkpt><trkpt lat="53.620758" lon="49.032956"><time>2025-05-30T06:19:48.001Z</time></trkpt><trkpt lat="53.62082" lon="49.032946"><time>2025-05-30T06:19:50.001Z</time></trkpt><trkpt lat="53.620883" lon="49.032935"><time>2025-05-30T06:19:52.001Z</time></trkpt><trkpt lat="53.620946" lon="49.032923"><time>2025-05-30T06:19:54.001Z</time></trkpt><trkpt lat="53.621007" lon="49.032906"><time>2025-05-30T06:19:56.001Z</time></trkpt><trkpt lat="53.621071" lon="49.032881"><time>2025-05-30T06:19:58.001Z</time></trkpt><trkpt lat="53.621135" lon="49.032842"><time>2025-05-30T06:20:00.000Z</time></trkpt><trkpt lat="53.621201" lon="49.03279"><time>2025-05-30T06:20:02.000Z</time></trkpt><trkpt lat="53.62126" lon="49.032724"><time>2025-05-30T06:20:04.001Z</time></trkpt><trkpt lat="53.621315" lon="49.032653"><time>2025-05-30T06:20:06.001Z</time></trkpt><trkpt lat="53.621369" lon="49.032585"><time>2025-05-30T06:20:08.001Z</time></trkpt><trkpt lat="53.621425" lon="49.032537"><time>2025-05-30T06:20:10.001Z</time></trkpt><trkpt lat="53.621482" lon="49.032519"><time>2025-05-30T06:20:12.001Z</time></trkpt><trkpt lat="53.62153" lon="49.032521"><time>2025-05-30T06:20:14.001Z</time></trkpt><trkpt lat="53.621566" lon="49.032509"><time>2025-05-30T06:20:16.000Z</time></trkpt><trkpt lat="53.621604" lon="49.032481"><time>2025-05-30T06:20:18.001Z</time></trkpt><trkpt lat="53.621649" lon="49.032451"><time>2025-05-30T06:20:21.001Z</time></trkpt><trkpt lat="53.621712" lon="49.032438"><time>2025-05-30T06:20:23.001Z</time></trkpt><trkpt lat="53.621796" lon="49.032438"><time>2025-05-30T06:20:25.001Z</time></trkpt><trkpt lat="53.621885" lon="49.032444"><time>2025-05-30T06:20:28.001Z</time></trkpt><trkpt lat="53.621967" lon="49.032457"><time>2025-05-30T06:20:30.001Z</time></trkpt><trkpt lat="53.622034" lon="49.032474"><time>2025-05-30T06:20:32.001Z</time></trkpt><trkpt lat="53.622099" lon="49.032493"><time>2025-05-30T06:20:34.001Z</time></trkpt><trkpt lat="53.622179" lon="49.032517"><time>2025-05-30T06:20:36.001Z</time></trkpt><trkpt lat="53.622257" lon="49.032538"><time>2025-05-30T06:20:39.001Z</time></trkpt><trkpt lat="53.622335" lon="49.03256"><time>2025-05-30T06:20:41.001Z</time></trkpt><trkpt lat="53.622404" lon="49.032579"><time>2025-05-30T06:20:43.001Z</time></trkpt><trkpt lat="53.622471" lon="49.032599"><time>2025-05-30T06:20:45.001Z</time></trkpt><trkpt lat="53.622537" lon="49.032619"><time>2025-05-30T06:20:47.001Z</time></trkpt><trkpt lat="53.622602" lon="49.032637"><time>2025-05-30T06:20:49.001Z</time></trkpt><trkpt lat="53.622664" lon="49.032649"><time>2025-05-30T06:20:51.001Z</time></trkpt><trkpt lat="53.62272" lon="49.032656"><time>2025-05-30T06:20:53.001Z</time></trkpt><trkpt lat="53.622873" lon="49.032671"><time>2025-05-30T06:20:55.001Z</time></trkpt><trkpt lat="53.623037" lon="49.0327"><time>2025-05-30T06:21:04.001Z</time></trkpt><trkpt lat="53.623195" lon="49.032729"><time>2025-05-30T06:21:06.001Z</time></trkpt><trkpt lat="53.623259" lon="49.032755"><time>2025-05-30T06:21:08.001Z</time></trkpt><trkpt lat="53.62332" lon="49.032774"><time>2025-05-30T06:21:10.001Z</time></trkpt><trkpt lat="53.623396" lon="49.032798"><time>2025-05-30T06:21:12.001Z</time></trkpt><trkpt lat="53.623476" lon="49.032821"><time>2025-05-30T06:21:14.001Z</time></trkpt><trkpt lat="53.623559" lon="49.032846"><time>2025-05-30T06:21:16.000Z</time></trkpt><trkpt lat="53.62364" lon="49.032873"><time>2025-05-30T06:21:18.001Z</time></trkpt><trkpt lat="53.62372" lon="49.032903"><time>2025-05-30T06:21:20.001Z</time></trkpt><trkpt lat="53.623794" lon="49.032936"><time>2025-05-30T06:21:22.001Z</time></trkpt><trkpt lat="53.623866" lon="49.032982"><time>2025-05-30T06:21:24.001Z</time></trkpt><trkpt lat="53.623939" lon="49.033036"><time>2025-05-30T06:21:26.001Z</time></trkpt><trkpt lat="53.624019" lon="49.033093"><time>2025-05-30T06:21:28.001Z</time></trkpt><trkpt lat="53.624157" lon="49.033157"><time>2025-05-30T06:21:30.001Z</time></trkpt><trkpt lat="53.624293" lon="49.033213"><time>2025-05-30T06:21:37.001Z</time></trkpt><trkpt lat="53.624429" lon="49.033267"><time>2025-05-30T06:21:39.001Z</time></trkpt><trkpt lat="53.624506" lon="49.03331"><time>2025-05-30T06:21:41.001Z</time></trkpt><trkpt lat="53.624581" lon="49.033351"><time>2025-05-30T06:21:43.001Z</time></trkpt><trkpt lat="53.624649" lon="49.033386"><time>2025-05-30T06:21:45.001Z</time></trkpt><trkpt lat="53.624713" lon="49.033418"><time>2025-05-30T06:21:47.001Z</time></trkpt><trkpt lat="53.624778" lon="49.033456"><time>2025-05-30T06:21:49.001Z</time></trkpt><trkpt lat="53.624845" lon="49.033502"><time>2025-05-30T06:21:51.001Z</time></trkpt><trkpt lat="53.624913" lon="49.033552"><time>2025-05-30T06:21:53.001Z</time></trkpt><trkpt lat="53.624979" lon="49.033598"><time>2025-05-30T06:21:55.001Z</time></trkpt><trkpt lat="53.625052" lon="49.033644"><time>2025-05-30T06:21:57.001Z</time></trkpt><trkpt lat="53.625124" lon="49.033687"><time>2025-05-30T06:22:00.000Z</time></trkpt><trkpt lat="53.625192" lon="49.03371"><time>2025-05-30T06:22:02.000Z</time></trkpt><trkpt lat="53.625242" lon="49.033659"><time>2025-05-30T06:22:04.001Z</time></trkpt><trkpt lat="53.62528" lon="49.03356"><time>2025-05-30T06:22:08.001Z</time></trkpt><trkpt lat="53.625311" lon="49.033435"><time>2025-05-30T06:22:10.001Z</time></trkpt><trkpt lat="53.625331" lon="49.033344"><time>2025-05-30T06:22:12.001Z</time></trkpt><trkpt lat="53.625341" lon="49.033274"><time>2025-05-30T06:22:14.001Z</time></trkpt><trkpt lat="53.625344" lon="49.033219"><time>2025-05-30T06:22:16.000Z</time></trkpt><trkpt lat="53.625341" lon="49.033213"><time>2025-05-30T06:22:28.001Z</time></trkpt><trkpt lat="53.625335" lon="49.033241"><time>2025-05-30T06:22:36.001Z</time></trkpt><trkpt lat="53.625355" lon="49.033292"><time>2025-05-30T06:23:44.001Z</time></trkpt><trkpt lat="53.62535" lon="49.033243"><time>2025-05-30T06:23:48.001Z</time></trkpt><trkpt lat="53.62536" lon="49.033218"><time>2025-05-30T06:24:07.001Z</time></trkpt><trkpt lat="53.625381" lon="49.033228"><time>2025-05-30T06:24:23.001Z</time></trkpt><trkpt lat="53.625418" lon="49.033277"><time>2025-05-30T06:24:25.001Z</time></trkpt><trkpt lat="53.625463" lon="49.033345"><time>2025-05-30T06:24:27.001Z</time></trkpt><trkpt lat="53.625514" lon="49.033417"><time>2025-05-30T06:24:29.001Z</time></trkpt><trkpt lat="53.625568" lon="49.033485"><time>2025-05-30T06:24:31.001Z</time></trkpt><trkpt lat="53.625618" lon="49.033549"><time>2025-05-30T06:24:33.001Z</time></trkpt><trkpt lat="53.625669" lon="49.033604"><time>2025-05-30T06:24:35.001Z</time></trkpt><trkpt lat="53.625716" lon="49.033657"><time>2025-05-30T06:24:37.001Z</time></trkpt><trkpt lat="53.625759" lon="49.033707"><time>2025-05-30T06:24:39.001Z</time></trkpt><trkpt lat="53.625805" lon="49.03375"><time>2025-05-30T06:24:41.001Z</time></trkpt><trkpt lat="53.625855" lon="49.033784"><time>2025-05-30T06:24:43.001Z</time></trkpt><trkpt lat="53.6259" lon="49.033804"><time>2025-05-30T06:24:45.001Z</time></trkpt><trkpt lat="53.625981" lon="49.03384"><time>2025-05-30T06:25:25.001Z</time></trkpt><trkpt lat="53.626037" lon="49.033891"><time>2025-05-30T06:25:27.001Z</time></trkpt><trkpt lat="53.626094" lon="49.033942"><time>2025-05-30T06:25:29.001Z</time></trkpt><trkpt lat="53.626156" lon="49.033984"><time>2025-05-30T06:25:31.001Z</time></trkpt><trkpt lat="53.626225" lon="49.034017"><time>2025-05-30T06:25:33.001Z</time></trkpt><trkpt lat="53.626292" lon="49.034019"><time>2025-05-30T06:25:35.001Z</time></trkpt><trkpt lat="53.626344" lon="49.033979"><time>2025-05-30T06:25:37.001Z</time></trkpt><trkpt lat="53.626384" lon="49.033891"><time>2025-05-30T06:25:39.001Z</time></trkpt><trkpt lat="53.626421" lon="49.03376"><time>2025-05-30T06:25:41.001Z</time></trkpt><trkpt lat="53.626463" lon="49.033627"><time>2025-05-30T06:25:44.001Z</time></trkpt><trkpt lat="53.626505" lon="49.033493"><time>2025-05-30T06:25:46.001Z</time></trkpt><trkpt lat="53.626545" lon="49.033381"><time>2025-05-30T06:25:48.001Z</time></trkpt><trkpt lat="53.626586" lon="49.033281"><time>2025-05-30T06:25:50.001Z</time></trkpt><trkpt lat="53.626629" lon="49.033205"><time>2025-05-30T06:25:52.001Z</time></trkpt><trkpt lat="53.626675" lon="49.03315"><time>2025-05-30T06:25:54.001Z</time></trkpt><trkpt lat="53.626726" lon="49.033109"><time>2025-05-30T06:25:56.001Z</time></trkpt><trkpt lat="53.626777" lon="49.033081"><time>2025-05-30T06:25:58.001Z</time></trkpt><trkpt lat="53.626847" lon="49.033088"><time>2025-05-30T06:26:29.001Z</time></trkpt><trkpt lat="53.626876" lon="49.033001"><time>2025-05-30T06:28:45.001Z</time></trkpt><trkpt lat="53.626884" lon="49.032976"><time>2025-05-30T06:29:43.001Z</time></trkpt><trkpt lat="53.626852" lon="49.033077"><time>2025-05-30T06:30:14.001Z</time></trkpt><trkpt lat="53.62678" lon="49.033067"><time>2025-05-30T06:57:09.002Z</time></trkpt><trkpt lat="53.626738" lon="49.033101"><time>2025-05-30T06:57:11.002Z</time></trkpt><trkpt lat="53.626693" lon="49.033146"><time>2025-05-30T06:57:13.002Z</time></trkpt><trkpt lat="53.626644" lon="49.033204"><time>2025-05-30T06:57:15.002Z</time></trkpt><trkpt lat="53.6266" lon="49.03328"><time>2025-05-30T06:57:17.002Z</time></trkpt><trkpt lat="53.626562" lon="49.033358"><time>2025-05-30T06:57:19.002Z</time></trkpt><trkpt lat="53.626533" lon="49.033439"><time>2025-05-30T06:57:21.002Z</time></trkpt><trkpt lat="53.626507" lon="49.033516"><time>2025-05-30T06:57:23.002Z</time></trkpt><trkpt lat="53.626483" lon="49.03359"><time>2025-05-30T06:57:25.002Z</time></trkpt><trkpt lat="53.626456" lon="49.033661"><time>2025-05-30T06:57:27.002Z</time></trkpt><trkpt lat="53.626429" lon="49.033732"><time>2025-05-30T06:57:29.002Z</time></trkpt><trkpt lat="53.626404" lon="49.033795"><time>2025-05-30T06:57:31.002Z</time></trkpt><trkpt lat="53.626375" lon="49.033859"><time>2025-05-30T06:57:33.002Z</time></trkpt><trkpt lat="53.626348" lon="49.033918"><time>2025-05-30T06:57:36.002Z</time></trkpt><trkpt lat="53.626317" lon="49.033984"><time>2025-05-30T06:57:38.002Z</time></trkpt><trkpt lat="53.626287" lon="49.034036"><time>2025-05-30T06:57:40.002Z</time></trkpt><trkpt lat="53.626253" lon="49.034078"><time>2025-05-30T06:57:42.002Z</time></trkpt><trkpt lat="53.626217" lon="49.034103"><time>2025-05-30T06:57:44.002Z</time></trkpt><trkpt lat="53.626178" lon="49.034105"><time>2025-05-30T06:57:46.002Z</time></trkpt><trkpt lat="53.626144" lon="49.034091"><time>2025-05-30T06:57:50.002Z</time></trkpt><trkpt lat="53.626111" lon="49.034062"><time>2025-05-30T06:57:52.002Z</time></trkpt><trkpt lat="53.626072" lon="49.034034"><time>2025-05-30T06:57:54.002Z</time></trkpt><trkpt lat="53.626009" lon="49.033993"><time>2025-05-30T06:57:56.002Z</time></trkpt><trkpt lat="53.625945" lon="49.033955"><time>2025-05-30T06:58:00.001Z</time></trkpt><trkpt lat="53.625882" lon="49.033919"><time>2025-05-30T06:58:02.002Z</time></trkpt><trkpt lat="53.625836" lon="49.033892"><time>2025-05-30T06:58:04.001Z</time></trkpt><trkpt lat="53.625786" lon="49.033858"><time>2025-05-30T06:58:06.002Z</time></trkpt><trkpt lat="53.625735" lon="49.033815"><time>2025-05-30T06:58:08.002Z</time></trkpt><trkpt lat="53.625683" lon="49.033766"><time>2025-05-30T06:58:10.002Z</time></trkpt><trkpt lat="53.625631" lon="49.033716"><time>2025-05-30T06:58:12.002Z</time></trkpt><trkpt lat="53.625579" lon="49.033663"><time>2025-05-30T06:58:14.002Z</time></trkpt><trkpt lat="53.625526" lon="49.033601"><time>2025-05-30T06:58:16.002Z</time></trkpt><trkpt lat="53.625471" lon="49.03353"><time>2025-05-30T06:58:18.002Z</time></trkpt><trkpt lat="53.625416" lon="49.033454"><time>2025-05-30T06:58:20.002Z</time></trkpt><trkpt lat="53.625364" lon="49.033375"><time>2025-05-30T06:58:22.002Z</time></trkpt><trkpt lat="53.625314" lon="49.033293"><time>2025-05-30T06:58:24.002Z</time></trkpt><trkpt lat="53.625271" lon="49.033209"><time>2025-05-30T06:58:26.002Z</time></trkpt><trkpt lat="53.62523" lon="49.033124"><time>2025-05-30T06:58:28.002Z</time></trkpt><trkpt lat="53.625192" lon="49.033039"><time>2025-05-30T06:58:30.002Z</time></trkpt><trkpt lat="53.625154" lon="49.032955"><time>2025-05-30T06:58:32.001Z</time></trkpt><trkpt lat="53.625114" lon="49.032869"><time>2025-05-30T06:58:34.002Z</time></trkpt><trkpt lat="53.62507" lon="49.032778"><time>2025-05-30T06:58:36.002Z</time></trkpt><trkpt lat="53.625017" lon="49.032688"><time>2025-05-30T06:58:38.002Z</time></trkpt><trkpt lat="53.624952" lon="49.032619"><time>2025-05-30T06:58:40.002Z</time></trkpt><trkpt lat="53.624879" lon="49.032576"><time>2025-05-30T06:58:42.002Z</time></trkpt><trkpt lat="53.624801" lon="49.032551"><time>2025-05-30T06:58:44.002Z</time></trkpt><trkpt lat="53.624723" lon="49.03253"><time>2025-05-30T06:58:46.002Z</time></trkpt><trkpt lat="53.624644" lon="49.03251"><time>2025-05-30T06:58:48.002Z</time></trkpt><trkpt lat="53.624566" lon="49.032493"><time>2025-05-30T06:58:50.002Z</time></trkpt><trkpt lat="53.624492" lon="49.032479"><time>2025-05-30T06:58:52.002Z</time></trkpt><trkpt lat="53.624424" lon="49.032469"><time>2025-05-30T06:58:54.002Z</time></trkpt><trkpt lat="53.62436" lon="49.032458"><time>2025-05-30T06:58:56.002Z</time></trkpt><trkpt lat="53.624294" lon="49.032448"><time>2025-05-30T06:58:58.002Z</time></trkpt><trkpt lat="53.624224" lon="49.032438"><time>2025-05-30T06:59:00.001Z</time></trkpt><trkpt lat="53.624147" lon="49.03243"><time>2025-05-30T06:59:02.002Z</time></trkpt><trkpt lat="53.624069" lon="49.032422"><time>2025-05-30T06:59:04.001Z</time></trkpt><trkpt lat="53.623993" lon="49.032414"><time>2025-05-30T06:59:06.002Z</time></trkpt><trkpt lat="53.62392" lon="49.032405"><time>2025-05-30T06:59:08.002Z</time></trkpt><trkpt lat="53.623848" lon="49.032395"><time>2025-05-30T06:59:10.002Z</time></trkpt><trkpt lat="53.623777" lon="49.032382"><time>2025-05-30T06:59:12.002Z</time></trkpt><trkpt lat="53.623702" lon="49.03237"><time>2025-05-30T06:59:14.002Z</time></trkpt><trkpt lat="53.623624" lon="49.032359"><time>2025-05-30T06:59:16.002Z</time></trkpt><trkpt lat="53.623542" lon="49.032347"><time>2025-05-30T06:59:18.002Z</time></trkpt><trkpt lat="53.623464" lon="49.032332"><time>2025-05-30T06:59:20.002Z</time></trkpt><trkpt lat="53.623387" lon="49.032313"><time>2025-05-30T06:59:22.002Z</time></trkpt><trkpt lat="53.623309" lon="49.032294"><time>2025-05-30T06:59:24.002Z</time></trkpt><trkpt lat="53.623228" lon="49.032274"><time>2025-05-30T06:59:26.002Z</time></trkpt><trkpt lat="53.623131" lon="49.032257"><time>2025-05-30T06:59:28.002Z</time></trkpt><trkpt lat="53.623035" lon="49.032241"><time>2025-05-30T06:59:31.002Z</time></trkpt><trkpt lat="53.622936" lon="49.032229"><time>2025-05-30T06:59:33.002Z</time></trkpt><trkpt lat="53.62285" lon="49.032219"><time>2025-05-30T06:59:35.002Z</time></trkpt><trkpt lat="53.622763" lon="49.032213"><time>2025-05-30T06:59:37.002Z</time></trkpt><trkpt lat="53.622676" lon="49.032211"><time>2025-05-30T06:59:39.002Z</time></trkpt><trkpt lat="53.62259" lon="49.032209"><time>2025-05-30T06:59:41.002Z</time></trkpt><trkpt lat="53.622506" lon="49.0322"><time>2025-05-30T06:59:43.002Z</time></trkpt><trkpt lat="53.622425" lon="49.032189"><time>2025-05-30T06:59:45.002Z</time></trkpt><trkpt lat="53.622347" lon="49.032177"><time>2025-05-30T06:59:47.002Z</time></trkpt><trkpt lat="53.622272" lon="49.03217"><time>2025-05-30T06:59:49.002Z</time></trkpt><trkpt lat="53.622169" lon="49.032162"><time>2025-05-30T06:59:51.002Z</time></trkpt><trkpt lat="53.622062" lon="49.032155"><time>2025-05-30T06:59:55.002Z</time></trkpt><trkpt lat="53.621952" lon="49.032145"><time>2025-05-30T06:59:57.002Z</time></trkpt><trkpt lat="53.621867" lon="49.032137"><time>2025-05-30T06:59:59.002Z</time></trkpt><trkpt lat="53.621784" lon="49.032127"><time>2025-05-30T07:00:01.002Z</time></trkpt><trkpt lat="53.621704" lon="49.032121"><time>2025-05-30T07:00:03.002Z</time></trkpt><trkpt lat="53.621636" lon="49.032135"><time>2025-05-30T07:00:05.002Z</time></trkpt><trkpt lat="53.621591" lon="49.032187"><time>2025-05-30T07:00:07.002Z</time></trkpt><trkpt lat="53.621567" lon="49.032281"><time>2025-05-30T07:00:09.002Z</time></trkpt><trkpt lat="53.621559" lon="49.032392"><time>2025-05-30T07:00:11.002Z</time></trkpt><trkpt lat="53.621545" lon="49.032484"><time>2025-05-30T07:00:13.002Z</time></trkpt><trkpt lat="53.621526" lon="49.03254"><time>2025-05-30T07:00:15.002Z</time></trkpt><trkpt lat="53.621516" lon="49.032586"><time>2025-05-30T07:00:17.002Z</time></trkpt><trkpt lat="53.621523" lon="49.032625"><time>2025-05-30T07:00:21.002Z</time></trkpt><trkpt lat="53.621536" lon="49.032683"><time>2025-05-30T07:00:23.002Z</time></trkpt><trkpt lat="53.621535" lon="49.032753"><time>2025-05-30T07:00:25.002Z</time></trkpt><trkpt lat="53.62152" lon="49.032851"><time>2025-05-30T07:00:27.002Z</time></trkpt><trkpt lat="53.621503" lon="49.032967"><time>2025-05-30T07:00:29.002Z</time></trkpt><trkpt lat="53.621486" lon="49.03309"><time>2025-05-30T07:00:31.002Z</time></trkpt><trkpt lat="53.621474" lon="49.033216"><time>2025-05-30T07:00:33.002Z</time></trkpt><trkpt lat="53.62146" lon="49.033332"><time>2025-05-30T07:00:35.002Z</time></trkpt><trkpt lat="53.621449" lon="49.033435"><time>2025-05-30T07:00:37.002Z</time></trkpt><trkpt lat="53.621438" lon="49.033533"><time>2025-05-30T07:00:39.002Z</time></trkpt><trkpt lat="53.621427" lon="49.033641"><time>2025-05-30T07:00:41.002Z</time></trkpt><trkpt lat="53.621415" lon="49.033758"><time>2025-05-30T07:00:43.002Z</time></trkpt><trkpt lat="53.621402" lon="49.033874"><time>2025-05-30T07:00:45.002Z</time></trkpt><trkpt lat="53.621392" lon="49.033988"><time>2025-05-30T07:00:47.002Z</time></trkpt><trkpt lat="53.621381" lon="49.034098"><time>2025-05-30T07:00:49.002Z</time></trkpt><trkpt lat="53.621367" lon="49.034212"><time>2025-05-30T07:00:51.002Z</time></trkpt><trkpt lat="53.62135" lon="49.034333"><time>2025-05-30T07:00:53.002Z</time></trkpt><trkpt lat="53.621334" lon="49.034457"><time>2025-05-30T07:00:55.002Z</time></trkpt><trkpt lat="53.621321" lon="49.034583"><time>2025-05-30T07:00:57.002Z</time></trkpt><trkpt lat="53.621311" lon="49.034704"><time>2025-05-30T07:00:59.002Z</time></trkpt><trkpt lat="53.621298" lon="49.034818"><time>2025-05-30T07:01:01.002Z</time></trkpt><trkpt lat="53.62127" lon="49.034911"><time>2025-05-30T07:01:03.002Z</time></trkpt><trkpt lat="53.621222" lon="49.034971"><time>2025-05-30T07:01:05.002Z</time></trkpt><trkpt lat="53.621162" lon="49.034987"><time>2025-05-30T07:01:07.002Z</time></trkpt><trkpt lat="53.621095" lon="49.034983"><time>2025-05-30T07:01:09.002Z</time></trkpt><trkpt lat="53.621026" lon="49.03497"><time>2025-05-30T07:01:11.002Z</time></trkpt><trkpt lat="53.620951" lon="49.034967"><time>2025-05-30T07:01:13.002Z</time></trkpt><trkpt lat="53.620873" lon="49.034965"><time>2025-05-30T07:01:15.002Z</time></trkpt><trkpt lat="53.620794" lon="49.034965"><time>2025-05-30T07:01:17.002Z</time></trkpt><trkpt lat="53.620712" lon="49.034962"><time>2025-05-30T07:01:19.002Z</time></trkpt><trkpt lat="53.62063" lon="49.034958"><time>2025-05-30T07:01:21.002Z</time></trkpt><trkpt lat="53.620544" lon="49.034953"><time>2025-05-30T07:01:23.002Z</time></trkpt><trkpt lat="53.620458" lon="49.03495"><time>2025-05-30T07:01:25.002Z</time></trkpt><trkpt lat="53.620376" lon="49.034949"><time>2025-05-30T07:01:27.002Z</time></trkpt><trkpt lat="53.620302" lon="49.034948"><time>2025-05-30T07:01:29.002Z</time></trkpt><trkpt lat="53.620233" lon="49.034948"><time>2025-05-30T07:01:31.002Z</time></trkpt><trkpt lat="53.620161" lon="49.034946"><time>2025-05-30T07:01:33.002Z</time></trkpt><trkpt lat="53.620082" lon="49.034947"><time>2025-05-30T07:01:35.002Z</time></trkpt><trkpt lat="53.619998" lon="49.034948"><time>2025-05-30T07:01:37.002Z</time></trkpt><trkpt lat="53.619911" lon="49.034948"><time>2025-05-30T07:01:39.002Z</time></trkpt><trkpt lat="53.619821" lon="49.034941"><time>2025-05-30T07:01:41.002Z</time></trkpt><trkpt lat="53.619729" lon="49.034932"><time>2025-05-30T07:01:43.002Z</time></trkpt><trkpt lat="53.619639" lon="49.034927"><time>2025-05-30T07:01:45.002Z</time></trkpt><trkpt lat="53.619549" lon="49.034925"><time>2025-05-30T07:01:47.002Z</time></trkpt><trkpt lat="53.619456" lon="49.03493"><time>2025-05-30T07:01:49.002Z</time></trkpt><trkpt lat="53.619362" lon="49.03493"><time>2025-05-30T07:01:51.002Z</time></trkpt><trkpt lat="53.619268" lon="49.034928"><time>2025-05-30T07:01:53.002Z</time></trkpt><trkpt lat="53.619175" lon="49.034919"><time>2025-05-30T07:01:55.002Z</time></trkpt><trkpt lat="53.619079" lon="49.034913"><time>2025-05-30T07:01:57.002Z</time></trkpt><trkpt lat="53.61898" lon="49.034909"><time>2025-05-30T07:01:59.002Z</time></trkpt><trkpt lat="53.618882" lon="49.034905"><time>2025-05-30T07:02:01.002Z</time></trkpt><trkpt lat="53.618789" lon="49.034901"><time>2025-05-30T07:02:03.002Z</time></trkpt><trkpt lat="53.618699" lon="49.034899"><time>2025-05-30T07:02:05.002Z</time></trkpt><trkpt lat="53.618609" lon="49.034894"><time>2025-05-30T07:02:07.002Z</time></trkpt><trkpt lat="53.618497" lon="49.03489"><time>2025-05-30T07:02:09.002Z</time></trkpt><trkpt lat="53.618384" lon="49.034886"><time>2025-05-30T07:02:12.002Z</time></trkpt><trkpt lat="53.618271" lon="49.034884"><time>2025-05-30T07:02:14.002Z</time></trkpt><trkpt lat="53.618179" lon="49.034881"><time>2025-05-30T07:02:16.002Z</time></trkpt><trkpt lat="53.618087" lon="49.034877"><time>2025-05-30T07:02:18.002Z</time></trkpt><trkpt lat="53.617991" lon="49.034875"><time>2025-05-30T07:02:20.002Z</time></trkpt><trkpt lat="53.617893" lon="49.034874"><time>2025-05-30T07:02:22.002Z</time></trkpt><trkpt lat="53.617798" lon="49.034873"><time>2025-05-30T07:02:24.002Z</time></trkpt><trkpt lat="53.617708" lon="49.034869"><time>2025-05-30T07:02:26.002Z</time></trkpt><trkpt lat="53.617615" lon="49.034865"><time>2025-05-30T07:02:28.002Z</time></trkpt><trkpt lat="53.617518" lon="49.034868"><time>2025-05-30T07:02:30.002Z</time></trkpt><trkpt lat="53.617422" lon="49.03488"><time>2025-05-30T07:02:32.001Z</time></trkpt><trkpt lat="53.617334" lon="49.034895"><time>2025-05-30T07:02:34.002Z</time></trkpt><trkpt lat="53.617252" lon="49.034901"><time>2025-05-30T07:02:36.002Z</time></trkpt><trkpt lat="53.617164" lon="49.034894"><time>2025-05-30T07:02:38.002Z</time></trkpt><trkpt lat="53.617069" lon="49.034883"><time>2025-05-30T07:02:40.002Z</time></trkpt><trkpt lat="53.616974" lon="49.034872"><time>2025-05-30T07:02:42.002Z</time></trkpt><trkpt lat="53.616886" lon="49.034865"><time>2025-05-30T07:02:44.002Z</time></trkpt><trkpt lat="53.616798" lon="49.034856"><time>2025-05-30T07:02:46.002Z</time></trkpt><trkpt lat="53.616706" lon="49.034853"><time>2025-05-30T07:02:48.002Z</time></trkpt><trkpt lat="53.616611" lon="49.034852"><time>2025-05-30T07:02:50.002Z</time></trkpt><trkpt lat="53.616518" lon="49.034855"><time>2025-05-30T07:02:52.002Z</time></trkpt><trkpt lat="53.616416" lon="49.034859"><time>2025-05-30T07:02:54.002Z</time></trkpt><trkpt lat="53.616311" lon="49.034866"><time>2025-05-30T07:02:57.002Z</time></trkpt><trkpt lat="53.616209" lon="49.034867"><time>2025-05-30T07:02:59.002Z</time></trkpt><trkpt lat="53.616123" lon="49.03486"><time>2025-05-30T07:03:01.002Z</time></trkpt><trkpt lat="53.61604" lon="49.034847"><time>2025-05-30T07:03:03.002Z</time></trkpt><trkpt lat="53.615952" lon="49.034836"><time>2025-05-30T07:03:05.002Z</time></trkpt><trkpt lat="53.615858" lon="49.034828"><time>2025-05-30T07:03:07.002Z</time></trkpt><trkpt lat="53.615765" lon="49.034823"><time>2025-05-30T07:03:09.002Z</time></trkpt><trkpt lat="53.615677" lon="49.034817"><time>2025-05-30T07:03:11.002Z</time></trkpt><trkpt lat="53.61559" lon="49.03481"><time>2025-05-30T07:03:13.002Z</time></trkpt><trkpt lat="53.615498" lon="49.034801"><time>2025-05-30T07:03:15.002Z</time></trkpt><trkpt lat="53.615403" lon="49.034794"><time>2025-05-30T07:03:17.002Z</time></trkpt><trkpt lat="53.615307" lon="49.034785"><time>2025-05-30T07:03:19.002Z</time></trkpt><trkpt lat="53.615211" lon="49.034775"><time>2025-05-30T07:03:21.002Z</time></trkpt><trkpt lat="53.615113" lon="49.034761"><time>2025-05-30T07:03:23.002Z</time></trkpt><trkpt lat="53.615017" lon="49.03475"><time>2025-05-30T07:03:25.002Z</time></trkpt><trkpt lat="53.614927" lon="49.03475"><time>2025-05-30T07:03:27.002Z</time></trkpt><trkpt lat="53.61484" lon="49.034759"><time>2025-05-30T07:03:29.002Z</time></trkpt><trkpt lat="53.614755" lon="49.034767"><time>2025-05-30T07:03:31.002Z</time></trkpt><trkpt lat="53.614672" lon="49.034757"><time>2025-05-30T07:03:33.002Z</time></trkpt><trkpt lat="53.614592" lon="49.03474"><time>2025-05-30T07:03:35.002Z</time></trkpt><trkpt lat="53.614511" lon="49.034721"><time>2025-05-30T07:03:37.002Z</time></trkpt><trkpt lat="53.614424" lon="49.03471"><time>2025-05-30T07:03:39.002Z</time></trkpt><trkpt lat="53.614332" lon="49.034704"><time>2025-05-30T07:03:41.002Z</time></trkpt><trkpt lat="53.614236" lon="49.034716"><time>2025-05-30T07:03:43.002Z</time></trkpt><trkpt lat="53.614139" lon="49.034727"><time>2025-05-30T07:03:45.002Z</time></trkpt><trkpt lat="53.614047" lon="49.03472"><time>2025-05-30T07:03:47.002Z</time></trkpt><trkpt lat="53.613961" lon="49.034697"><time>2025-05-30T07:03:49.002Z</time></trkpt><trkpt lat="53.613877" lon="49.034679"><time>2025-05-30T07:03:51.002Z</time></trkpt><trkpt lat="53.613792" lon="49.034679"><time>2025-05-30T07:03:53.002Z</time></trkpt><trkpt lat="53.613692" lon="49.034682"><time>2025-05-30T07:03:55.002Z</time></trkpt><trkpt lat="53.613592" lon="49.034689"><time>2025-05-30T07:03:58.002Z</time></trkpt><trkpt lat="53.61349" lon="49.034689"><time>2025-05-30T07:04:00.001Z</time></trkpt><trkpt lat="53.613398" lon="49.034686"><time>2025-05-30T07:04:02.002Z</time></trkpt><trkpt lat="53.613306" lon="49.034678"><time>2025-05-30T07:04:04.001Z</time></trkpt><trkpt lat="53.613213" lon="49.034668"><time>2025-05-30T07:04:06.002Z</time></trkpt><trkpt lat="53.613101" lon="49.034657"><time>2025-05-30T07:04:08.002Z</time></trkpt><trkpt lat="53.612989" lon="49.034645"><time>2025-05-30T07:04:11.002Z</time></trkpt><trkpt lat="53.612881" lon="49.034633"><time>2025-05-30T07:04:13.002Z</time></trkpt><trkpt lat="53.612793" lon="49.034622"><time>2025-05-30T07:04:15.002Z</time></trkpt><trkpt lat="53.612703" lon="49.034606"><time>2025-05-30T07:04:17.002Z</time></trkpt><trkpt lat="53.612612" lon="49.034593"><time>2025-05-30T07:04:19.002Z</time></trkpt><trkpt lat="53.612524" lon="49.034578"><time>2025-05-30T07:04:21.002Z</time></trkpt><trkpt lat="53.612439" lon="49.034564"><time>2025-05-30T07:04:23.002Z</time></trkpt><trkpt lat="53.612352" lon="49.034546"><time>2025-05-30T07:04:25.002Z</time></trkpt><trkpt lat="53.612263" lon="49.034532"><time>2025-05-30T07:04:27.002Z</time></trkpt><trkpt lat="53.612179" lon="49.034514"><time>2025-05-30T07:04:29.002Z</time></trkpt><trkpt lat="53.612097" lon="49.03449"><time>2025-05-30T07:04:31.002Z</time></trkpt><trkpt lat="53.612014" lon="49.034461"><time>2025-05-30T07:04:33.002Z</time></trkpt><trkpt lat="53.611925" lon="49.034433"><time>2025-05-30T07:04:35.002Z</time></trkpt><trkpt lat="53.611837" lon="49.034406"><time>2025-05-30T07:04:37.002Z</time></trkpt><trkpt lat="53.611746" lon="49.034378"><time>2025-05-30T07:04:39.002Z</time></trkpt><trkpt lat="53.611654" lon="49.03435"><time>2025-05-30T07:04:41.002Z</time></trkpt><trkpt lat="53.61156" lon="49.034324"><time>2025-05-30T07:04:43.002Z</time></trkpt><trkpt lat="53.611472" lon="49.034302"><time>2025-05-30T07:04:45.002Z</time></trkpt><trkpt lat="53.611387" lon="49.034281"><time>2025-05-30T07:04:47.002Z</time></trkpt><trkpt lat="53.611296" lon="49.034258"><time>2025-05-30T07:04:49.002Z</time></trkpt><trkpt lat="53.611205" lon="49.034237"><time>2025-05-30T07:04:51.002Z</time></trkpt><trkpt lat="53.611116" lon="49.034219"><time>2025-05-30T07:04:53.002Z</time></trkpt><trkpt lat="53.611037" lon="49.0342"><time>2025-05-30T07:04:55.002Z</time></trkpt><trkpt lat="53.610956" lon="49.034177"><time>2025-05-30T07:04:57.002Z</time></trkpt><trkpt lat="53.610869" lon="49.034156"><time>2025-05-30T07:04:59.002Z</time></trkpt><trkpt lat="53.610779" lon="49.034138"><time>2025-05-30T07:05:01.002Z</time></trkpt><trkpt lat="53.610693" lon="49.03412"><time>2025-05-30T07:05:03.002Z</time></trkpt><trkpt lat="53.610613" lon="49.034097"><time>2025-05-30T07:05:05.002Z</time></trkpt><trkpt lat="53.610533" lon="49.034072"><time>2025-05-30T07:05:07.002Z</time></trkpt><trkpt lat="53.610455" lon="49.034047"><time>2025-05-30T07:05:09.002Z</time></trkpt><trkpt lat="53.610377" lon="49.034025"><time>2025-05-30T07:05:11.002Z</time></trkpt><trkpt lat="53.610289" lon="49.034001"><time>2025-05-30T07:05:13.002Z</time></trkpt><trkpt lat="53.610194" lon="49.033974"><time>2025-05-30T07:05:15.002Z</time></trkpt><trkpt lat="53.610094" lon="49.033941"><time>2025-05-30T07:05:17.002Z</time></trkpt><trkpt lat="53.609999" lon="49.033905"><time>2025-05-30T07:05:19.002Z</time></trkpt><trkpt lat="53.609903" lon="49.03387"><time>2025-05-30T07:05:21.002Z</time></trkpt><trkpt lat="53.609806" lon="49.033844"><time>2025-05-30T07:05:23.002Z</time></trkpt><trkpt lat="53.609713" lon="49.033824"><time>2025-05-30T07:05:25.002Z</time></trkpt><trkpt lat="53.60963" lon="49.033806"><time>2025-05-30T07:05:27.002Z</time></trkpt><trkpt lat="53.60955" lon="49.033783"><time>2025-05-30T07:05:29.002Z</time></trkpt><trkpt lat="53.609458" lon="49.033758"><time>2025-05-30T07:05:31.002Z</time></trkpt><trkpt lat="53.609354" lon="49.03373"><time>2025-05-30T07:05:33.002Z</time></trkpt><trkpt lat="53.60925" lon="49.033702"><time>2025-05-30T07:05:35.002Z</time></trkpt><trkpt lat="53.609153" lon="49.033675"><time>2025-05-30T07:05:37.002Z</time></trkpt><trkpt lat="53.609058" lon="49.033651"><time>2025-05-30T07:05:39.002Z</time></trkpt><trkpt lat="53.608962" lon="49.033626"><time>2025-05-30T07:05:41.002Z</time></trkpt><trkpt lat="53.608847" lon="49.033593"><time>2025-05-30T07:05:43.002Z</time></trkpt><trkpt lat="53.608732" lon="49.03356"><time>2025-05-30T07:05:46.002Z</time></trkpt><trkpt lat="53.608615" lon="49.033529"><time>2025-05-30T07:05:48.002Z</time></trkpt><trkpt lat="53.608514" lon="49.033503"><time>2025-05-30T07:05:50.002Z</time></trkpt><trkpt lat="53.608415" lon="49.033477"><time>2025-05-30T07:05:52.002Z</time></trkpt><trkpt lat="53.608319" lon="49.03345"><time>2025-05-30T07:05:54.002Z</time></trkpt><trkpt lat="53.608225" lon="49.03342"><time>2025-05-30T07:05:56.002Z</time></trkpt><trkpt lat="53.60813" lon="49.03339"><time>2025-05-30T07:05:58.002Z</time></trkpt><trkpt lat="53.608034" lon="49.03336"><time>2025-05-30T07:06:00.001Z</time></trkpt><trkpt lat="53.607938" lon="49.033334"><time>2025-05-30T07:06:02.002Z</time></trkpt><trkpt lat="53.607847" lon="49.033309"><time>2025-05-30T07:06:04.001Z</time></trkpt><trkpt lat="53.60776" lon="49.033282"><time>2025-05-30T07:06:06.002Z</time></trkpt><trkpt lat="53.607674" lon="49.033255"><time>2025-05-30T07:06:08.002Z</time></trkpt><trkpt lat="53.607587" lon="49.03323"><time>2025-05-30T07:06:10.002Z</time></trkpt><trkpt lat="53.607499" lon="49.033208"><time>2025-05-30T07:06:12.002Z</time></trkpt><trkpt lat="53.607416" lon="49.033183"><time>2025-05-30T07:06:14.002Z</time></trkpt><trkpt lat="53.607333" lon="49.033152"><time>2025-05-30T07:06:16.002Z</time></trkpt><trkpt lat="53.607247" lon="49.03312"><time>2025-05-30T07:06:18.002Z</time></trkpt><trkpt lat="53.607157" lon="49.033092"><time>2025-05-30T07:06:20.002Z</time></trkpt><trkpt lat="53.60707" lon="49.033067"><time>2025-05-30T07:06:22.002Z</time></trkpt><trkpt lat="53.606987" lon="49.033045"><time>2025-05-30T07:06:24.002Z</time></trkpt><trkpt lat="53.606902" lon="49.033019"><time>2025-05-30T07:06:26.002Z</time></trkpt><trkpt lat="53.606812" lon="49.032988"><time>2025-05-30T07:06:28.002Z</time></trkpt><trkpt lat="53.606722" lon="49.032952"><time>2025-05-30T07:06:30.002Z</time></trkpt><trkpt lat="53.606636" lon="49.032923"><time>2025-05-30T07:06:32.001Z</time></trkpt><trkpt lat="53.606549" lon="49.032896"><time>2025-05-30T07:06:34.002Z</time></trkpt><trkpt lat="53.606455" lon="49.032869"><time>2025-05-30T07:06:36.002Z</time></trkpt><trkpt lat="53.606359" lon="49.032834"><time>2025-05-30T07:06:38.002Z</time></trkpt><trkpt lat="53.606271" lon="49.032795"><time>2025-05-30T07:06:40.002Z</time></trkpt><trkpt lat="53.606191" lon="49.032757"><time>2025-05-30T07:06:42.002Z</time></trkpt><trkpt lat="53.606108" lon="49.032723"><time>2025-05-30T07:06:44.002Z</time></trkpt><trkpt lat="53.606019" lon="49.032694"><time>2025-05-30T07:06:46.002Z</time></trkpt><trkpt lat="53.605929" lon="49.032666"><time>2025-05-30T07:06:48.002Z</time></trkpt><trkpt lat="53.605843" lon="49.032641"><time>2025-05-30T07:06:50.002Z</time></trkpt><trkpt lat="53.605759" lon="49.03262"><time>2025-05-30T07:06:52.002Z</time></trkpt><trkpt lat="53.605678" lon="49.032593"><time>2025-05-30T07:06:54.002Z</time></trkpt><trkpt lat="53.605597" lon="49.032564"><time>2025-05-30T07:06:56.002Z</time></trkpt><trkpt lat="53.60552" lon="49.032533"><time>2025-05-30T07:06:58.002Z</time></trkpt><trkpt lat="53.605441" lon="49.032507"><time>2025-05-30T07:07:00.001Z</time></trkpt><trkpt lat="53.605359" lon="49.032478"><time>2025-05-30T07:07:02.002Z</time></trkpt><trkpt lat="53.605272" lon="49.032448"><time>2025-05-30T07:07:04.001Z</time></trkpt><trkpt lat="53.605182" lon="49.032417"><time>2025-05-30T07:07:06.002Z</time></trkpt><trkpt lat="53.605089" lon="49.032383"><time>2025-05-30T07:07:08.002Z</time></trkpt><trkpt lat="53.604999" lon="49.032354"><time>2025-05-30T07:07:10.002Z</time></trkpt><trkpt lat="53.604907" lon="49.032327"><time>2025-05-30T07:07:12.002Z</time></trkpt><trkpt lat="53.60482" lon="49.032302"><time>2025-05-30T07:07:14.002Z</time></trkpt><trkpt lat="53.604736" lon="49.032273"><time>2025-05-30T07:07:16.002Z</time></trkpt><trkpt lat="53.604655" lon="49.032242"><time>2025-05-30T07:07:18.002Z</time></trkpt><trkpt lat="53.60457" lon="49.032215"><time>2025-05-30T07:07:20.002Z</time></trkpt><trkpt lat="53.604483" lon="49.032191"><time>2025-05-30T07:07:22.002Z</time></trkpt><trkpt lat="53.604404" lon="49.03217"><time>2025-05-30T07:07:24.002Z</time></trkpt><trkpt lat="53.604334" lon="49.032148"><time>2025-05-30T07:07:26.002Z</time></trkpt><trkpt lat="53.604265" lon="49.032124"><time>2025-05-30T07:07:28.002Z</time></trkpt><trkpt lat="53.604202" lon="49.032078"><time>2025-05-30T07:07:30.002Z</time></trkpt><trkpt lat="53.60416" lon="49.032003"><time>2025-05-30T07:07:33.002Z</time></trkpt><trkpt lat="53.604146" lon="49.031896"><time>2025-05-30T07:07:35.002Z</time></trkpt><trkpt lat="53.604153" lon="49.031777"><time>2025-05-30T07:07:37.002Z</time></trkpt><trkpt lat="53.604167" lon="49.031658"><time>2025-05-30T07:07:39.002Z</time></trkpt><trkpt lat="53.604183" lon="49.031539"><time>2025-05-30T07:07:41.003Z</time></trkpt><trkpt lat="53.6042" lon="49.031417"><time>2025-05-30T07:07:43.003Z</time></trkpt><trkpt lat="53.604215" lon="49.031289"><time>2025-05-30T07:07:45.000Z</time></trkpt><trkpt lat="53.604226" lon="49.031153"><time>2025-05-30T07:07:47.000Z</time></trkpt><trkpt lat="53.604238" lon="49.031013"><time>2025-05-30T07:07:49.000Z</time></trkpt><trkpt lat="53.604251" lon="49.03087"><time>2025-05-30T07:07:51.000Z</time></trkpt><trkpt lat="53.604267" lon="49.030725"><time>2025-05-30T07:07:53.000Z</time></trkpt><trkpt lat="53.604286" lon="49.030552"><time>2025-05-30T07:07:55.000Z</time></trkpt><trkpt lat="53.604306" lon="49.030378"><time>2025-05-30T07:07:58.000Z</time></trkpt><trkpt lat="53.604326" lon="49.030207"><time>2025-05-30T07:08:00.000Z</time></trkpt><trkpt lat="53.604342" lon="49.030063"><time>2025-05-30T07:08:02.000Z</time></trkpt><trkpt lat="53.604357" lon="49.029917"><time>2025-05-30T07:08:04.000Z</time></trkpt><trkpt lat="53.60437" lon="49.02977"><time>2025-05-30T07:08:06.000Z</time></trkpt><trkpt lat="53.604382" lon="49.029624"><time>2025-05-30T07:08:08.000Z</time></trkpt><trkpt lat="53.604394" lon="49.029481"><time>2025-05-30T07:08:10.000Z</time></trkpt><trkpt lat="53.604408" lon="49.029336"><time>2025-05-30T07:08:12.000Z</time></trkpt><trkpt lat="53.604421" lon="49.029195"><time>2025-05-30T07:08:14.000Z</time></trkpt><trkpt lat="53.604433" lon="49.029062"><time>2025-05-30T07:08:16.000Z</time></trkpt><trkpt lat="53.604444" lon="49.028935"><time>2025-05-30T07:08:18.000Z</time></trkpt><trkpt lat="53.604455" lon="49.028806"><time>2025-05-30T07:08:20.000Z</time></trkpt><trkpt lat="53.604467" lon="49.028647"><time>2025-05-30T07:08:22.000Z</time></trkpt><trkpt lat="53.604482" lon="49.028488"><time>2025-05-30T07:08:25.000Z</time></trkpt><trkpt lat="53.604501" lon="49.028331"><time>2025-05-30T07:08:27.000Z</time></trkpt><trkpt lat="53.604524" lon="49.028197"><time>2025-05-30T07:08:29.000Z</time></trkpt><trkpt lat="53.604547" lon="49.028062"><time>2025-05-30T07:08:31.000Z</time></trkpt><trkpt lat="53.604569" lon="49.027927"><time>2025-05-30T07:08:33.000Z</time></trkpt><trkpt lat="53.604587" lon="49.027796"><time>2025-05-30T07:08:35.000Z</time></trkpt><trkpt lat="53.604597" lon="49.02767"><time>2025-05-30T07:08:37.000Z</time></trkpt><trkpt lat="53.604568" lon="49.027533"><time>2025-05-30T07:08:39.000Z</time></trkpt><trkpt lat="53.604509" lon="49.027432"><time>2025-05-30T07:08:45.000Z</time></trkpt><trkpt lat="53.604395" lon="49.027357"><time>2025-05-30T07:08:47.000Z</time></trkpt><trkpt lat="53.604289" lon="49.027321"><time>2025-05-30T07:08:51.000Z</time></trkpt><trkpt lat="53.604178" lon="49.027276"><time>2025-05-30T07:08:53.000Z</time></trkpt><trkpt lat="53.604095" lon="49.027238"><time>2025-05-30T07:08:55.000Z</time></trkpt><trkpt lat="53.604009" lon="49.027214"><time>2025-05-30T07:08:57.000Z</time></trkpt><trkpt lat="53.60392" lon="49.027186"><time>2025-05-30T07:08:59.000Z</time></trkpt><trkpt lat="53.60383" lon="49.027148"><time>2025-05-30T07:09:01.000Z</time></trkpt><trkpt lat="53.603744" lon="49.027095"><time>2025-05-30T07:09:03.000Z</time></trkpt><trkpt lat="53.603664" lon="49.027043"><time>2025-05-30T07:09:05.000Z</time></trkpt><trkpt lat="53.603585" lon="49.027003"><time>2025-05-30T07:09:07.000Z</time></trkpt><trkpt lat="53.603503" lon="49.026973"><time>2025-05-30T07:09:09.000Z</time></trkpt><trkpt lat="53.603418" lon="49.026943"><time>2025-05-30T07:09:11.000Z</time></trkpt><trkpt lat="53.603334" lon="49.026901"><time>2025-05-30T07:09:13.000Z</time></trkpt><trkpt lat="53.60325" lon="49.026853"><time>2025-05-30T07:09:15.000Z</time></trkpt><trkpt lat="53.603164" lon="49.026806"><time>2025-05-30T07:09:17.000Z</time></trkpt><trkpt lat="53.603079" lon="49.026773"><time>2025-05-30T07:09:19.000Z</time></trkpt><trkpt lat="53.602997" lon="49.026749"><time>2025-05-30T07:09:21.000Z</time></trkpt><trkpt lat="53.602912" lon="49.026728"><time>2025-05-30T07:09:23.000Z</time></trkpt><trkpt lat="53.602824" lon="49.026703"><time>2025-05-30T07:09:25.000Z</time></trkpt><trkpt lat="53.602737" lon="49.026678"><time>2025-05-30T07:09:27.000Z</time></trkpt><trkpt lat="53.602638" lon="49.02665"><time>2025-05-30T07:09:29.000Z</time></trkpt><trkpt lat="53.602534" lon="49.026624"><time>2025-05-30T07:09:32.000Z</time></trkpt><trkpt lat="53.60243" lon="49.026606"><time>2025-05-30T07:09:34.000Z</time></trkpt><trkpt lat="53.602355" lon="49.026601"><time>2025-05-30T07:09:36.000Z</time></trkpt><trkpt lat="53.602244" lon="49.026589"><time>2025-05-30T07:09:38.000Z</time></trkpt><trkpt lat="53.602133" lon="49.026569"><time>2025-05-30T07:09:42.000Z</time></trkpt><trkpt lat="53.602006" lon="49.026545"><time>2025-05-30T07:09:44.000Z</time></trkpt><trkpt lat="53.601922" lon="49.026525"><time>2025-05-30T07:09:46.000Z</time></trkpt><trkpt lat="53.601844" lon="49.026501"><time>2025-05-30T07:09:48.000Z</time></trkpt><trkpt lat="53.601774" lon="49.026469"><time>2025-05-30T07:09:50.000Z</time></trkpt><trkpt lat="53.601694" lon="49.026415"><time>2025-05-30T07:09:52.000Z</time></trkpt><trkpt lat="53.601615" lon="49.026348"><time>2025-05-30T07:09:55.000Z</time></trkpt><trkpt lat="53.601534" lon="49.02627"><time>2025-05-30T07:09:57.000Z</time></trkpt><trkpt lat="53.601467" lon="49.026197"><time>2025-05-30T07:09:59.000Z</time></trkpt><trkpt lat="53.601396" lon="49.026118"><time>2025-05-30T07:10:01.000Z</time></trkpt><trkpt lat="53.601328" lon="49.026041"><time>2025-05-30T07:10:04.000Z</time></trkpt><trkpt lat="53.601259" lon="49.025959"><time>2025-05-30T07:10:06.000Z</time></trkpt><trkpt lat="53.601192" lon="49.025888"><time>2025-05-30T07:10:08.000Z</time></trkpt><trkpt lat="53.601123" lon="49.025814"><time>2025-05-30T07:10:10.000Z</time></trkpt><trkpt lat="53.601049" lon="49.025736"><time>2025-05-30T07:10:12.000Z</time></trkpt><trkpt lat="53.600972" lon="49.025649"><time>2025-05-30T07:10:14.000Z</time></trkpt><trkpt lat="53.600891" lon="49.02556"><time>2025-05-30T07:10:16.000Z</time></trkpt><trkpt lat="53.60081" lon="49.025473"><time>2025-05-30T07:10:18.000Z</time></trkpt><trkpt lat="53.600732" lon="49.025388"><time>2025-05-30T07:10:20.000Z</time></trkpt><trkpt lat="53.600657" lon="49.025306"><time>2025-05-30T07:10:22.000Z</time></trkpt><trkpt lat="53.600582" lon="49.025229"><time>2025-05-30T07:10:24.000Z</time></trkpt><trkpt lat="53.600507" lon="49.025153"><time>2025-05-30T07:10:26.000Z</time></trkpt><trkpt lat="53.600435" lon="49.025076"><time>2025-05-30T07:10:28.000Z</time></trkpt><trkpt lat="53.60036" lon="49.025007"><time>2025-05-30T07:10:30.000Z</time></trkpt><trkpt lat="53.600286" lon="49.024949"><time>2025-05-30T07:10:32.000Z</time></trkpt><trkpt lat="53.600222" lon="49.024911"><time>2025-05-30T07:10:34.000Z</time></trkpt><trkpt lat="53.600162" lon="49.024883"><time>2025-05-30T07:10:36.000Z</time></trkpt><trkpt lat="53.600107" lon="49.024861"><time>2025-05-30T07:10:38.000Z</time></trkpt><trkpt lat="53.600044" lon="49.024839"><time>2025-05-30T07:10:40.000Z</time></trkpt><trkpt lat="53.599981" lon="49.024822"><time>2025-05-30T07:10:42.000Z</time></trkpt><trkpt lat="53.599906" lon="49.02481"><time>2025-05-30T07:10:44.000Z</time></trkpt><trkpt lat="53.599835" lon="49.024797"><time>2025-05-30T07:10:46.000Z</time></trkpt><trkpt lat="53.599775" lon="49.024777"><time>2025-05-30T07:10:48.000Z</time></trkpt><trkpt lat="53.599725" lon="49.024761"><time>2025-05-30T07:10:52.000Z</time></trkpt><trkpt lat="53.599672" lon="49.024749"><time>2025-05-30T07:10:55.000Z</time></trkpt><trkpt lat="53.599608" lon="49.024747"><time>2025-05-30T07:10:57.000Z</time></trkpt><trkpt lat="53.599547" lon="49.024737"><time>2025-05-30T07:10:59.000Z</time></trkpt><trkpt lat="53.599485" lon="49.024726"><time>2025-05-30T07:11:01.000Z</time></trkpt><trkpt lat="53.599423" lon="49.024713"><time>2025-05-30T07:11:03.000Z</time></trkpt><trkpt lat="53.59936" lon="49.024704"><time>2025-05-30T07:11:05.000Z</time></trkpt><trkpt lat="53.599302" lon="49.024704"><time>2025-05-30T07:11:07.000Z</time></trkpt><trkpt lat="53.599252" lon="49.024711"><time>2025-05-30T07:11:09.000Z</time></trkpt><trkpt lat="53.599213" lon="49.024714"><time>2025-05-30T07:11:11.000Z</time></trkpt><trkpt lat="53.599173" lon="49.024703"><time>2025-05-30T07:11:13.000Z</time></trkpt><trkpt lat="53.599125" lon="49.024684"><time>2025-05-30T07:11:15.000Z</time></trkpt><trkpt lat="53.599067" lon="49.024655"><time>2025-05-30T07:11:17.000Z</time></trkpt><trkpt lat="53.599001" lon="49.024629"><time>2025-05-30T07:11:19.000Z</time></trkpt><trkpt lat="53.59893" lon="49.024606"><time>2025-05-30T07:11:21.000Z</time></trkpt><trkpt lat="53.598858" lon="49.024595"><time>2025-05-30T07:11:23.000Z</time></trkpt><trkpt lat="53.598787" lon="49.02459"><time>2025-05-30T07:11:25.000Z</time></trkpt><trkpt lat="53.59872" lon="49.024585"><time>2025-05-30T07:11:27.000Z</time></trkpt><trkpt lat="53.598651" lon="49.024577"><time>2025-05-30T07:11:29.000Z</time></trkpt><trkpt lat="53.598578" lon="49.024564"><time>2025-05-30T07:11:31.000Z</time></trkpt><trkpt lat="53.598501" lon="49.024551"><time>2025-05-30T07:11:33.000Z</time></trkpt><trkpt lat="53.598425" lon="49.024539"><time>2025-05-30T07:11:35.000Z</time></trkpt><trkpt lat="53.598352" lon="49.024528"><time>2025-05-30T07:11:37.000Z</time></trkpt><trkpt lat="53.598281" lon="49.02452"><time>2025-05-30T07:11:39.000Z</time></trkpt><trkpt lat="53.598209" lon="49.024516"><time>2025-05-30T07:11:41.000Z</time></trkpt><trkpt lat="53.598138" lon="49.024511"><time>2025-05-30T07:11:43.000Z</time></trkpt><trkpt lat="53.598072" lon="49.024503"><time>2025-05-30T07:11:45.000Z</time></trkpt><trkpt lat="53.598016" lon="49.024502"><time>2025-05-30T07:11:47.000Z</time></trkpt><trkpt lat="53.597967" lon="49.024515"><time>2025-05-30T07:11:49.000Z</time></trkpt><trkpt lat="53.597914" lon="49.024534"><time>2025-05-30T07:11:51.000Z</time></trkpt><trkpt lat="53.597853" lon="49.024541"><time>2025-05-30T07:11:53.000Z</time></trkpt><trkpt lat="53.597782" lon="49.024511"><time>2025-05-30T07:11:55.000Z</time></trkpt><trkpt lat="53.597709" lon="49.024474"><time>2025-05-30T07:11:58.000Z</time></trkpt><trkpt lat="53.597628" lon="49.024442"><time>2025-05-30T07:12:00.000Z</time></trkpt><trkpt lat="53.597551" lon="49.024436"><time>2025-05-30T07:12:02.000Z</time></trkpt><trkpt lat="53.597476" lon="49.024429"><time>2025-05-30T07:12:04.000Z</time></trkpt><trkpt lat="53.597404" lon="49.024419"><time>2025-05-30T07:12:06.000Z</time></trkpt><trkpt lat="53.59733" lon="49.024406"><time>2025-05-30T07:12:08.000Z</time></trkpt><trkpt lat="53.597251" lon="49.024391"><time>2025-05-30T07:12:10.000Z</time></trkpt><trkpt lat="53.59717" lon="49.024376"><time>2025-05-30T07:12:12.000Z</time></trkpt><trkpt lat="53.597086" lon="49.024359"><time>2025-05-30T07:12:14.000Z</time></trkpt><trkpt lat="53.596998" lon="49.024335"><time>2025-05-30T07:12:16.000Z</time></trkpt><trkpt lat="53.596904" lon="49.024302"><time>2025-05-30T07:12:18.000Z</time></trkpt><trkpt lat="53.596806" lon="49.024274"><time>2025-05-30T07:12:20.000Z</time></trkpt><trkpt lat="53.596709" lon="49.024265"><time>2025-05-30T07:12:22.000Z</time></trkpt><trkpt lat="53.596623" lon="49.024269"><time>2025-05-30T07:12:24.000Z</time></trkpt><trkpt lat="53.596547" lon="49.024263"><time>2025-05-30T07:12:26.000Z</time></trkpt><trkpt lat="53.596471" lon="49.024244"><time>2025-05-30T07:12:28.000Z</time></trkpt><trkpt lat="53.59639" lon="49.02422"><time>2025-05-30T07:12:30.000Z</time></trkpt><trkpt lat="53.596307" lon="49.024202"><time>2025-05-30T07:12:32.000Z</time></trkpt><trkpt lat="53.596221" lon="49.024186"><time>2025-05-30T07:12:34.000Z</time></trkpt><trkpt lat="53.596132" lon="49.024169"><time>2025-05-30T07:12:36.000Z</time></trkpt><trkpt lat="53.596027" lon="49.024149"><time>2025-05-30T07:12:38.000Z</time></trkpt><trkpt lat="53.59592" lon="49.024126"><time>2025-05-30T07:12:41.000Z</time></trkpt><trkpt lat="53.595812" lon="49.024106"><time>2025-05-30T07:12:43.000Z</time></trkpt><trkpt lat="53.595712" lon="49.024104"><time>2025-05-30T07:12:45.000Z</time></trkpt><trkpt lat="53.595608" lon="49.024108"><time>2025-05-30T07:12:48.000Z</time></trkpt><trkpt lat="53.595506" lon="49.024117"><time>2025-05-30T07:12:51.000Z</time></trkpt><trkpt lat="53.595411" lon="49.024121"><time>2025-05-30T07:12:53.000Z</time></trkpt><trkpt lat="53.595311" lon="49.024118"><time>2025-05-30T07:12:55.000Z</time></trkpt><trkpt lat="53.595216" lon="49.024103"><time>2025-05-30T07:12:58.000Z</time></trkpt><trkpt lat="53.595122" lon="49.024079"><time>2025-05-30T07:13:00.000Z</time></trkpt><trkpt lat="53.595044" lon="49.02406"><time>2025-05-30T07:13:02.000Z</time></trkpt><trkpt lat="53.594963" lon="49.024048"><time>2025-05-30T07:13:04.000Z</time></trkpt><trkpt lat="53.594882" lon="49.024043"><time>2025-05-30T07:13:06.000Z</time></trkpt><trkpt lat="53.594801" lon="49.024046"><time>2025-05-30T07:13:08.000Z</time></trkpt><trkpt lat="53.594725" lon="49.024063"><time>2025-05-30T07:13:10.000Z</time></trkpt><trkpt lat="53.594653" lon="49.024096"><time>2025-05-30T07:13:12.000Z</time></trkpt><trkpt lat="53.594586" lon="49.024137"><time>2025-05-30T07:13:14.000Z</time></trkpt><trkpt lat="53.594521" lon="49.02417"><time>2025-05-30T07:13:16.000Z</time></trkpt><trkpt lat="53.594456" lon="49.024187"><time>2025-05-30T07:13:18.000Z</time></trkpt><trkpt lat="53.594391" lon="49.024187"><time>2025-05-30T07:13:20.000Z</time></trkpt><trkpt lat="53.594322" lon="49.024181"><time>2025-05-30T07:13:22.000Z</time></trkpt><trkpt lat="53.594249" lon="49.024174"><time>2025-05-30T07:13:24.000Z</time></trkpt><trkpt lat="53.594176" lon="49.024169"><time>2025-05-30T07:13:26.000Z</time></trkpt><trkpt lat="53.594107" lon="49.024164"><time>2025-05-30T07:13:28.000Z</time></trkpt><trkpt lat="53.594038" lon="49.024165"><time>2025-05-30T07:13:30.000Z</time></trkpt><trkpt lat="53.593968" lon="49.024182"><time>2025-05-30T07:13:32.000Z</time></trkpt><trkpt lat="53.593897" lon="49.024217"><time>2025-05-30T07:13:34.000Z</time></trkpt><trkpt lat="53.593834" lon="49.024276"><time>2025-05-30T07:13:36.000Z</time></trkpt><trkpt lat="53.593788" lon="49.024356"><time>2025-05-30T07:13:38.000Z</time></trkpt><trkpt lat="53.593762" lon="49.024454"><time>2025-05-30T07:13:40.000Z</time></trkpt><trkpt lat="53.593743" lon="49.024552"><time>2025-05-30T07:13:42.000Z</time></trkpt><trkpt lat="53.593716" lon="49.024637"><time>2025-05-30T07:13:44.000Z</time></trkpt><trkpt lat="53.593673" lon="49.024703"><time>2025-05-30T07:13:46.000Z</time></trkpt><trkpt lat="53.593617" lon="49.024749"><time>2025-05-30T07:13:48.000Z</time></trkpt><trkpt lat="53.593558" lon="49.024774"><time>2025-05-30T07:13:50.000Z</time></trkpt><trkpt lat="53.5935" lon="49.024783"><time>2025-05-30T07:13:52.000Z</time></trkpt><trkpt lat="53.593445" lon="49.024776"><time>2025-05-30T07:13:54.000Z</time></trkpt><trkpt lat="53.593388" lon="49.024766"><time>2025-05-30T07:13:56.000Z</time></trkpt><trkpt lat="53.59332" lon="49.024751"><time>2025-05-30T07:13:58.000Z</time></trkpt><trkpt lat="53.593247" lon="49.024734"><time>2025-05-30T07:14:00.000Z</time></trkpt><trkpt lat="53.593174" lon="49.024717"><time>2025-05-30T07:14:02.000Z</time></trkpt><trkpt lat="53.593105" lon="49.024703"><time>2025-05-30T07:14:04.000Z</time></trkpt><trkpt lat="53.593033" lon="49.024688"><time>2025-05-30T07:14:06.000Z</time></trkpt><trkpt lat="53.592958" lon="49.024668"><time>2025-05-30T07:14:08.000Z</time></trkpt><trkpt lat="53.592886" lon="49.024648"><time>2025-05-30T07:14:10.000Z</time></trkpt><trkpt lat="53.592806" lon="49.02463"><time>2025-05-30T07:14:12.000Z</time></trkpt><trkpt lat="53.592718" lon="49.024615"><time>2025-05-30T07:14:14.000Z</time></trkpt><trkpt lat="53.592626" lon="49.024601"><time>2025-05-30T07:14:16.000Z</time></trkpt><trkpt lat="53.592538" lon="49.024588"><time>2025-05-30T07:14:18.000Z</time></trkpt><trkpt lat="53.592442" lon="49.024559"><time>2025-05-30T07:14:20.000Z</time></trkpt><trkpt lat="53.592346" lon="49.024525"><time>2025-05-30T07:14:23.000Z</time></trkpt><trkpt lat="53.592254" lon="49.024492"><time>2025-05-30T07:14:25.000Z</time></trkpt><trkpt lat="53.592173" lon="49.024474"><time>2025-05-30T07:14:27.000Z</time></trkpt><trkpt lat="53.592098" lon="49.02446"><time>2025-05-30T07:14:29.000Z</time></trkpt><trkpt lat="53.592019" lon="49.024444"><time>2025-05-30T07:14:31.000Z</time></trkpt><trkpt lat="53.591937" lon="49.024433"><time>2025-05-30T07:14:33.000Z</time></trkpt><trkpt lat="53.591853" lon="49.024425"><time>2025-05-30T07:14:35.000Z</time></trkpt><trkpt lat="53.591773" lon="49.024418"><time>2025-05-30T07:14:37.000Z</time></trkpt><trkpt lat="53.591692" lon="49.024412"><time>2025-05-30T07:14:39.000Z</time></trkpt><trkpt lat="53.591602" lon="49.024422"><time>2025-05-30T07:14:41.000Z</time></trkpt><trkpt lat="53.591508" lon="49.024462"><time>2025-05-30T07:14:43.000Z</time></trkpt><trkpt lat="53.591419" lon="49.024514"><time>2025-05-30T07:14:45.000Z</time></trkpt><trkpt lat="53.591334" lon="49.024554"><time>2025-05-30T07:14:47.000Z</time></trkpt><trkpt lat="53.591244" lon="49.024555"><time>2025-05-30T07:14:49.000Z</time></trkpt><trkpt lat="53.591156" lon="49.024518"><time>2025-05-30T07:14:51.000Z</time></trkpt><trkpt lat="53.591074" lon="49.024478"><time>2025-05-30T07:14:53.000Z</time></trkpt><trkpt lat="53.591" lon="49.024457"><time>2025-05-30T07:14:55.000Z</time></trkpt><trkpt lat="53.590925" lon="49.024465"><time>2025-05-30T07:14:57.000Z</time></trkpt><trkpt lat="53.590851" lon="49.024471"><time>2025-05-30T07:14:59.000Z</time></trkpt><trkpt lat="53.59078" lon="49.024453"><time>2025-05-30T07:15:01.000Z</time></trkpt><trkpt lat="53.590715" lon="49.024423"><time>2025-05-30T07:15:03.000Z</time></trkpt><trkpt lat="53.590657" lon="49.024388"><time>2025-05-30T07:15:05.000Z</time></trkpt><trkpt lat="53.590593" lon="49.024355"><time>2025-05-30T07:15:07.000Z</time></trkpt><trkpt lat="53.590532" lon="49.024319"><time>2025-05-30T07:15:09.000Z</time></trkpt><trkpt lat="53.590469" lon="49.024285"><time>2025-05-30T07:15:11.000Z</time></trkpt><trkpt lat="53.590412" lon="49.024258"><time>2025-05-30T07:15:13.000Z</time></trkpt><trkpt lat="53.590347" lon="49.024238"><time>2025-05-30T07:15:15.000Z</time></trkpt><trkpt lat="53.590272" lon="49.024226"><time>2025-05-30T07:15:17.000Z</time></trkpt><trkpt lat="53.590191" lon="49.02422"><time>2025-05-30T07:15:19.000Z</time></trkpt><trkpt lat="53.590112" lon="49.024211"><time>2025-05-30T07:15:21.000Z</time></trkpt><trkpt lat="53.590035" lon="49.024186"><time>2025-05-30T07:15:23.000Z</time></trkpt><trkpt lat="53.589966" lon="49.02415"><time>2025-05-30T07:15:25.000Z</time></trkpt><trkpt lat="53.589899" lon="49.024102"><time>2025-05-30T07:15:27.000Z</time></trkpt><trkpt lat="53.589835" lon="49.024045"><time>2025-05-30T07:15:29.000Z</time></trkpt><trkpt lat="53.58977" lon="49.023979"><time>2025-05-30T07:15:31.000Z</time></trkpt><trkpt lat="53.589707" lon="49.023914"><time>2025-05-30T07:15:33.000Z</time></trkpt><trkpt lat="53.589642" lon="49.023854"><time>2025-05-30T07:15:35.000Z</time></trkpt><trkpt lat="53.589569" lon="49.023788"><time>2025-05-30T07:15:37.000Z</time></trkpt><trkpt lat="53.589497" lon="49.02371"><time>2025-05-30T07:15:39.000Z</time></trkpt><trkpt lat="53.589425" lon="49.023629"><time>2025-05-30T07:15:41.000Z</time></trkpt><trkpt lat="53.589354" lon="49.023555"><time>2025-05-30T07:15:43.000Z</time></trkpt><trkpt lat="53.589276" lon="49.023488"><time>2025-05-30T07:15:45.000Z</time></trkpt><trkpt lat="53.589192" lon="49.023422"><time>2025-05-30T07:15:47.000Z</time></trkpt><trkpt lat="53.589105" lon="49.023354"><time>2025-05-30T07:15:49.000Z</time></trkpt><trkpt lat="53.589021" lon="49.023301"><time>2025-05-30T07:15:53.000Z</time></trkpt><trkpt lat="53.588939" lon="49.023267"><time>2025-05-30T07:15:55.000Z</time></trkpt><trkpt lat="53.588862" lon="49.023255"><time>2025-05-30T07:15:57.000Z</time></trkpt><trkpt lat="53.588784" lon="49.023248"><time>2025-05-30T07:15:59.000Z</time></trkpt><trkpt lat="53.588702" lon="49.023246"><time>2025-05-30T07:16:01.000Z</time></trkpt><trkpt lat="53.588623" lon="49.023244"><time>2025-05-30T07:16:03.000Z</time></trkpt><trkpt lat="53.588544" lon="49.023234"><time>2025-05-30T07:16:05.000Z</time></trkpt><trkpt lat="53.588466" lon="49.023213"><time>2025-05-30T07:16:07.000Z</time></trkpt><trkpt lat="53.588383" lon="49.023186"><time>2025-05-30T07:16:09.000Z</time></trkpt><trkpt lat="53.5883" lon="49.023162"><time>2025-05-30T07:16:11.000Z</time></trkpt><trkpt lat="53.588217" lon="49.023144"><time>2025-05-30T07:16:13.000Z</time></trkpt><trkpt lat="53.588128" lon="49.023134"><time>2025-05-30T07:16:15.000Z</time></trkpt><trkpt lat="53.588036" lon="49.023137"><time>2025-05-30T07:16:17.000Z</time></trkpt><trkpt lat="53.587949" lon="49.023149"><time>2025-05-30T07:16:19.000Z</time></trkpt><trkpt lat="53.587855" lon="49.023158"><time>2025-05-30T07:16:21.000Z</time></trkpt><trkpt lat="53.587774" lon="49.023151"><time>2025-05-30T07:16:24.000Z</time></trkpt><trkpt lat="53.587695" lon="49.023125"><time>2025-05-30T07:16:26.000Z</time></trkpt><trkpt lat="53.587631" lon="49.023094"><time>2025-05-30T07:16:28.000Z</time></trkpt><trkpt lat="53.587563" lon="49.02307"><time>2025-05-30T07:16:30.000Z</time></trkpt><trkpt lat="53.587489" lon="49.023057"><time>2025-05-30T07:16:32.000Z</time></trkpt><trkpt lat="53.587411" lon="49.023046"><time>2025-05-30T07:16:34.000Z</time></trkpt><trkpt lat="53.587321" lon="49.023021"><time>2025-05-30T07:16:36.000Z</time></trkpt><trkpt lat="53.587236" lon="49.022984"><time>2025-05-30T07:16:39.000Z</time></trkpt><trkpt lat="53.587159" lon="49.022952"><time>2025-05-30T07:16:41.000Z</time></trkpt><trkpt lat="53.587096" lon="49.022929"><time>2025-05-30T07:16:43.000Z</time></trkpt><trkpt lat="53.587033" lon="49.022906"><time>2025-05-30T07:16:45.000Z</time></trkpt><trkpt lat="53.586966" lon="49.022872"><time>2025-05-30T07:16:47.000Z</time></trkpt><trkpt lat="53.586898" lon="49.02283"><time>2025-05-30T07:16:49.000Z</time></trkpt><trkpt lat="53.586832" lon="49.022794"><time>2025-05-30T07:16:51.000Z</time></trkpt><trkpt lat="53.586765" lon="49.022775"><time>2025-05-30T07:16:53.000Z</time></trkpt><trkpt lat="53.586695" lon="49.022774"><time>2025-05-30T07:16:55.000Z</time></trkpt><trkpt lat="53.586625" lon="49.022784"><time>2025-05-30T07:16:57.000Z</time></trkpt><trkpt lat="53.586558" lon="49.02279"><time>2025-05-30T07:16:59.000Z</time></trkpt><trkpt lat="53.586491" lon="49.022791"><time>2025-05-30T07:17:01.000Z</time></trkpt><trkpt lat="53.586409" lon="49.022782"><time>2025-05-30T07:17:03.000Z</time></trkpt><trkpt lat="53.586323" lon="49.022775"><time>2025-05-30T07:17:06.000Z</time></trkpt><trkpt lat="53.586236" lon="49.022788"><time>2025-05-30T07:17:08.000Z</time></trkpt><trkpt lat="53.58616" lon="49.022829"><time>2025-05-30T07:17:10.000Z</time></trkpt><trkpt lat="53.586085" lon="49.022886"><time>2025-05-30T07:17:12.000Z</time></trkpt><trkpt lat="53.586015" lon="49.022941"><time>2025-05-30T07:17:14.000Z</time></trkpt><trkpt lat="53.585946" lon="49.022979"><time>2025-05-30T07:17:16.000Z</time></trkpt><trkpt lat="53.585873" lon="49.023"><time>2025-05-30T07:17:18.000Z</time></trkpt><trkpt lat="53.585795" lon="49.023004"><time>2025-05-30T07:17:20.000Z</time></trkpt><trkpt lat="53.585716" lon="49.022998"><time>2025-05-30T07:17:22.000Z</time></trkpt><trkpt lat="53.585643" lon="49.022993"><time>2025-05-30T07:17:24.000Z</time></trkpt><trkpt lat="53.585573" lon="49.022987"><time>2025-05-30T07:17:26.000Z</time></trkpt><trkpt lat="53.585505" lon="49.022973"><time>2025-05-30T07:17:28.000Z</time></trkpt><trkpt lat="53.585434" lon="49.022951"><time>2025-05-30T07:17:30.000Z</time></trkpt><trkpt lat="53.58536" lon="49.022938"><time>2025-05-30T07:17:32.000Z</time></trkpt><trkpt lat="53.585272" lon="49.022963"><time>2025-05-30T07:17:34.000Z</time></trkpt><trkpt lat="53.585188" lon="49.023018"><time>2025-05-30T07:17:37.000Z</time></trkpt><trkpt lat="53.585111" lon="49.023092"><time>2025-05-30T07:17:39.000Z</time></trkpt><trkpt lat="53.585052" lon="49.023165"><time>2025-05-30T07:17:41.000Z</time></trkpt><trkpt lat="53.584992" lon="49.023235"><time>2025-05-30T07:17:43.000Z</time></trkpt><trkpt lat="53.584928" lon="49.023295"><time>2025-05-30T07:17:45.000Z</time></trkpt><trkpt lat="53.584864" lon="49.023345"><time>2025-05-30T07:17:47.000Z</time></trkpt><trkpt lat="53.584803" lon="49.023389"><time>2025-05-30T07:17:49.000Z</time></trkpt><trkpt lat="53.584745" lon="49.023435"><time>2025-05-30T07:17:51.000Z</time></trkpt><trkpt lat="53.584685" lon="49.023482"><time>2025-05-30T07:17:53.000Z</time></trkpt><trkpt lat="53.584624" lon="49.023523"><time>2025-05-30T07:17:55.000Z</time></trkpt><trkpt lat="53.584561" lon="49.023557"><time>2025-05-30T07:17:57.000Z</time></trkpt><trkpt lat="53.584499" lon="49.023586"><time>2025-05-30T07:17:59.000Z</time></trkpt><trkpt lat="53.584436" lon="49.023622"><time>2025-05-30T07:18:01.000Z</time></trkpt><trkpt lat="53.584375" lon="49.023672"><time>2025-05-30T07:18:03.000Z</time></trkpt><trkpt lat="53.584314" lon="49.023739"><time>2025-05-30T07:18:05.000Z</time></trkpt><trkpt lat="53.584253" lon="49.023809"><time>2025-05-30T07:18:07.000Z</time></trkpt><trkpt lat="53.584191" lon="49.023872"><time>2025-05-30T07:18:09.000Z</time></trkpt><trkpt lat="53.584114" lon="49.02393"><time>2025-05-30T07:18:11.000Z</time></trkpt><trkpt lat="53.584044" lon="49.023992"><time>2025-05-30T07:18:14.000Z</time></trkpt><trkpt lat="53.583977" lon="49.024057"><time>2025-05-30T07:18:16.000Z</time></trkpt><trkpt lat="53.583925" lon="49.024113"><time>2025-05-30T07:18:18.000Z</time></trkpt><trkpt lat="53.583864" lon="49.024166"><time>2025-05-30T07:18:20.000Z</time></trkpt><trkpt lat="53.583794" lon="49.024221"><time>2025-05-30T07:18:22.000Z</time></trkpt><trkpt lat="53.583722" lon="49.024283"><time>2025-05-30T07:18:24.000Z</time></trkpt><trkpt lat="53.583655" lon="49.024345"><time>2025-05-30T07:18:26.000Z</time></trkpt><trkpt lat="53.583596" lon="49.024403"><time>2025-05-30T07:18:28.000Z</time></trkpt><trkpt lat="53.583534" lon="49.024455"><time>2025-05-30T07:18:30.000Z</time></trkpt><trkpt lat="53.583463" lon="49.024493"><time>2025-05-30T07:18:32.000Z</time></trkpt><trkpt lat="53.583385" lon="49.024513"><time>2025-05-30T07:18:34.000Z</time></trkpt><trkpt lat="53.583312" lon="49.024515"><time>2025-05-30T07:18:36.000Z</time></trkpt><trkpt lat="53.583236" lon="49.024512"><time>2025-05-30T07:18:38.000Z</time></trkpt><trkpt lat="53.583153" lon="49.024508"><time>2025-05-30T07:18:40.000Z</time></trkpt><trkpt lat="53.583062" lon="49.024508"><time>2025-05-30T07:18:42.000Z</time></trkpt><trkpt lat="53.58298" lon="49.024515"><time>2025-05-30T07:18:44.000Z</time></trkpt><trkpt lat="53.582909" lon="49.024531"><time>2025-05-30T07:18:46.000Z</time></trkpt><trkpt lat="53.582846" lon="49.024558"><time>2025-05-30T07:18:48.000Z</time></trkpt><trkpt lat="53.582787" lon="49.024613"><time>2025-05-30T07:18:50.000Z</time></trkpt><trkpt lat="53.582731" lon="49.024687"><time>2025-05-30T07:18:52.000Z</time></trkpt><trkpt lat="53.582679" lon="49.024777"><time>2025-05-30T07:18:54.000Z</time></trkpt><trkpt lat="53.58262" lon="49.024882"><time>2025-05-30T07:18:56.000Z</time></trkpt><trkpt lat="53.582561" lon="49.024997"><time>2025-05-30T07:18:59.000Z</time></trkpt><trkpt lat="53.582506" lon="49.025123"><time>2025-05-30T07:19:01.000Z</time></trkpt><trkpt lat="53.582456" lon="49.025246"><time>2025-05-30T07:19:03.000Z</time></trkpt><trkpt lat="53.582403" lon="49.025371"><time>2025-05-30T07:19:05.000Z</time></trkpt><trkpt lat="53.582343" lon="49.0255"><time>2025-05-30T07:19:07.000Z</time></trkpt><trkpt lat="53.582284" lon="49.025629"><time>2025-05-30T07:19:09.000Z</time></trkpt><trkpt lat="53.582215" lon="49.025786"><time>2025-05-30T07:19:11.000Z</time></trkpt><trkpt lat="53.58214" lon="49.025966"><time>2025-05-30T07:19:14.000Z</time></trkpt><trkpt lat="53.58207" lon="49.026135"><time>2025-05-30T07:19:17.000Z</time></trkpt><trkpt lat="53.582012" lon="49.026274"><time>2025-05-30T07:19:19.000Z</time></trkpt><trkpt lat="53.58196" lon="49.02639"><time>2025-05-30T07:19:21.000Z</time></trkpt><trkpt lat="53.581908" lon="49.026513"><time>2025-05-30T07:19:23.000Z</time></trkpt><trkpt lat="53.581856" lon="49.026635"><time>2025-05-30T07:19:25.000Z</time></trkpt><trkpt lat="53.581806" lon="49.026753"><time>2025-05-30T07:19:27.000Z</time></trkpt><trkpt lat="53.581752" lon="49.026862"><time>2025-05-30T07:19:29.000Z</time></trkpt><trkpt lat="53.581696" lon="49.026965"><time>2025-05-30T07:19:31.000Z</time></trkpt><trkpt lat="53.581643" lon="49.027064"><time>2025-05-30T07:19:33.000Z</time></trkpt><trkpt lat="53.581597" lon="49.027167"><time>2025-05-30T07:19:35.000Z</time></trkpt><trkpt lat="53.581561" lon="49.027274"><time>2025-05-30T07:19:37.000Z</time></trkpt><trkpt lat="53.581529" lon="49.027378"><time>2025-05-30T07:19:39.000Z</time></trkpt><trkpt lat="53.581497" lon="49.027474"><time>2025-05-30T07:19:41.000Z</time></trkpt><trkpt lat="53.581435" lon="49.027593"><time>2025-05-30T07:19:43.000Z</time></trkpt><trkpt lat="53.581358" lon="49.027729"><time>2025-05-30T07:19:46.000Z</time></trkpt><trkpt lat="53.581278" lon="49.027861"><time>2025-05-30T07:19:49.000Z</time></trkpt><trkpt lat="53.581205" lon="49.027984"><time>2025-05-30T07:19:51.000Z</time></trkpt><trkpt lat="53.581141" lon="49.028087"><time>2025-05-30T07:19:54.000Z</time></trkpt><trkpt lat="53.581075" lon="49.028182"><time>2025-05-30T07:19:56.000Z</time></trkpt><trkpt lat="53.581017" lon="49.028239"><time>2025-05-30T07:19:58.000Z</time></trkpt><trkpt lat="53.580953" lon="49.028274"><time>2025-05-30T07:20:00.000Z</time></trkpt><trkpt lat="53.580885" lon="49.028294"><time>2025-05-30T07:20:02.000Z</time></trkpt><trkpt lat="53.58082" lon="49.028313"><time>2025-05-30T07:20:04.000Z</time></trkpt><trkpt lat="53.580755" lon="49.028331"><time>2025-05-30T07:20:06.000Z</time></trkpt><trkpt lat="53.580691" lon="49.028348"><time>2025-05-30T07:20:08.000Z</time></trkpt><trkpt lat="53.580626" lon="49.028357"><time>2025-05-30T07:20:10.000Z</time></trkpt><trkpt lat="53.580567" lon="49.028353"><time>2025-05-30T07:20:12.000Z</time></trkpt><trkpt lat="53.580505" lon="49.028339"><time>2025-05-30T07:20:14.000Z</time></trkpt><trkpt lat="53.580437" lon="49.02833"><time>2025-05-30T07:20:16.000Z</time></trkpt><trkpt lat="53.580365" lon="49.028326"><time>2025-05-30T07:20:18.000Z</time></trkpt><trkpt lat="53.580294" lon="49.028324"><time>2025-05-30T07:20:20.000Z</time></trkpt><trkpt lat="53.580226" lon="49.028313"><time>2025-05-30T07:20:22.000Z</time></trkpt><trkpt lat="53.580157" lon="49.028304"><time>2025-05-30T07:20:24.000Z</time></trkpt><trkpt lat="53.580085" lon="49.028296"><time>2025-05-30T07:20:26.000Z</time></trkpt><trkpt lat="53.58001" lon="49.028292"><time>2025-05-30T07:20:28.000Z</time></trkpt><trkpt lat="53.57993" lon="49.02829"><time>2025-05-30T07:20:30.000Z</time></trkpt><trkpt lat="53.579846" lon="49.028287"><time>2025-05-30T07:20:32.000Z</time></trkpt><trkpt lat="53.57976" lon="49.028282"><time>2025-05-30T07:20:34.000Z</time></trkpt><trkpt lat="53.57968" lon="49.028274"><time>2025-05-30T07:20:36.000Z</time></trkpt><trkpt lat="53.579608" lon="49.028266"><time>2025-05-30T07:20:38.000Z</time></trkpt><trkpt lat="53.579541" lon="49.028261"><time>2025-05-30T07:20:40.000Z</time></trkpt><trkpt lat="53.579476" lon="49.028257"><time>2025-05-30T07:20:42.000Z</time></trkpt><trkpt lat="53.579406" lon="49.028251"><time>2025-05-30T07:20:44.000Z</time></trkpt><trkpt lat="53.579335" lon="49.028247"><time>2025-05-30T07:20:46.000Z</time></trkpt><trkpt lat="53.579263" lon="49.028248"><time>2025-05-30T07:20:48.000Z</time></trkpt><trkpt lat="53.579192" lon="49.028258"><time>2025-05-30T07:20:50.000Z</time></trkpt><trkpt lat="53.579118" lon="49.028273"><time>2025-05-30T07:20:52.000Z</time></trkpt><trkpt lat="53.579041" lon="49.028284"><time>2025-05-30T07:20:54.000Z</time></trkpt><trkpt lat="53.578961" lon="49.028291"><time>2025-05-30T07:20:56.000Z</time></trkpt><trkpt lat="53.57888" lon="49.028301"><time>2025-05-30T07:20:58.000Z</time></trkpt><trkpt lat="53.5788" lon="49.02832"><time>2025-05-30T07:21:00.000Z</time></trkpt><trkpt lat="53.578718" lon="49.028345"><time>2025-05-30T07:21:02.000Z</time></trkpt><trkpt lat="53.578638" lon="49.028365"><time>2025-05-30T07:21:04.000Z</time></trkpt><trkpt lat="53.578555" lon="49.028375"><time>2025-05-30T07:21:06.000Z</time></trkpt><trkpt lat="53.578479" lon="49.028378"><time>2025-05-30T07:21:08.000Z</time></trkpt><trkpt lat="53.578408" lon="49.028382"><time>2025-05-30T07:21:10.000Z</time></trkpt><trkpt lat="53.578346" lon="49.028381"><time>2025-05-30T07:21:12.000Z</time></trkpt><trkpt lat="53.578283" lon="49.028376"><time>2025-05-30T07:21:14.000Z</time></trkpt><trkpt lat="53.578214" lon="49.028363"><time>2025-05-30T07:21:16.000Z</time></trkpt><trkpt lat="53.578143" lon="49.028349"><time>2025-05-30T07:21:18.000Z</time></trkpt><trkpt lat="53.578072" lon="49.028338"><time>2025-05-30T07:21:20.000Z</time></trkpt><trkpt lat="53.577986" lon="49.028329"><time>2025-05-30T07:21:22.000Z</time></trkpt><trkpt lat="53.577881" lon="49.028321"><time>2025-05-30T07:21:24.000Z</time></trkpt><trkpt lat="53.577767" lon="49.028312"><time>2025-05-30T07:21:26.000Z</time></trkpt><trkpt lat="53.577665" lon="49.028303"><time>2025-05-30T07:21:28.000Z</time></trkpt><trkpt lat="53.577584" lon="49.0283"><time>2025-05-30T07:21:30.000Z</time></trkpt><trkpt lat="53.577514" lon="49.028299"><time>2025-05-30T07:21:32.000Z</time></trkpt><trkpt lat="53.577451" lon="49.028303"><time>2025-05-30T07:21:34.000Z</time></trkpt><trkpt lat="53.577381" lon="49.028298"><time>2025-05-30T07:21:36.000Z</time></trkpt><trkpt lat="53.577307" lon="49.028296"><time>2025-05-30T07:21:40.000Z</time></trkpt><trkpt lat="53.577225" lon="49.028296"><time>2025-05-30T07:21:42.000Z</time></trkpt><trkpt lat="53.57714" lon="49.028308"><time>2025-05-30T07:21:44.000Z</time></trkpt><trkpt lat="53.577056" lon="49.028326"><time>2025-05-30T07:21:46.000Z</time></trkpt><trkpt lat="53.576977" lon="49.028345"><time>2025-05-30T07:21:48.000Z</time></trkpt><trkpt lat="53.576901" lon="49.028359"><time>2025-05-30T07:21:50.000Z</time></trkpt><trkpt lat="53.576825" lon="49.02837"><time>2025-05-30T07:21:52.000Z</time></trkpt><trkpt lat="53.576751" lon="49.028385"><time>2025-05-30T07:21:54.000Z</time></trkpt><trkpt lat="53.576683" lon="49.028404"><time>2025-05-30T07:21:56.000Z</time></trkpt><trkpt lat="53.576622" lon="49.028423"><time>2025-05-30T07:21:58.000Z</time></trkpt><trkpt lat="53.576558" lon="49.028437"><time>2025-05-30T07:22:00.000Z</time></trkpt><trkpt lat="53.576486" lon="49.028449"><time>2025-05-30T07:22:02.000Z</time></trkpt><trkpt lat="53.576404" lon="49.028463"><time>2025-05-30T07:22:04.000Z</time></trkpt><trkpt lat="53.576323" lon="49.028478"><time>2025-05-30T07:22:06.000Z</time></trkpt><trkpt lat="53.576246" lon="49.028497"><time>2025-05-30T07:22:08.000Z</time></trkpt><trkpt lat="53.57616" lon="49.028518"><time>2025-05-30T07:22:10.000Z</time></trkpt><trkpt lat="53.576075" lon="49.028544"><time>2025-05-30T07:22:13.000Z</time></trkpt><trkpt lat="53.575986" lon="49.02857"><time>2025-05-30T07:22:15.000Z</time></trkpt><trkpt lat="53.575907" lon="49.028594"><time>2025-05-30T07:22:17.000Z</time></trkpt><trkpt lat="53.575829" lon="49.028611"><time>2025-05-30T07:22:19.000Z</time></trkpt><trkpt lat="53.575752" lon="49.028628"><time>2025-05-30T07:22:21.000Z</time></trkpt><trkpt lat="53.575671" lon="49.028643"><time>2025-05-30T07:22:23.000Z</time></trkpt><trkpt lat="53.575581" lon="49.028658"><time>2025-05-30T07:22:25.000Z</time></trkpt><trkpt lat="53.575496" lon="49.02867"><time>2025-05-30T07:22:27.000Z</time></trkpt><trkpt lat="53.575423" lon="49.02868"><time>2025-05-30T07:22:29.000Z</time></trkpt><trkpt lat="53.575366" lon="49.028688"><time>2025-05-30T07:22:31.000Z</time></trkpt><trkpt lat="53.575307" lon="49.028695"><time>2025-05-30T07:22:33.000Z</time></trkpt><trkpt lat="53.575241" lon="49.028699"><time>2025-05-30T07:22:35.000Z</time></trkpt><trkpt lat="53.575169" lon="49.028701"><time>2025-05-30T07:22:37.000Z</time></trkpt><trkpt lat="53.575083" lon="49.028706"><time>2025-05-30T07:22:39.000Z</time></trkpt><trkpt lat="53.574997" lon="49.028713"><time>2025-05-30T07:22:42.000Z</time></trkpt><trkpt lat="53.574911" lon="49.02872"><time>2025-05-30T07:22:44.000Z</time></trkpt><trkpt lat="53.574845" lon="49.02873"><time>2025-05-30T07:22:46.000Z</time></trkpt><trkpt lat="53.574787" lon="49.028741"><time>2025-05-30T07:22:49.000Z</time></trkpt><trkpt lat="53.574678" lon="49.028753"><time>2025-05-30T07:22:51.000Z</time></trkpt><trkpt lat="53.574572" lon="49.028766"><time>2025-05-30T07:22:55.000Z</time></trkpt><trkpt lat="53.574474" lon="49.028787"><time>2025-05-30T07:22:57.000Z</time></trkpt><trkpt lat="53.574432" lon="49.028815"><time>2025-05-30T07:22:59.000Z</time></trkpt><trkpt lat="53.574388" lon="49.028844"><time>2025-05-30T07:23:01.000Z</time></trkpt><trkpt lat="53.574342" lon="49.028871"><time>2025-05-30T07:23:03.000Z</time></trkpt><trkpt lat="53.574292" lon="49.028897"><time>2025-05-30T07:23:05.000Z</time></trkpt><trkpt lat="53.574241" lon="49.028925"><time>2025-05-30T07:23:07.000Z</time></trkpt><trkpt lat="53.574189" lon="49.028959"><time>2025-05-30T07:23:09.000Z</time></trkpt><trkpt lat="53.574136" lon="49.028999"><time>2025-05-30T07:23:11.000Z</time></trkpt><trkpt lat="53.574069" lon="49.029038"><time>2025-05-30T07:23:13.000Z</time></trkpt><trkpt lat="53.57397" lon="49.029062"><time>2025-05-30T07:23:15.000Z</time></trkpt><trkpt lat="53.573842" lon="49.029067"><time>2025-05-30T07:23:17.000Z</time></trkpt><trkpt lat="53.573702" lon="49.02905"><time>2025-05-30T07:23:19.000Z</time></trkpt><trkpt lat="53.573569" lon="49.029015"><time>2025-05-30T07:23:21.000Z</time></trkpt><trkpt lat="53.573443" lon="49.02897"><time>2025-05-30T07:23:23.000Z</time></trkpt><trkpt lat="53.573318" lon="49.02892"><time>2025-05-30T07:23:25.000Z</time></trkpt><trkpt lat="53.57319" lon="49.028876"><time>2025-05-30T07:23:27.000Z</time></trkpt><trkpt lat="53.573059" lon="49.028844"><time>2025-05-30T07:23:29.000Z</time></trkpt><trkpt lat="53.572929" lon="49.028825"><time>2025-05-30T07:23:31.000Z</time></trkpt><trkpt lat="53.572804" lon="49.028809"><time>2025-05-30T07:23:33.000Z</time></trkpt><trkpt lat="53.572681" lon="49.028779"><time>2025-05-30T07:23:35.000Z</time></trkpt><trkpt lat="53.572557" lon="49.028741"><time>2025-05-30T07:23:37.000Z</time></trkpt><trkpt lat="53.572432" lon="49.028701"><time>2025-05-30T07:23:39.000Z</time></trkpt><trkpt lat="53.572312" lon="49.028664"><time>2025-05-30T07:23:41.000Z</time></trkpt><trkpt lat="53.572203" lon="49.028627"><time>2025-05-30T07:23:43.000Z</time></trkpt><trkpt lat="53.572104" lon="49.02859"><time>2025-05-30T07:23:45.000Z</time></trkpt><trkpt lat="53.572006" lon="49.028568"><time>2025-05-30T07:23:47.000Z</time></trkpt><trkpt lat="53.571911" lon="49.028565"><time>2025-05-30T07:23:49.000Z</time></trkpt><trkpt lat="53.571819" lon="49.028586"><time>2025-05-30T07:23:51.000Z</time></trkpt><trkpt lat="53.571731" lon="49.028626"><time>2025-05-30T07:23:53.000Z</time></trkpt><trkpt lat="53.571646" lon="49.028682"><time>2025-05-30T07:23:55.000Z</time></trkpt><trkpt lat="53.571558" lon="49.028748"><time>2025-05-30T07:23:57.000Z</time></trkpt><trkpt lat="53.571468" lon="49.028813"><time>2025-05-30T07:23:59.000Z</time></trkpt><trkpt lat="53.571379" lon="49.028863"><time>2025-05-30T07:24:01.000Z</time></trkpt><trkpt lat="53.57129" lon="49.028886"><time>2025-05-30T07:24:03.000Z</time></trkpt><trkpt lat="53.571207" lon="49.028875"><time>2025-05-30T07:24:05.000Z</time></trkpt><trkpt lat="53.571135" lon="49.028832"><time>2025-05-30T07:24:07.000Z</time></trkpt><trkpt lat="53.571075" lon="49.028762"><time>2025-05-30T07:24:09.000Z</time></trkpt><trkpt lat="53.571019" lon="49.028685"><time>2025-05-30T07:24:11.000Z</time></trkpt><trkpt lat="53.57096" lon="49.028599"><time>2025-05-30T07:24:13.000Z</time></trkpt><trkpt lat="53.570907" lon="49.028525"><time>2025-05-30T07:24:16.000Z</time></trkpt><trkpt lat="53.570862" lon="49.028457"><time>2025-05-30T07:24:18.000Z</time></trkpt><trkpt lat="53.570826" lon="49.028408"><time>2025-05-30T07:24:20.000Z</time></trkpt><trkpt lat="53.570791" lon="49.028361"><time>2025-05-30T07:24:22.000Z</time></trkpt><trkpt lat="53.570757" lon="49.028315"><time>2025-05-30T07:24:24.000Z</time></trkpt><trkpt lat="53.570723" lon="49.028272"><time>2025-05-30T07:24:26.000Z</time></trkpt><trkpt lat="53.570689" lon="49.028237"><time>2025-05-30T07:24:28.000Z</time></trkpt><trkpt lat="53.570656" lon="49.028221"><time>2025-05-30T07:24:30.000Z</time></trkpt><trkpt lat="53.570623" lon="49.028217"><time>2025-05-30T07:24:32.000Z</time></trkpt><trkpt lat="53.570556" lon="49.028239"><time>2025-05-30T07:24:34.000Z</time></trkpt><trkpt lat="53.570488" lon="49.028267"><time>2025-05-30T07:24:40.000Z</time></trkpt><trkpt lat="53.570419" lon="49.028301"><time>2025-05-30T07:24:42.000Z</time></trkpt><trkpt lat="53.570382" lon="49.028327"><time>2025-05-30T07:24:44.000Z</time></trkpt><trkpt lat="53.570347" lon="49.028356"><time>2025-05-30T07:24:46.000Z</time></trkpt><trkpt lat="53.570312" lon="49.028386"><time>2025-05-30T07:24:48.000Z</time></trkpt><trkpt lat="53.570276" lon="49.028414"><time>2025-05-30T07:24:50.000Z</time></trkpt><trkpt lat="53.570235" lon="49.028445"><time>2025-05-30T07:24:52.000Z</time></trkpt><trkpt lat="53.570198" lon="49.028476"><time>2025-05-30T07:24:54.000Z</time></trkpt><trkpt lat="53.570161" lon="49.028508"><time>2025-05-30T07:24:56.000Z</time></trkpt><trkpt lat="53.570129" lon="49.028539"><time>2025-05-30T07:24:58.000Z</time></trkpt><trkpt lat="53.570099" lon="49.02857"><time>2025-05-30T07:25:00.000Z</time></trkpt><trkpt lat="53.570073" lon="49.028601"><time>2025-05-30T07:25:02.000Z</time></trkpt><trkpt lat="53.570044" lon="49.028628"><time>2025-05-30T07:25:04.000Z</time></trkpt><trkpt lat="53.57" lon="49.028657"><time>2025-05-30T07:25:06.000Z</time></trkpt><trkpt lat="53.569941" lon="49.028679"><time>2025-05-30T07:25:08.000Z</time></trkpt><trkpt lat="53.569869" lon="49.028698"><time>2025-05-30T07:25:10.000Z</time></trkpt><trkpt lat="53.569784" lon="49.028715"><time>2025-05-30T07:25:12.000Z</time></trkpt><trkpt lat="53.569675" lon="49.028753"><time>2025-05-30T07:25:14.000Z</time></trkpt><trkpt lat="53.569546" lon="49.028821"><time>2025-05-30T07:25:16.000Z</time></trkpt><trkpt lat="53.569406" lon="49.028903"><time>2025-05-30T07:25:18.000Z</time></trkpt><trkpt lat="53.569278" lon="49.028978"><time>2025-05-30T07:25:20.000Z</time></trkpt><trkpt lat="53.569161" lon="49.02904"><time>2025-05-30T07:25:22.000Z</time></trkpt><trkpt lat="53.569056" lon="49.029115"><time>2025-05-30T07:25:24.000Z</time></trkpt><trkpt lat="53.568958" lon="49.029203"><time>2025-05-30T07:25:26.000Z</time></trkpt><trkpt lat="53.568871" lon="49.029287"><time>2025-05-30T07:25:28.000Z</time></trkpt><trkpt lat="53.568793" lon="49.029349"><time>2025-05-30T07:25:30.000Z</time></trkpt><trkpt lat="53.568706" lon="49.029388"><time>2025-05-30T07:25:32.000Z</time></trkpt><trkpt lat="53.568604" lon="49.029403"><time>2025-05-30T07:25:34.000Z</time></trkpt><trkpt lat="53.568481" lon="49.029394"><time>2025-05-30T07:25:36.000Z</time></trkpt><trkpt lat="53.568336" lon="49.029366"><time>2025-05-30T07:25:38.000Z</time></trkpt><trkpt lat="53.568171" lon="49.02934"><time>2025-05-30T07:25:40.000Z</time></trkpt><trkpt lat="53.567996" lon="49.029322"><time>2025-05-30T07:25:42.000Z</time></trkpt><trkpt lat="53.567832" lon="49.029309"><time>2025-05-30T07:25:44.000Z</time></trkpt><trkpt lat="53.567682" lon="49.029307"><time>2025-05-30T07:25:46.000Z</time></trkpt><trkpt lat="53.567552" lon="49.029328"><time>2025-05-30T07:25:48.000Z</time></trkpt><trkpt lat="53.567435" lon="49.029379"><time>2025-05-30T07:25:50.000Z</time></trkpt><trkpt lat="53.56733" lon="49.029456"><time>2025-05-30T07:25:52.000Z</time></trkpt><trkpt lat="53.567227" lon="49.029551"><time>2025-05-30T07:25:54.000Z</time></trkpt><trkpt lat="53.567129" lon="49.029664"><time>2025-05-30T07:25:56.000Z</time></trkpt><trkpt lat="53.567036" lon="49.029804"><time>2025-05-30T07:25:58.000Z</time></trkpt><trkpt lat="53.566952" lon="49.029963"><time>2025-05-30T07:26:00.000Z</time></trkpt><trkpt lat="53.566873" lon="49.03013"><time>2025-05-30T07:26:02.000Z</time></trkpt><trkpt lat="53.566796" lon="49.03029"><time>2025-05-30T07:26:04.000Z</time></trkpt><trkpt lat="53.566712" lon="49.030434"><time>2025-05-30T07:26:06.000Z</time></trkpt><trkpt lat="53.566622" lon="49.030566"><time>2025-05-30T07:26:08.000Z</time></trkpt><trkpt lat="53.566528" lon="49.030687"><time>2025-05-30T07:26:10.000Z</time></trkpt><trkpt lat="53.566436" lon="49.030798"><time>2025-05-30T07:26:12.000Z</time></trkpt><trkpt lat="53.566345" lon="49.030894"><time>2025-05-30T07:26:14.000Z</time></trkpt><trkpt lat="53.566251" lon="49.030984"><time>2025-05-30T07:26:16.000Z</time></trkpt><trkpt lat="53.566152" lon="49.031068"><time>2025-05-30T07:26:18.000Z</time></trkpt><trkpt lat="53.566049" lon="49.03115"><time>2025-05-30T07:26:20.000Z</time></trkpt><trkpt lat="53.565948" lon="49.031225"><time>2025-05-30T07:26:22.000Z</time></trkpt><trkpt lat="53.565852" lon="49.031296"><time>2025-05-30T07:26:24.000Z</time></trkpt><trkpt lat="53.565761" lon="49.031371"><time>2025-05-30T07:26:26.000Z</time></trkpt><trkpt lat="53.565676" lon="49.03145"><time>2025-05-30T07:26:28.000Z</time></trkpt><trkpt lat="53.56559" lon="49.031524"><time>2025-05-30T07:26:30.000Z</time></trkpt><trkpt lat="53.5655" lon="49.031587"><time>2025-05-30T07:26:32.000Z</time></trkpt><trkpt lat="53.565401" lon="49.031652"><time>2025-05-30T07:26:34.000Z</time></trkpt><trkpt lat="53.565304" lon="49.031738"><time>2025-05-30T07:26:36.000Z</time></trkpt><trkpt lat="53.565207" lon="49.031852"><time>2025-05-30T07:26:38.000Z</time></trkpt><trkpt lat="53.565117" lon="49.031983"><time>2025-05-30T07:26:40.000Z</time></trkpt><trkpt lat="53.565033" lon="49.032121"><time>2025-05-30T07:26:42.000Z</time></trkpt><trkpt lat="53.564961" lon="49.032258"><time>2025-05-30T07:26:44.000Z</time></trkpt><trkpt lat="53.564893" lon="49.032398"><time>2025-05-30T07:26:46.000Z</time></trkpt><trkpt lat="53.564827" lon="49.032541"><time>2025-05-30T07:26:48.000Z</time></trkpt><trkpt lat="53.564759" lon="49.032683"><time>2025-05-30T07:26:50.000Z</time></trkpt><trkpt lat="53.564688" lon="49.032819"><time>2025-05-30T07:26:52.000Z</time></trkpt><trkpt lat="53.564606" lon="49.032946"><time>2025-05-30T07:26:54.000Z</time></trkpt><trkpt lat="53.564513" lon="49.033061"><time>2025-05-30T07:26:56.000Z</time></trkpt><trkpt lat="53.564416" lon="49.033155"><time>2025-05-30T07:26:58.000Z</time></trkpt><trkpt lat="53.564325" lon="49.033223"><time>2025-05-30T07:27:00.000Z</time></trkpt><trkpt lat="53.564232" lon="49.033273"><time>2025-05-30T07:27:02.000Z</time></trkpt><trkpt lat="53.564126" lon="49.033307"><time>2025-05-30T07:27:04.000Z</time></trkpt><trkpt lat="53.564013" lon="49.033331"><time>2025-05-30T07:27:06.000Z</time></trkpt><trkpt lat="53.5639" lon="49.033343"><time>2025-05-30T07:27:08.000Z</time></trkpt><trkpt lat="53.563797" lon="49.033345"><time>2025-05-30T07:27:10.000Z</time></trkpt><trkpt lat="53.5637" lon="49.033342"><time>2025-05-30T07:27:12.000Z</time></trkpt><trkpt lat="53.563603" lon="49.033345"><time>2025-05-30T07:27:14.000Z</time></trkpt><trkpt lat="53.563503" lon="49.033363"><time>2025-05-30T07:27:16.000Z</time></trkpt><trkpt lat="53.563395" lon="49.0334"><time>2025-05-30T07:27:18.000Z</time></trkpt><trkpt lat="53.563286" lon="49.03345"><time>2025-05-30T07:27:20.000Z</time></trkpt><trkpt lat="53.563181" lon="49.033504"><time>2025-05-30T07:27:22.000Z</time></trkpt><trkpt lat="53.563077" lon="49.033556"><time>2025-05-30T07:27:24.000Z</time></trkpt><trkpt lat="53.562976" lon="49.033598"><time>2025-05-30T07:27:26.000Z</time></trkpt><trkpt lat="53.562873" lon="49.033636"><time>2025-05-30T07:27:28.000Z</time></trkpt><trkpt lat="53.562774" lon="49.033675"><time>2025-05-30T07:27:30.000Z</time></trkpt><trkpt lat="53.562675" lon="49.033717"><time>2025-05-30T07:27:32.000Z</time></trkpt><trkpt lat="53.562574" lon="49.03376"><time>2025-05-30T07:27:34.000Z</time></trkpt><trkpt lat="53.562474" lon="49.033798"><time>2025-05-30T07:27:36.000Z</time></trkpt><trkpt lat="53.562374" lon="49.03384"><time>2025-05-30T07:27:38.000Z</time></trkpt><trkpt lat="53.562279" lon="49.03389"><time>2025-05-30T07:27:40.000Z</time></trkpt><trkpt lat="53.562194" lon="49.033952"><time>2025-05-30T07:27:42.000Z</time></trkpt><trkpt lat="53.562116" lon="49.034024"><time>2025-05-30T07:27:44.000Z</time></trkpt><trkpt lat="53.562032" lon="49.0341"><time>2025-05-30T07:27:46.000Z</time></trkpt><trkpt lat="53.561941" lon="49.034176"><time>2025-05-30T07:27:48.000Z</time></trkpt><trkpt lat="53.561842" lon="49.034253"><time>2025-05-30T07:27:50.000Z</time></trkpt><trkpt lat="53.561746" lon="49.034336"><time>2025-05-30T07:27:52.000Z</time></trkpt><trkpt lat="53.561649" lon="49.034428"><time>2025-05-30T07:27:54.000Z</time></trkpt><trkpt lat="53.561552" lon="49.034525"><time>2025-05-30T07:27:56.000Z</time></trkpt><trkpt lat="53.561457" lon="49.03462"><time>2025-05-30T07:27:58.000Z</time></trkpt><trkpt lat="53.561361" lon="49.03471"><time>2025-05-30T07:28:00.000Z</time></trkpt><trkpt lat="53.561272" lon="49.034787"><time>2025-05-30T07:28:02.000Z</time></trkpt><trkpt lat="53.56119" lon="49.034854"><time>2025-05-30T07:28:04.000Z</time></trkpt><trkpt lat="53.561112" lon="49.03491"><time>2025-05-30T07:28:06.000Z</time></trkpt><trkpt lat="53.561025" lon="49.034958"><time>2025-05-30T07:28:08.000Z</time></trkpt><trkpt lat="53.560933" lon="49.034989"><time>2025-05-30T07:28:10.000Z</time></trkpt><trkpt lat="53.56082" lon="49.035007"><time>2025-05-30T07:28:12.000Z</time></trkpt><trkpt lat="53.560699" lon="49.035011"><time>2025-05-30T07:28:15.000Z</time></trkpt><trkpt lat="53.560569" lon="49.035007"><time>2025-05-30T07:28:17.000Z</time></trkpt><trkpt lat="53.560455" lon="49.034996"><time>2025-05-30T07:28:19.000Z</time></trkpt><trkpt lat="53.560348" lon="49.03498"><time>2025-05-30T07:28:21.000Z</time></trkpt><trkpt lat="53.56024" lon="49.034963"><time>2025-05-30T07:28:23.000Z</time></trkpt><trkpt lat="53.560131" lon="49.034946"><time>2025-05-30T07:28:25.000Z</time></trkpt><trkpt lat="53.560023" lon="49.034931"><time>2025-05-30T07:28:27.000Z</time></trkpt><trkpt lat="53.559918" lon="49.034913"><time>2025-05-30T07:28:29.000Z</time></trkpt><trkpt lat="53.559811" lon="49.03489"><time>2025-05-30T07:28:31.000Z</time></trkpt><trkpt lat="53.559698" lon="49.034863"><time>2025-05-30T07:28:33.000Z</time></trkpt><trkpt lat="53.559587" lon="49.034837"><time>2025-05-30T07:28:35.000Z</time></trkpt><trkpt lat="53.559484" lon="49.03481"><time>2025-05-30T07:28:37.000Z</time></trkpt><trkpt lat="53.559397" lon="49.034778"><time>2025-05-30T07:28:39.000Z</time></trkpt><trkpt lat="53.559312" lon="49.034756"><time>2025-05-30T07:28:41.000Z</time></trkpt><trkpt lat="53.559221" lon="49.034738"><time>2025-05-30T07:28:43.000Z</time></trkpt><trkpt lat="53.559118" lon="49.034719"><time>2025-05-30T07:28:45.000Z</time></trkpt><trkpt lat="53.559013" lon="49.034696"><time>2025-05-30T07:28:47.000Z</time></trkpt><trkpt lat="53.558912" lon="49.034674"><time>2025-05-30T07:28:49.000Z</time></trkpt><trkpt lat="53.558819" lon="49.034661"><time>2025-05-30T07:28:51.000Z</time></trkpt><trkpt lat="53.558732" lon="49.03465"><time>2025-05-30T07:28:53.000Z</time></trkpt><trkpt lat="53.558647" lon="49.034636"><time>2025-05-30T07:28:55.000Z</time></trkpt><trkpt lat="53.558559" lon="49.034621"><time>2025-05-30T07:28:57.000Z</time></trkpt><trkpt lat="53.558469" lon="49.034603"><time>2025-05-30T07:28:59.000Z</time></trkpt><trkpt lat="53.558383" lon="49.034586"><time>2025-05-30T07:29:01.000Z</time></trkpt><trkpt lat="53.558295" lon="49.034563"><time>2025-05-30T07:29:03.000Z</time></trkpt><trkpt lat="53.558203" lon="49.034537"><time>2025-05-30T07:29:05.000Z</time></trkpt><trkpt lat="53.558108" lon="49.034506"><time>2025-05-30T07:29:07.000Z</time></trkpt><trkpt lat="53.558012" lon="49.034469"><time>2025-05-30T07:29:09.000Z</time></trkpt><trkpt lat="53.557922" lon="49.034423"><time>2025-05-30T07:29:11.000Z</time></trkpt><trkpt lat="53.557833" lon="49.034366"><time>2025-05-30T07:29:13.000Z</time></trkpt><trkpt lat="53.55775" lon="49.034305"><time>2025-05-30T07:29:15.000Z</time></trkpt><trkpt lat="53.557672" lon="49.034241"><time>2025-05-30T07:29:17.000Z</time></trkpt><trkpt lat="53.557601" lon="49.034173"><time>2025-05-30T07:29:19.000Z</time></trkpt><trkpt lat="53.55754" lon="49.0341"><time>2025-05-30T07:29:21.000Z</time></trkpt><trkpt lat="53.557487" lon="49.034018"><time>2025-05-30T07:29:23.000Z</time></trkpt><trkpt lat="53.557439" lon="49.033933"><time>2025-05-30T07:29:25.000Z</time></trkpt><trkpt lat="53.557396" lon="49.03384"><time>2025-05-30T07:29:27.000Z</time></trkpt><trkpt lat="53.557357" lon="49.033732"><time>2025-05-30T07:29:29.000Z</time></trkpt><trkpt lat="53.557329" lon="49.033623"><time>2025-05-30T07:29:32.000Z</time></trkpt><trkpt lat="53.557309" lon="49.033522"><time>2025-05-30T07:29:34.000Z</time></trkpt><trkpt lat="53.557295" lon="49.033445"><time>2025-05-30T07:29:36.000Z</time></trkpt><trkpt lat="53.55726" lon="49.03337"><time>2025-05-30T07:29:38.000Z</time></trkpt><trkpt lat="53.55721" lon="49.033295"><time>2025-05-30T07:29:40.000Z</time></trkpt><trkpt lat="53.557152" lon="49.033218"><time>2025-05-30T07:29:42.000Z</time></trkpt><trkpt lat="53.557102" lon="49.033145"><time>2025-05-30T07:29:44.000Z</time></trkpt><trkpt lat="53.557048" lon="49.033071"><time>2025-05-30T07:29:46.000Z</time></trkpt><trkpt lat="53.556992" lon="49.033"><time>2025-05-30T07:29:48.000Z</time></trkpt><trkpt lat="53.556932" lon="49.032937"><time>2025-05-30T07:29:50.000Z</time></trkpt><trkpt lat="53.556873" lon="49.032886"><time>2025-05-30T07:29:52.000Z</time></trkpt><trkpt lat="53.556813" lon="49.032852"><time>2025-05-30T07:29:54.000Z</time></trkpt><trkpt lat="53.556754" lon="49.032835"><time>2025-05-30T07:29:56.000Z</time></trkpt><trkpt lat="53.556701" lon="49.032827"><time>2025-05-30T07:29:58.000Z</time></trkpt><trkpt lat="53.556646" lon="49.032819"><time>2025-05-30T07:30:00.000Z</time></trkpt><trkpt lat="53.556584" lon="49.032806"><time>2025-05-30T07:30:02.000Z</time></trkpt><trkpt lat="53.556513" lon="49.032786"><time>2025-05-30T07:30:04.000Z</time></trkpt><trkpt lat="53.556444" lon="49.032767"><time>2025-05-30T07:30:06.000Z</time></trkpt><trkpt lat="53.556381" lon="49.032756"><time>2025-05-30T07:30:08.000Z</time></trkpt><trkpt lat="53.556327" lon="49.032756"><time>2025-05-30T07:30:10.000Z</time></trkpt><trkpt lat="53.556273" lon="49.032758"><time>2025-05-30T07:30:12.000Z</time></trkpt><trkpt lat="53.556216" lon="49.032761"><time>2025-05-30T07:30:14.000Z</time></trkpt><trkpt lat="53.556148" lon="49.032763"><time>2025-05-30T07:30:16.000Z</time></trkpt><trkpt lat="53.556073" lon="49.032763"><time>2025-05-30T07:30:18.000Z</time></trkpt><trkpt lat="53.55599" lon="49.032761"><time>2025-05-30T07:30:20.000Z</time></trkpt><trkpt lat="53.555905" lon="49.032755"><time>2025-05-30T07:30:22.000Z</time></trkpt><trkpt lat="53.555824" lon="49.032747"><time>2025-05-30T07:30:24.000Z</time></trkpt><trkpt lat="53.555757" lon="49.032741"><time>2025-05-30T07:30:26.000Z</time></trkpt><trkpt lat="53.555704" lon="49.032736"><time>2025-05-30T07:30:28.000Z</time></trkpt><trkpt lat="53.555657" lon="49.032734"><time>2025-05-30T07:30:30.000Z</time></trkpt><trkpt lat="53.555612" lon="49.032733"><time>2025-05-30T07:30:32.000Z</time></trkpt><trkpt lat="53.555548" lon="49.032735"><time>2025-05-30T07:30:34.000Z</time></trkpt><trkpt lat="53.555482" lon="49.032739"><time>2025-05-30T07:30:38.000Z</time></trkpt><trkpt lat="53.55541" lon="49.032748"><time>2025-05-30T07:30:40.000Z</time></trkpt><trkpt lat="53.555353" lon="49.03276"><time>2025-05-30T07:30:42.000Z</time></trkpt><trkpt lat="53.555286" lon="49.032771"><time>2025-05-30T07:30:44.000Z</time></trkpt><trkpt lat="53.555204" lon="49.032775"><time>2025-05-30T07:30:46.000Z</time></trkpt><trkpt lat="53.555105" lon="49.032774"><time>2025-05-30T07:30:48.000Z</time></trkpt><trkpt lat="53.554993" lon="49.032772"><time>2025-05-30T07:30:50.000Z</time></trkpt><trkpt lat="53.554881" lon="49.032774"><time>2025-05-30T07:30:52.000Z</time></trkpt><trkpt lat="53.554772" lon="49.032779"><time>2025-05-30T07:30:54.000Z</time></trkpt><trkpt lat="53.554674" lon="49.032788"><time>2025-05-30T07:30:56.000Z</time></trkpt><trkpt lat="53.55459" lon="49.03279"><time>2025-05-30T07:30:58.000Z</time></trkpt><trkpt lat="53.55452" lon="49.032789"><time>2025-05-30T07:31:00.000Z</time></trkpt><trkpt lat="53.554463" lon="49.032788"><time>2025-05-30T07:31:02.000Z</time></trkpt><trkpt lat="53.554408" lon="49.032789"><time>2025-05-30T07:31:04.000Z</time></trkpt><trkpt lat="53.554345" lon="49.032787"><time>2025-05-30T07:31:06.000Z</time></trkpt><trkpt lat="53.554268" lon="49.03278"><time>2025-05-30T07:31:08.000Z</time></trkpt><trkpt lat="53.55418" lon="49.032773"><time>2025-05-30T07:31:10.000Z</time></trkpt><trkpt lat="53.554079" lon="49.032767"><time>2025-05-30T07:31:12.000Z</time></trkpt><trkpt lat="53.553967" lon="49.032762"><time>2025-05-30T07:31:14.000Z</time></trkpt><trkpt lat="53.553822" lon="49.032754"><time>2025-05-30T07:31:16.000Z</time></trkpt><trkpt lat="53.553697" lon="49.032744"><time>2025-05-30T07:31:20.000Z</time></trkpt><trkpt lat="53.553604" lon="49.032727"><time>2025-05-30T07:31:22.000Z</time></trkpt><trkpt lat="53.553557" lon="49.032709"><time>2025-05-30T07:31:24.000Z</time></trkpt><trkpt lat="53.553504" lon="49.032695"><time>2025-05-30T07:31:26.000Z</time></trkpt><trkpt lat="53.553432" lon="49.032695"><time>2025-05-30T07:31:28.000Z</time></trkpt><trkpt lat="53.553343" lon="49.032708"><time>2025-05-30T07:31:30.000Z</time></trkpt><trkpt lat="53.553241" lon="49.032727"><time>2025-05-30T07:31:32.000Z</time></trkpt><trkpt lat="53.553131" lon="49.032746"><time>2025-05-30T07:31:34.000Z</time></trkpt><trkpt lat="53.553028" lon="49.032751"><time>2025-05-30T07:31:36.000Z</time></trkpt><trkpt lat="53.552932" lon="49.032741"><time>2025-05-30T07:31:38.001Z</time></trkpt><trkpt lat="53.552847" lon="49.032722"><time>2025-05-30T07:31:40.001Z</time></trkpt><trkpt lat="53.552771" lon="49.032708"><time>2025-05-30T07:31:42.001Z</time></trkpt><trkpt lat="53.552695" lon="49.0327"><time>2025-05-30T07:31:44.001Z</time></trkpt><trkpt lat="53.552615" lon="49.032693"><time>2025-05-30T07:31:46.001Z</time></trkpt><trkpt lat="53.552531" lon="49.032687"><time>2025-05-30T07:31:48.001Z</time></trkpt><trkpt lat="53.55245" lon="49.032683"><time>2025-05-30T07:31:50.001Z</time></trkpt><trkpt lat="53.552363" lon="49.032683"><time>2025-05-30T07:31:52.001Z</time></trkpt><trkpt lat="53.552263" lon="49.032691"><time>2025-05-30T07:31:54.001Z</time></trkpt><trkpt lat="53.55216" lon="49.032705"><time>2025-05-30T07:31:56.001Z</time></trkpt><trkpt lat="53.552059" lon="49.032714"><time>2025-05-30T07:31:58.001Z</time></trkpt><trkpt lat="53.551965" lon="49.032717"><time>2025-05-30T07:32:00.000Z</time></trkpt><trkpt lat="53.551863" lon="49.032717"><time>2025-05-30T07:32:02.000Z</time></trkpt><trkpt lat="53.55175" lon="49.032721"><time>2025-05-30T07:32:04.001Z</time></trkpt><trkpt lat="53.551636" lon="49.032728"><time>2025-05-30T07:32:06.001Z</time></trkpt><trkpt lat="53.551526" lon="49.032735"><time>2025-05-30T07:32:08.001Z</time></trkpt><trkpt lat="53.551419" lon="49.03274"><time>2025-05-30T07:32:10.001Z</time></trkpt><trkpt lat="53.551314" lon="49.032738"><time>2025-05-30T07:32:12.001Z</time></trkpt><trkpt lat="53.551209" lon="49.032732"><time>2025-05-30T07:32:14.001Z</time></trkpt><trkpt lat="53.551103" lon="49.032727"><time>2025-05-30T07:32:16.000Z</time></trkpt><trkpt lat="53.550992" lon="49.032724"><time>2025-05-30T07:32:18.001Z</time></trkpt><trkpt lat="53.550883" lon="49.032724"><time>2025-05-30T07:32:20.001Z</time></trkpt><trkpt lat="53.550779" lon="49.032722"><time>2025-05-30T07:32:22.001Z</time></trkpt><trkpt lat="53.550676" lon="49.032722"><time>2025-05-30T07:32:24.001Z</time></trkpt><trkpt lat="53.550572" lon="49.032728"><time>2025-05-30T07:32:26.001Z</time></trkpt><trkpt lat="53.550466" lon="49.032736"><time>2025-05-30T07:32:28.001Z</time></trkpt><trkpt lat="53.550364" lon="49.032748"><time>2025-05-30T07:32:30.001Z</time></trkpt><trkpt lat="53.550261" lon="49.032758"><time>2025-05-30T07:32:32.001Z</time></trkpt><trkpt lat="53.550165" lon="49.032765"><time>2025-05-30T07:32:34.001Z</time></trkpt><trkpt lat="53.550068" lon="49.032765"><time>2025-05-30T07:32:36.001Z</time></trkpt><trkpt lat="53.549971" lon="49.032755"><time>2025-05-30T07:32:38.001Z</time></trkpt><trkpt lat="53.549869" lon="49.032738"><time>2025-05-30T07:32:40.001Z</time></trkpt><trkpt lat="53.549765" lon="49.032716"><time>2025-05-30T07:32:42.001Z</time></trkpt><trkpt lat="53.549658" lon="49.032696"><time>2025-05-30T07:32:44.001Z</time></trkpt><trkpt lat="53.549557" lon="49.032681"><time>2025-05-30T07:32:46.001Z</time></trkpt><trkpt lat="53.54946" lon="49.032673"><time>2025-05-30T07:32:48.001Z</time></trkpt><trkpt lat="53.549374" lon="49.032668"><time>2025-05-30T07:32:50.001Z</time></trkpt><trkpt lat="53.549291" lon="49.03266"><time>2025-05-30T07:32:52.001Z</time></trkpt><trkpt lat="53.549214" lon="49.032643"><time>2025-05-30T07:32:54.001Z</time></trkpt><trkpt lat="53.549134" lon="49.032621"><time>2025-05-30T07:32:56.001Z</time></trkpt><trkpt lat="53.549051" lon="49.032598"><time>2025-05-30T07:32:58.001Z</time></trkpt><trkpt lat="53.548965" lon="49.032583"><time>2025-05-30T07:33:00.000Z</time></trkpt><trkpt lat="53.548878" lon="49.032581"><time>2025-05-30T07:33:02.000Z</time></trkpt><trkpt lat="53.548742" lon="49.032612"><time>2025-05-30T07:33:04.001Z</time></trkpt><trkpt lat="53.548599" lon="49.032654"><time>2025-05-30T07:33:08.001Z</time></trkpt><trkpt lat="53.548449" lon="49.032697"><time>2025-05-30T07:33:10.001Z</time></trkpt><trkpt lat="53.548349" lon="49.032713"><time>2025-05-30T07:33:12.001Z</time></trkpt><trkpt lat="53.548251" lon="49.03272"><time>2025-05-30T07:33:14.001Z</time></trkpt><trkpt lat="53.548158" lon="49.03272"><time>2025-05-30T07:33:16.000Z</time></trkpt><trkpt lat="53.548064" lon="49.032721"><time>2025-05-30T07:33:18.001Z</time></trkpt><trkpt lat="53.547971" lon="49.032721"><time>2025-05-30T07:33:20.001Z</time></trkpt><trkpt lat="53.547873" lon="49.032721"><time>2025-05-30T07:33:22.001Z</time></trkpt><trkpt lat="53.547782" lon="49.032718"><time>2025-05-30T07:33:24.001Z</time></trkpt><trkpt lat="53.54769" lon="49.032714"><time>2025-05-30T07:33:26.001Z</time></trkpt><trkpt lat="53.547597" lon="49.03271"><time>2025-05-30T07:33:28.001Z</time></trkpt><trkpt lat="53.547486" lon="49.032706"><time>2025-05-30T07:33:30.001Z</time></trkpt><trkpt lat="53.547369" lon="49.032706"><time>2025-05-30T07:33:32.001Z</time></trkpt><trkpt lat="53.547254" lon="49.032707"><time>2025-05-30T07:33:34.001Z</time></trkpt><trkpt lat="53.547149" lon="49.032707"><time>2025-05-30T07:33:36.001Z</time></trkpt><trkpt lat="53.547047" lon="49.032703"><time>2025-05-30T07:33:38.001Z</time></trkpt><trkpt lat="53.546931" lon="49.032696"><time>2025-05-30T07:33:40.001Z</time></trkpt><trkpt lat="53.546823" lon="49.032694"><time>2025-05-30T07:33:43.001Z</time></trkpt><trkpt lat="53.546711" lon="49.0327"><time>2025-05-30T07:33:45.001Z</time></trkpt><trkpt lat="53.546611" lon="49.032713"><time>2025-05-30T07:33:47.001Z</time></trkpt><trkpt lat="53.546507" lon="49.032724"><time>2025-05-30T07:33:49.001Z</time></trkpt><trkpt lat="53.546411" lon="49.032733"><time>2025-05-30T07:33:51.001Z</time></trkpt><trkpt lat="53.546315" lon="49.032739"><time>2025-05-30T07:33:53.001Z</time></trkpt><trkpt lat="53.546213" lon="49.032746"><time>2025-05-30T07:33:55.001Z</time></trkpt><trkpt lat="53.546113" lon="49.032755"><time>2025-05-30T07:33:57.001Z</time></trkpt><trkpt lat="53.546012" lon="49.032756"><time>2025-05-30T07:33:59.001Z</time></trkpt><trkpt lat="53.545911" lon="49.03275"><time>2025-05-30T07:34:01.001Z</time></trkpt><trkpt lat="53.545801" lon="49.032741"><time>2025-05-30T07:34:03.001Z</time></trkpt><trkpt lat="53.545695" lon="49.032735"><time>2025-05-30T07:34:05.001Z</time></trkpt><trkpt lat="53.545591" lon="49.032731"><time>2025-05-30T07:34:07.001Z</time></trkpt><trkpt lat="53.545489" lon="49.03273"><time>2025-05-30T07:34:09.001Z</time></trkpt><trkpt lat="53.545386" lon="49.032731"><time>2025-05-30T07:34:11.001Z</time></trkpt><trkpt lat="53.545289" lon="49.032729"><time>2025-05-30T07:34:13.001Z</time></trkpt><trkpt lat="53.5452" lon="49.032726"><time>2025-05-30T07:34:15.001Z</time></trkpt><trkpt lat="53.545113" lon="49.032729"><time>2025-05-30T07:34:17.001Z</time></trkpt><trkpt lat="53.545021" lon="49.032737"><time>2025-05-30T07:34:19.001Z</time></trkpt><trkpt lat="53.544917" lon="49.032744"><time>2025-05-30T07:34:21.001Z</time></trkpt><trkpt lat="53.544805" lon="49.032747"><time>2025-05-30T07:34:23.001Z</time></trkpt><trkpt lat="53.544692" lon="49.032746"><time>2025-05-30T07:34:25.001Z</time></trkpt><trkpt lat="53.544583" lon="49.032743"><time>2025-05-30T07:34:27.001Z</time></trkpt><trkpt lat="53.544476" lon="49.032738"><time>2025-05-30T07:34:29.001Z</time></trkpt><trkpt lat="53.544368" lon="49.032737"><time>2025-05-30T07:34:31.001Z</time></trkpt><trkpt lat="53.544259" lon="49.032739"><time>2025-05-30T07:34:33.001Z</time></trkpt><trkpt lat="53.544151" lon="49.032743"><time>2025-05-30T07:34:35.001Z</time></trkpt><trkpt lat="53.544049" lon="49.032745"><time>2025-05-30T07:34:37.001Z</time></trkpt><trkpt lat="53.543957" lon="49.032749"><time>2025-05-30T07:34:39.001Z</time></trkpt><trkpt lat="53.543871" lon="49.032753"><time>2025-05-30T07:34:41.001Z</time></trkpt><trkpt lat="53.543787" lon="49.032759"><time>2025-05-30T07:34:43.001Z</time></trkpt><trkpt lat="53.543698" lon="49.032759"><time>2025-05-30T07:34:45.001Z</time></trkpt><trkpt lat="53.543606" lon="49.032753"><time>2025-05-30T07:34:47.001Z</time></trkpt><trkpt lat="53.543513" lon="49.032743"><time>2025-05-30T07:34:49.001Z</time></trkpt><trkpt lat="53.543421" lon="49.032739"><time>2025-05-30T07:34:51.001Z</time></trkpt><trkpt lat="53.54333" lon="49.03274"><time>2025-05-30T07:34:53.001Z</time></trkpt><trkpt lat="53.543239" lon="49.032742"><time>2025-05-30T07:34:55.001Z</time></trkpt><trkpt lat="53.543148" lon="49.032742"><time>2025-05-30T07:34:57.001Z</time></trkpt><trkpt lat="53.543057" lon="49.032742"><time>2025-05-30T07:34:59.001Z</time></trkpt><trkpt lat="53.542965" lon="49.032746"><time>2025-05-30T07:35:01.001Z</time></trkpt><trkpt lat="53.542872" lon="49.032752"><time>2025-05-30T07:35:03.001Z</time></trkpt><trkpt lat="53.542779" lon="49.032758"><time>2025-05-30T07:35:05.001Z</time></trkpt><trkpt lat="53.542679" lon="49.032758"><time>2025-05-30T07:35:07.001Z</time></trkpt><trkpt lat="53.542577" lon="49.032757"><time>2025-05-30T07:35:09.001Z</time></trkpt><trkpt lat="53.542473" lon="49.032751"><time>2025-05-30T07:35:11.001Z</time></trkpt><trkpt lat="53.54237" lon="49.032746"><time>2025-05-30T07:35:13.001Z</time></trkpt><trkpt lat="53.542269" lon="49.032743"><time>2025-05-30T07:35:15.001Z</time></trkpt><trkpt lat="53.542166" lon="49.032745"><time>2025-05-30T07:35:17.001Z</time></trkpt><trkpt lat="53.542065" lon="49.03275"><time>2025-05-30T07:35:19.001Z</time></trkpt><trkpt lat="53.541961" lon="49.032756"><time>2025-05-30T07:35:21.001Z</time></trkpt><trkpt lat="53.541853" lon="49.032758"><time>2025-05-30T07:35:23.001Z</time></trkpt><trkpt lat="53.541746" lon="49.032759"><time>2025-05-30T07:35:25.001Z</time></trkpt><trkpt lat="53.541648" lon="49.032757"><time>2025-05-30T07:35:27.001Z</time></trkpt><trkpt lat="53.541558" lon="49.032751"><time>2025-05-30T07:35:29.001Z</time></trkpt><trkpt lat="53.541469" lon="49.032745"><time>2025-05-30T07:35:31.001Z</time></trkpt><trkpt lat="53.54138" lon="49.03274"><time>2025-05-30T07:35:33.001Z</time></trkpt><trkpt lat="53.541293" lon="49.032741"><time>2025-05-30T07:35:35.001Z</time></trkpt><trkpt lat="53.541202" lon="49.032742"><time>2025-05-30T07:35:37.001Z</time></trkpt><trkpt lat="53.541103" lon="49.03274"><time>2025-05-30T07:35:39.001Z</time></trkpt><trkpt lat="53.540993" lon="49.032735"><time>2025-05-30T07:35:41.001Z</time></trkpt><trkpt lat="53.54089" lon="49.032728"><time>2025-05-30T07:35:43.001Z</time></trkpt><trkpt lat="53.540793" lon="49.032726"><time>2025-05-30T07:35:45.001Z</time></trkpt><trkpt lat="53.540707" lon="49.032723"><time>2025-05-30T07:35:47.001Z</time></trkpt><trkpt lat="53.54063" lon="49.03272"><time>2025-05-30T07:35:49.001Z</time></trkpt><trkpt lat="53.540553" lon="49.032713"><time>2025-05-30T07:35:51.001Z</time></trkpt><trkpt lat="53.540472" lon="49.032706"><time>2025-05-30T07:35:53.001Z</time></trkpt><trkpt lat="53.540373" lon="49.032699"><time>2025-05-30T07:35:55.001Z</time></trkpt><trkpt lat="53.540268" lon="49.0327"><time>2025-05-30T07:35:57.001Z</time></trkpt><trkpt lat="53.540157" lon="49.032706"><time>2025-05-30T07:35:59.001Z</time></trkpt><trkpt lat="53.540048" lon="49.032707"><time>2025-05-30T07:36:01.001Z</time></trkpt><trkpt lat="53.539936" lon="49.032704"><time>2025-05-30T07:36:03.001Z</time></trkpt><trkpt lat="53.539822" lon="49.032698"><time>2025-05-30T07:36:05.001Z</time></trkpt><trkpt lat="53.539706" lon="49.032697"><time>2025-05-30T07:36:07.001Z</time></trkpt><trkpt lat="53.539596" lon="49.032691"><time>2025-05-30T07:36:09.001Z</time></trkpt><trkpt lat="53.539499" lon="49.032683"><time>2025-05-30T07:36:11.001Z</time></trkpt><trkpt lat="53.539421" lon="49.032677"><time>2025-05-30T07:36:13.001Z</time></trkpt><trkpt lat="53.539354" lon="49.032672"><time>2025-05-30T07:36:15.001Z</time></trkpt><trkpt lat="53.539286" lon="49.032666"><time>2025-05-30T07:36:17.001Z</time></trkpt><trkpt lat="53.539203" lon="49.032657"><time>2025-05-30T07:36:19.001Z</time></trkpt><trkpt lat="53.539099" lon="49.032646"><time>2025-05-30T07:36:21.001Z</time></trkpt><trkpt lat="53.538986" lon="49.032608"><time>2025-05-30T07:36:23.001Z</time></trkpt><trkpt lat="53.538889" lon="49.032535"><time>2025-05-30T07:36:25.001Z</time></trkpt><trkpt lat="53.538829" lon="49.032425"><time>2025-05-30T07:36:27.001Z</time></trkpt><trkpt lat="53.538802" lon="49.032294"><time>2025-05-30T07:36:29.001Z</time></trkpt><trkpt lat="53.538779" lon="49.032159"><time>2025-05-30T07:36:31.001Z</time></trkpt><trkpt lat="53.538754" lon="49.032024"><time>2025-05-30T07:36:33.001Z</time></trkpt><trkpt lat="53.538727" lon="49.031893"><time>2025-05-30T07:36:35.001Z</time></trkpt><trkpt lat="53.538704" lon="49.031756"><time>2025-05-30T07:36:37.001Z</time></trkpt><trkpt lat="53.538681" lon="49.031612"><time>2025-05-30T07:36:39.001Z</time></trkpt><trkpt lat="53.53866" lon="49.031464"><time>2025-05-30T07:36:41.001Z</time></trkpt><trkpt lat="53.538642" lon="49.031318"><time>2025-05-30T07:36:43.001Z</time></trkpt><trkpt lat="53.538628" lon="49.031174"><time>2025-05-30T07:36:45.001Z</time></trkpt><trkpt lat="53.538619" lon="49.031033"><time>2025-05-30T07:36:47.001Z</time></trkpt><trkpt lat="53.538613" lon="49.030893"><time>2025-05-30T07:36:49.001Z</time></trkpt><trkpt lat="53.538602" lon="49.030753"><time>2025-05-30T07:36:51.001Z</time></trkpt><trkpt lat="53.538589" lon="49.030611"><time>2025-05-30T07:36:53.001Z</time></trkpt><trkpt lat="53.538581" lon="49.030468"><time>2025-05-30T07:36:55.001Z</time></trkpt><trkpt lat="53.538578" lon="49.030326"><time>2025-05-30T07:36:57.001Z</time></trkpt><trkpt lat="53.538574" lon="49.030193"><time>2025-05-30T07:36:59.001Z</time></trkpt><trkpt lat="53.538567" lon="49.030068"><time>2025-05-30T07:37:01.001Z</time></trkpt><trkpt lat="53.538558" lon="49.029963"><time>2025-05-30T07:37:03.001Z</time></trkpt><trkpt lat="53.538548" lon="49.029872"><time>2025-05-30T07:37:05.001Z</time></trkpt><trkpt lat="53.538537" lon="49.029782"><time>2025-05-30T07:37:07.001Z</time></trkpt><trkpt lat="53.538524" lon="49.029678"><time>2025-05-30T07:37:09.001Z</time></trkpt><trkpt lat="53.538514" lon="49.02956"><time>2025-05-30T07:37:11.001Z</time></trkpt><trkpt lat="53.538511" lon="49.029432"><time>2025-05-30T07:37:13.001Z</time></trkpt><trkpt lat="53.538517" lon="49.029302"><time>2025-05-30T07:37:15.001Z</time></trkpt><trkpt lat="53.538522" lon="49.029181"><time>2025-05-30T07:37:17.001Z</time></trkpt><trkpt lat="53.538524" lon="49.029063"><time>2025-05-30T07:37:19.001Z</time></trkpt><trkpt lat="53.538524" lon="49.028937"><time>2025-05-30T07:37:21.001Z</time></trkpt><trkpt lat="53.538521" lon="49.028792"><time>2025-05-30T07:37:23.001Z</time></trkpt><trkpt lat="53.538519" lon="49.028643"><time>2025-05-30T07:37:25.001Z</time></trkpt><trkpt lat="53.538515" lon="49.02849"><time>2025-05-30T07:37:27.001Z</time></trkpt><trkpt lat="53.538513" lon="49.02835"><time>2025-05-30T07:37:29.001Z</time></trkpt><trkpt lat="53.538509" lon="49.028234"><time>2025-05-30T07:37:31.001Z</time></trkpt><trkpt lat="53.538502" lon="49.028146"><time>2025-05-30T07:37:33.001Z</time></trkpt><trkpt lat="53.5385" lon="49.028081"><time>2025-05-30T07:37:35.001Z</time></trkpt><trkpt lat="53.538497" lon="49.028022"><time>2025-05-30T07:37:37.001Z</time></trkpt><trkpt lat="53.538496" lon="49.027965"><time>2025-05-30T07:37:39.001Z</time></trkpt><trkpt lat="53.538481" lon="49.027896"><time>2025-05-30T07:37:41.001Z</time></trkpt><trkpt lat="53.538457" lon="49.0278"><time>2025-05-30T07:37:43.001Z</time></trkpt><trkpt lat="53.538407" lon="49.027464"><time>2025-05-30T07:37:45.001Z</time></trkpt><trkpt lat="53.538358" lon="49.027156"><time>2025-05-30T07:37:55.001Z</time></trkpt><trkpt lat="53.538304" lon="49.026874"><time>2025-05-30T07:37:57.001Z</time></trkpt><trkpt lat="53.538266" lon="49.026833"><time>2025-05-30T07:37:59.001Z</time></trkpt><trkpt lat="53.53823" lon="49.02677"><time>2025-05-30T07:38:01.001Z</time></trkpt><trkpt lat="53.538196" lon="49.026711"><time>2025-05-30T07:38:03.001Z</time></trkpt><trkpt lat="53.538163" lon="49.026659"><time>2025-05-30T07:38:05.001Z</time></trkpt><trkpt lat="53.538125" lon="49.026615"><time>2025-05-30T07:38:07.001Z</time></trkpt><trkpt lat="53.538087" lon="49.026569"><time>2025-05-30T07:38:09.001Z</time></trkpt><trkpt lat="53.538048" lon="49.026512"><time>2025-05-30T07:38:11.001Z</time></trkpt><trkpt lat="53.538007" lon="49.026453"><time>2025-05-30T07:38:13.001Z</time></trkpt><trkpt lat="53.537963" lon="49.026387"><time>2025-05-30T07:38:15.001Z</time></trkpt><trkpt lat="53.537918" lon="49.026317"><time>2025-05-30T07:38:17.001Z</time></trkpt><trkpt lat="53.537877" lon="49.026232"><time>2025-05-30T07:38:19.001Z</time></trkpt><trkpt lat="53.537839" lon="49.026138"><time>2025-05-30T07:38:21.001Z</time></trkpt><trkpt lat="53.537801" lon="49.026044"><time>2025-05-30T07:38:23.001Z</time></trkpt><trkpt lat="53.537767" lon="49.025956"><time>2025-05-30T07:38:25.001Z</time></trkpt><trkpt lat="53.537738" lon="49.025875"><time>2025-05-30T07:38:27.001Z</time></trkpt><trkpt lat="53.537715" lon="49.025797"><time>2025-05-30T07:38:29.001Z</time></trkpt><trkpt lat="53.537695" lon="49.025723"><time>2025-05-30T07:38:31.001Z</time></trkpt><trkpt lat="53.537673" lon="49.025642"><time>2025-05-30T07:38:33.001Z</time></trkpt><trkpt lat="53.537651" lon="49.02555"><time>2025-05-30T07:38:35.001Z</time></trkpt><trkpt lat="53.537634" lon="49.02545"><time>2025-05-30T07:38:37.001Z</time></trkpt><trkpt lat="53.537612" lon="49.025333"><time>2025-05-30T07:38:39.001Z</time></trkpt><trkpt lat="53.537592" lon="49.025229"><time>2025-05-30T07:38:41.001Z</time></trkpt><trkpt lat="53.537567" lon="49.025132"><time>2025-05-30T07:38:43.001Z</time></trkpt><trkpt lat="53.537552" lon="49.025057"><time>2025-05-30T07:38:45.001Z</time></trkpt><trkpt lat="53.537534" lon="49.024984"><time>2025-05-30T07:38:47.001Z</time></trkpt><trkpt lat="53.537513" lon="49.024889"><time>2025-05-30T07:38:49.001Z</time></trkpt><trkpt lat="53.537485" lon="49.024776"><time>2025-05-30T07:38:51.001Z</time></trkpt><trkpt lat="53.537454" lon="49.024659"><time>2025-05-30T07:38:53.001Z</time></trkpt><trkpt lat="53.537423" lon="49.024565"><time>2025-05-30T07:38:55.001Z</time></trkpt><trkpt lat="53.537395" lon="49.024493"><time>2025-05-30T07:38:57.001Z</time></trkpt><trkpt lat="53.537371" lon="49.024424"><time>2025-05-30T07:38:59.001Z</time></trkpt><trkpt lat="53.537334" lon="49.024345"><time>2025-05-30T07:39:01.001Z</time></trkpt><trkpt lat="53.537296" lon="49.024257"><time>2025-05-30T07:39:03.001Z</time></trkpt><trkpt lat="53.537252" lon="49.024136"><time>2025-05-30T07:39:05.001Z</time></trkpt><trkpt lat="53.537211" lon="49.023931"><time>2025-05-30T07:39:08.001Z</time></trkpt><trkpt lat="53.537171" lon="49.023738"><time>2025-05-30T07:39:12.001Z</time></trkpt><trkpt lat="53.537139" lon="49.023571"><time>2025-05-30T07:39:14.001Z</time></trkpt><trkpt lat="53.537121" lon="49.023497"><time>2025-05-30T07:39:16.000Z</time></trkpt><trkpt lat="53.5371" lon="49.023428"><time>2025-05-30T07:39:18.001Z</time></trkpt><trkpt lat="53.537072" lon="49.023362"><time>2025-05-30T07:39:20.001Z</time></trkpt><trkpt lat="53.537039" lon="49.023298"><time>2025-05-30T07:39:22.001Z</time></trkpt><trkpt lat="53.537004" lon="49.023228"><time>2025-05-30T07:39:24.001Z</time></trkpt><trkpt lat="53.536971" lon="49.023153"><time>2025-05-30T07:39:26.001Z</time></trkpt><trkpt lat="53.536927" lon="49.023061"><time>2025-05-30T07:39:28.001Z</time></trkpt><trkpt lat="53.536885" lon="49.022956"><time>2025-05-30T07:39:30.001Z</time></trkpt><trkpt lat="53.536849" lon="49.02279"><time>2025-05-30T07:39:32.001Z</time></trkpt><trkpt lat="53.536826" lon="49.022636"><time>2025-05-30T07:39:36.001Z</time></trkpt><trkpt lat="53.536807" lon="49.022498"><time>2025-05-30T07:39:39.001Z</time></trkpt><trkpt lat="53.536796" lon="49.022422"><time>2025-05-30T07:39:41.001Z</time></trkpt><trkpt lat="53.536792" lon="49.022355"><time>2025-05-30T07:39:43.001Z</time></trkpt><trkpt lat="53.536789" lon="49.022294"><time>2025-05-30T07:39:45.001Z</time></trkpt><trkpt lat="53.536772" lon="49.02224"><time>2025-05-30T07:39:47.001Z</time></trkpt><trkpt lat="53.536754" lon="49.022187"><time>2025-05-30T07:39:49.001Z</time></trkpt><trkpt lat="53.536738" lon="49.022135"><time>2025-05-30T07:39:51.001Z</time></trkpt><trkpt lat="53.536729" lon="49.022084"><time>2025-05-30T07:39:53.001Z</time></trkpt><trkpt lat="53.536729" lon="49.022025"><time>2025-05-30T07:39:55.001Z</time></trkpt><trkpt lat="53.53674" lon="49.021958"><time>2025-05-30T07:39:57.001Z</time></trkpt><trkpt lat="53.53676" lon="49.021887"><time>2025-05-30T07:39:59.001Z</time></trkpt><trkpt lat="53.53678" lon="49.021818"><time>2025-05-30T07:40:01.001Z</time></trkpt><trkpt lat="53.5368" lon="49.021752"><time>2025-05-30T07:40:03.001Z</time></trkpt><trkpt lat="53.536819" lon="49.021696"><time>2025-05-30T07:40:05.001Z</time></trkpt><trkpt lat="53.536842" lon="49.021643"><time>2025-05-30T07:40:07.001Z</time></trkpt><trkpt lat="53.536862" lon="49.021591"><time>2025-05-30T07:40:11.001Z</time></trkpt><trkpt lat="53.536882" lon="49.02153"><time>2025-05-30T07:40:13.001Z</time></trkpt><trkpt lat="53.536899" lon="49.021468"><time>2025-05-30T07:40:15.001Z</time></trkpt><trkpt lat="53.536921" lon="49.021396"><time>2025-05-30T07:40:17.001Z</time></trkpt><trkpt lat="53.536942" lon="49.021332"><time>2025-05-30T07:40:21.001Z</time></trkpt><trkpt lat="53.536966" lon="49.021275"><time>2025-05-30T07:40:23.001Z</time></trkpt><trkpt lat="53.537019" lon="49.021145"><time>2025-05-30T07:40:25.001Z</time></trkpt><trkpt lat="53.537071" lon="49.021009"><time>2025-05-30T07:40:31.001Z</time></trkpt><trkpt lat="53.537121" lon="49.020861"><time>2025-05-30T07:40:33.001Z</time></trkpt><trkpt lat="53.537143" lon="49.020753"><time>2025-05-30T07:40:35.001Z</time></trkpt><trkpt lat="53.537163" lon="49.020643"><time>2025-05-30T07:40:39.001Z</time></trkpt><trkpt lat="53.537187" lon="49.020524"><time>2025-05-30T07:40:41.001Z</time></trkpt><trkpt lat="53.537213" lon="49.020435"><time>2025-05-30T07:40:43.001Z</time></trkpt><trkpt lat="53.537244" lon="49.02035"><time>2025-05-30T07:40:47.001Z</time></trkpt><trkpt lat="53.537268" lon="49.020279"><time>2025-05-30T07:40:49.001Z</time></trkpt><trkpt lat="53.537284" lon="49.020218"><time>2025-05-30T07:40:51.001Z</time></trkpt><trkpt lat="53.537296" lon="49.020163"><time>2025-05-30T07:40:53.001Z</time></trkpt><trkpt lat="53.537315" lon="49.020014"><time>2025-05-30T07:40:55.001Z</time></trkpt><trkpt lat="53.537339" lon="49.019874"><time>2025-05-30T07:41:01.001Z</time></trkpt><trkpt lat="53.537367" lon="49.019733"><time>2025-05-30T07:41:03.001Z</time></trkpt><trkpt lat="53.537425" lon="49.019622"><time>2025-05-30T07:41:05.001Z</time></trkpt><trkpt lat="53.537478" lon="49.019501"><time>2025-05-30T07:41:14.001Z</time></trkpt><trkpt lat="53.537531" lon="49.01936"><time>2025-05-30T07:41:16.000Z</time></trkpt><trkpt lat="53.537539" lon="49.019246"><time>2025-05-30T07:41:18.001Z</time></trkpt><trkpt lat="53.537544" lon="49.01911"><time>2025-05-30T07:41:21.001Z</time></trkpt><trkpt lat="53.537549" lon="49.018968"><time>2025-05-30T07:41:23.001Z</time></trkpt><trkpt lat="53.537556" lon="49.018857"><time>2025-05-30T07:41:25.001Z</time></trkpt><trkpt lat="53.537572" lon="49.018765"><time>2025-05-30T07:41:27.001Z</time></trkpt><trkpt lat="53.537595" lon="49.018678"><time>2025-05-30T07:41:29.001Z</time></trkpt><trkpt lat="53.537627" lon="49.018578"><time>2025-05-30T07:41:31.001Z</time></trkpt><trkpt lat="53.537647" lon="49.018456"><time>2025-05-30T07:41:33.001Z</time></trkpt><trkpt lat="53.537647" lon="49.018336"><time>2025-05-30T07:41:35.001Z</time></trkpt><trkpt lat="53.537637" lon="49.018223"><time>2025-05-30T07:41:37.001Z</time></trkpt><trkpt lat="53.537611" lon="49.017899"><time>2025-05-30T07:41:39.001Z</time></trkpt><trkpt lat="53.537587" lon="49.017564"><time>2025-05-30T07:41:47.001Z</time></trkpt><trkpt lat="53.537553" lon="49.017247"><time>2025-05-30T07:41:49.001Z</time></trkpt><trkpt lat="53.53753" lon="49.017191"><time>2025-05-30T07:41:51.001Z</time></trkpt><trkpt lat="53.53749" lon="49.017181"><time>2025-05-30T07:41:56.001Z</time></trkpt><trkpt lat="53.537437" lon="49.017183"><time>2025-05-30T07:42:00.000Z</time></trkpt><trkpt lat="53.537366" lon="49.017172"><time>2025-05-30T07:42:02.000Z</time></trkpt><trkpt lat="53.537285" lon="49.017156"><time>2025-05-30T07:42:04.001Z</time></trkpt><trkpt lat="53.537189" lon="49.017153"><time>2025-05-30T07:42:06.001Z</time></trkpt><trkpt lat="53.537042" lon="49.017192"><time>2025-05-30T07:42:08.001Z</time></trkpt><trkpt lat="53.536892" lon="49.017258"><time>2025-05-30T07:42:12.001Z</time></trkpt><trkpt lat="53.536752" lon="49.017343"><time>2025-05-30T07:42:14.001Z</time></trkpt><trkpt lat="53.536672" lon="49.017419"><time>2025-05-30T07:42:16.000Z</time></trkpt><trkpt lat="53.536613" lon="49.017486"><time>2025-05-30T07:42:18.001Z</time></trkpt><trkpt lat="53.53656" lon="49.017553"><time>2025-05-30T07:42:20.001Z</time></trkpt><trkpt lat="53.536514" lon="49.017621"><time>2025-05-30T07:42:23.001Z</time></trkpt><trkpt lat="53.536469" lon="49.017702"><time>2025-05-30T07:42:25.001Z</time></trkpt><trkpt lat="53.536431" lon="49.017771"><time>2025-05-30T07:42:27.001Z</time></trkpt><trkpt lat="53.536387" lon="49.017834"><time>2025-05-30T07:42:29.001Z</time></trkpt><trkpt lat="53.536341" lon="49.017888"><time>2025-05-30T07:42:31.001Z</time></trkpt><trkpt lat="53.536298" lon="49.017945"><time>2025-05-30T07:42:33.001Z</time></trkpt><trkpt lat="53.53626" lon="49.018012"><time>2025-05-30T07:42:35.001Z</time></trkpt><trkpt lat="53.536226" lon="49.018083"><time>2025-05-30T07:42:37.001Z</time></trkpt><trkpt lat="53.536188" lon="49.018149"><time>2025-05-30T07:42:39.001Z</time></trkpt><trkpt lat="53.536132" lon="49.018222"><time>2025-05-30T07:42:41.001Z</time></trkpt><trkpt lat="53.53608" lon="49.018293"><time>2025-05-30T07:42:43.001Z</time></trkpt><trkpt lat="53.53604" lon="49.01837"><time>2025-05-30T07:42:45.001Z</time></trkpt><trkpt lat="53.536019" lon="49.018443"><time>2025-05-30T07:42:47.001Z</time></trkpt><trkpt lat="53.535989" lon="49.01852"><time>2025-05-30T07:42:49.001Z</time></trkpt><trkpt lat="53.535891" lon="49.018642"><time>2025-05-30T07:42:51.001Z</time></trkpt><trkpt lat="53.535781" lon="49.01876"><time>2025-05-30T07:42:59.001Z</time></trkpt><trkpt lat="53.535671" lon="49.018865"><time>2025-05-30T07:43:01.001Z</time></trkpt><trkpt lat="53.535619" lon="49.01893"><time>2025-05-30T07:43:03.001Z</time></trkpt><trkpt lat="53.535547" lon="49.019"><time>2025-05-30T07:43:05.001Z</time></trkpt><trkpt lat="53.535468" lon="49.019082"><time>2025-05-30T07:43:07.001Z</time></trkpt><trkpt lat="53.535384" lon="49.01916"><time>2025-05-30T07:43:09.001Z</time></trkpt><trkpt lat="53.535332" lon="49.019227"><time>2025-05-30T07:43:11.001Z</time></trkpt><trkpt lat="53.535294" lon="49.019277"><time>2025-05-30T07:43:15.001Z</time></trkpt><trkpt lat="53.535251" lon="49.019318"><time>2025-05-30T07:43:23.001Z</time></trkpt><trkpt lat="53.535203" lon="49.019367"><time>2025-05-30T07:43:25.001Z</time></trkpt><trkpt lat="53.53515" lon="49.019436"><time>2025-05-30T07:43:27.001Z</time></trkpt><trkpt lat="53.535101" lon="49.019511"><time>2025-05-30T07:43:29.001Z</time></trkpt><trkpt lat="53.535048" lon="49.019585"><time>2025-05-30T07:43:31.001Z</time></trkpt><trkpt lat="53.534993" lon="49.019664"><time>2025-05-30T07:43:33.001Z</time></trkpt><trkpt lat="53.534936" lon="49.019739"><time>2025-05-30T07:43:35.001Z</time></trkpt><trkpt lat="53.534876" lon="49.019834"><time>2025-05-30T07:43:37.001Z</time></trkpt><trkpt lat="53.534824" lon="49.01993"><time>2025-05-30T07:43:39.001Z</time></trkpt><trkpt lat="53.534773" lon="49.020026"><time>2025-05-30T07:43:41.001Z</time></trkpt><trkpt lat="53.534722" lon="49.020102"><time>2025-05-30T07:43:43.001Z</time></trkpt><trkpt lat="53.534665" lon="49.020181"><time>2025-05-30T07:43:45.001Z</time></trkpt><trkpt lat="53.534612" lon="49.020268"><time>2025-05-30T07:43:47.001Z</time></trkpt><trkpt lat="53.534565" lon="49.020349"><time>2025-05-30T07:43:49.001Z</time></trkpt><trkpt lat="53.534513" lon="49.02042"><time>2025-05-30T07:43:51.001Z</time></trkpt><trkpt lat="53.534456" lon="49.020486"><time>2025-05-30T07:43:53.001Z</time></trkpt><trkpt lat="53.5344" lon="49.020559"><time>2025-05-30T07:43:55.001Z</time></trkpt><trkpt lat="53.53435" lon="49.020639"><time>2025-05-30T07:43:57.001Z</time></trkpt><trkpt lat="53.534302" lon="49.020724"><time>2025-05-30T07:43:59.001Z</time></trkpt><trkpt lat="53.534255" lon="49.020813"><time>2025-05-30T07:44:01.001Z</time></trkpt><trkpt lat="53.534206" lon="49.020901"><time>2025-05-30T07:44:03.001Z</time></trkpt><trkpt lat="53.534163" lon="49.020983"><time>2025-05-30T07:44:05.001Z</time></trkpt><trkpt lat="53.534119" lon="49.021055"><time>2025-05-30T07:44:07.001Z</time></trkpt><trkpt lat="53.534075" lon="49.02112"><time>2025-05-30T07:44:09.001Z</time></trkpt><trkpt lat="53.534025" lon="49.021191"><time>2025-05-30T07:44:11.001Z</time></trkpt><trkpt lat="53.533968" lon="49.02127"><time>2025-05-30T07:44:13.001Z</time></trkpt><trkpt lat="53.533904" lon="49.021347"><time>2025-05-30T07:44:15.001Z</time></trkpt><trkpt lat="53.533839" lon="49.021422"><time>2025-05-30T07:44:17.001Z</time></trkpt><trkpt lat="53.533778" lon="49.021511"><time>2025-05-30T07:44:19.001Z</time></trkpt><trkpt lat="53.533724" lon="49.021609"><time>2025-05-30T07:44:21.001Z</time></trkpt><trkpt lat="53.533669" lon="49.021714"><time>2025-05-30T07:44:23.001Z</time></trkpt><trkpt lat="53.533614" lon="49.021812"><time>2025-05-30T07:44:25.001Z</time></trkpt><trkpt lat="53.533562" lon="49.021919"><time>2025-05-30T07:44:27.001Z</time></trkpt><trkpt lat="53.533519" lon="49.022023"><time>2025-05-30T07:44:29.001Z</time></trkpt><trkpt lat="53.533478" lon="49.022121"><time>2025-05-30T07:44:31.001Z</time></trkpt><trkpt lat="53.53343" lon="49.022211"><time>2025-05-30T07:44:33.001Z</time></trkpt><trkpt lat="53.533372" lon="49.022298"><time>2025-05-30T07:44:35.001Z</time></trkpt><trkpt lat="53.533307" lon="49.022386"><time>2025-05-30T07:44:37.001Z</time></trkpt><trkpt lat="53.53324" lon="49.022481"><time>2025-05-30T07:44:39.001Z</time></trkpt><trkpt lat="53.533175" lon="49.022584"><time>2025-05-30T07:44:41.001Z</time></trkpt><trkpt lat="53.533112" lon="49.022696"><time>2025-05-30T07:44:43.001Z</time></trkpt><trkpt lat="53.533053" lon="49.022811"><time>2025-05-30T07:44:45.001Z</time></trkpt><trkpt lat="53.532985" lon="49.022919"><time>2025-05-30T07:44:47.001Z</time></trkpt><trkpt lat="53.53291" lon="49.023026"><time>2025-05-30T07:44:49.001Z</time></trkpt><trkpt lat="53.532834" lon="49.02315"><time>2025-05-30T07:44:51.001Z</time></trkpt><trkpt lat="53.532771" lon="49.02329"><time>2025-05-30T07:44:53.001Z</time></trkpt><trkpt lat="53.532717" lon="49.023426"><time>2025-05-30T07:44:55.001Z</time></trkpt><trkpt lat="53.532663" lon="49.023529"><time>2025-05-30T07:44:57.001Z</time></trkpt><trkpt lat="53.532604" lon="49.023613"><time>2025-05-30T07:44:59.001Z</time></trkpt><trkpt lat="53.532543" lon="49.023686"><time>2025-05-30T07:45:01.001Z</time></trkpt><trkpt lat="53.532471" lon="49.023763"><time>2025-05-30T07:45:03.001Z</time></trkpt><trkpt lat="53.532375" lon="49.023886"><time>2025-05-30T07:45:05.001Z</time></trkpt><trkpt lat="53.532269" lon="49.024032"><time>2025-05-30T07:45:08.001Z</time></trkpt><trkpt lat="53.53216" lon="49.024187"><time>2025-05-30T07:45:10.001Z</time></trkpt><trkpt lat="53.532064" lon="49.02431"><time>2025-05-30T07:45:12.001Z</time></trkpt><trkpt lat="53.531978" lon="49.024431"><time>2025-05-30T07:45:14.001Z</time></trkpt><trkpt lat="53.531909" lon="49.024557"><time>2025-05-30T07:45:16.000Z</time></trkpt><trkpt lat="53.531856" lon="49.024676"><time>2025-05-30T07:45:18.001Z</time></trkpt><trkpt lat="53.531809" lon="49.024783"><time>2025-05-30T07:45:20.001Z</time></trkpt><trkpt lat="53.531762" lon="49.024888"><time>2025-05-30T07:45:22.001Z</time></trkpt><trkpt lat="53.531708" lon="49.024984"><time>2025-05-30T07:45:24.001Z</time></trkpt><trkpt lat="53.531622" lon="49.02509"><time>2025-05-30T07:45:26.001Z</time></trkpt><trkpt lat="53.531522" lon="49.025198"><time>2025-05-30T07:45:29.001Z</time></trkpt><trkpt lat="53.531418" lon="49.025318"><time>2025-05-30T07:45:31.001Z</time></trkpt><trkpt lat="53.531334" lon="49.025442"><time>2025-05-30T07:45:33.001Z</time></trkpt><trkpt lat="53.53126" lon="49.025577"><time>2025-05-30T07:45:35.001Z</time></trkpt><trkpt lat="53.531196" lon="49.025716"><time>2025-05-30T07:45:37.001Z</time></trkpt><trkpt lat="53.531139" lon="49.025845"><time>2025-05-30T07:45:39.001Z</time></trkpt><trkpt lat="53.531087" lon="49.025999"><time>2025-05-30T07:45:41.001Z</time></trkpt><trkpt lat="53.531054" lon="49.026144"><time>2025-05-30T07:45:44.001Z</time></trkpt><trkpt lat="53.531042" lon="49.02628"><time>2025-05-30T07:45:46.001Z</time></trkpt><trkpt lat="53.531042" lon="49.026362"><time>2025-05-30T07:45:49.001Z</time></trkpt><trkpt lat="53.531026" lon="49.026426"><time>2025-05-30T07:45:51.001Z</time></trkpt><trkpt lat="53.530993" lon="49.026483"><time>2025-05-30T07:45:53.001Z</time></trkpt><trkpt lat="53.530951" lon="49.026547"><time>2025-05-30T07:45:55.001Z</time></trkpt><trkpt lat="53.530917" lon="49.026618"><time>2025-05-30T07:45:57.001Z</time></trkpt><trkpt lat="53.53089" lon="49.026693"><time>2025-05-30T07:45:59.001Z</time></trkpt><trkpt lat="53.53087" lon="49.02677"><time>2025-05-30T07:46:01.001Z</time></trkpt><trkpt lat="53.530846" lon="49.026854"><time>2025-05-30T07:46:03.001Z</time></trkpt><trkpt lat="53.530818" lon="49.026937"><time>2025-05-30T07:46:05.001Z</time></trkpt><trkpt lat="53.530772" lon="49.026992"><time>2025-05-30T07:46:07.001Z</time></trkpt><trkpt lat="53.530724" lon="49.027025"><time>2025-05-30T07:46:09.001Z</time></trkpt><trkpt lat="53.530648" lon="49.027029"><time>2025-05-30T07:46:33.001Z</time></trkpt><trkpt lat="53.530559" lon="49.027108"><time>2025-05-30T08:06:14.002Z</time></trkpt><trkpt lat="53.530642" lon="49.027102"><time>2025-05-30T08:07:04.001Z</time></trkpt><trkpt lat="53.530636" lon="49.027125"><time>2025-05-30T08:07:36.002Z</time></trkpt><trkpt lat="53.530641" lon="49.027205"><time>2025-05-30T08:07:41.002Z</time></trkpt><trkpt lat="53.530627" lon="49.027293"><time>2025-05-30T08:07:45.002Z</time></trkpt><trkpt lat="53.530587" lon="49.027373"><time>2025-05-30T08:07:47.002Z</time></trkpt><trkpt lat="53.53052" lon="49.027408"><time>2025-05-30T08:07:49.002Z</time></trkpt><trkpt lat="53.530431" lon="49.027403"><time>2025-05-30T08:07:51.002Z</time></trkpt><trkpt lat="53.53033" lon="49.02741"><time>2025-05-30T08:07:53.002Z</time></trkpt><trkpt lat="53.530241" lon="49.027473"><time>2025-05-30T08:07:55.002Z</time></trkpt><trkpt lat="53.530178" lon="49.027588"><time>2025-05-30T08:07:57.002Z</time></trkpt><trkpt lat="53.530132" lon="49.027707"><time>2025-05-30T08:07:59.002Z</time></trkpt><trkpt lat="53.530083" lon="49.027806"><time>2025-05-30T08:08:01.002Z</time></trkpt><trkpt lat="53.53003" lon="49.027902"><time>2025-05-30T08:08:03.002Z</time></trkpt><trkpt lat="53.529984" lon="49.028008"><time>2025-05-30T08:08:05.002Z</time></trkpt><trkpt lat="53.529946" lon="49.028114"><time>2025-05-30T08:08:07.002Z</time></trkpt><trkpt lat="53.529906" lon="49.028205"><time>2025-05-30T08:08:09.002Z</time></trkpt><trkpt lat="53.529857" lon="49.028281"><time>2025-05-30T08:08:11.002Z</time></trkpt><trkpt lat="53.529798" lon="49.02835"><time>2025-05-30T08:08:13.002Z</time></trkpt><trkpt lat="53.529713" lon="49.028491"><time>2025-05-30T08:08:15.002Z</time></trkpt><trkpt lat="53.529634" lon="49.028646"><time>2025-05-30T08:08:20.002Z</time></trkpt><trkpt lat="53.529572" lon="49.028814"><time>2025-05-30T08:08:22.002Z</time></trkpt><trkpt lat="53.529546" lon="49.028927"><time>2025-05-30T08:08:24.002Z</time></trkpt><trkpt lat="53.529528" lon="49.029047"><time>2025-05-30T08:08:26.002Z</time></trkpt><trkpt lat="53.529511" lon="49.029166"><time>2025-05-30T08:08:28.002Z</time></trkpt><trkpt lat="53.529498" lon="49.029281"><time>2025-05-30T08:08:30.002Z</time></trkpt><trkpt lat="53.529488" lon="49.029392"><time>2025-05-30T08:08:32.001Z</time></trkpt><trkpt lat="53.529474" lon="49.029504"><time>2025-05-30T08:08:34.002Z</time></trkpt><trkpt lat="53.52944" lon="49.029611"><time>2025-05-30T08:08:36.002Z</time></trkpt><trkpt lat="53.529382" lon="49.029701"><time>2025-05-30T08:08:38.002Z</time></trkpt><trkpt lat="53.529308" lon="49.02978"><time>2025-05-30T08:08:40.002Z</time></trkpt><trkpt lat="53.529239" lon="49.02986"><time>2025-05-30T08:08:42.002Z</time></trkpt><trkpt lat="53.529182" lon="49.029948"><time>2025-05-30T08:08:44.002Z</time></trkpt><trkpt lat="53.529135" lon="49.030043"><time>2025-05-30T08:08:46.002Z</time></trkpt><trkpt lat="53.529091" lon="49.030142"><time>2025-05-30T08:08:48.002Z</time></trkpt><trkpt lat="53.529058" lon="49.030254"><time>2025-05-30T08:08:50.002Z</time></trkpt><trkpt lat="53.529035" lon="49.030367"><time>2025-05-30T08:08:52.002Z</time></trkpt><trkpt lat="53.529015" lon="49.030471"><time>2025-05-30T08:08:54.002Z</time></trkpt><trkpt lat="53.528996" lon="49.030559"><time>2025-05-30T08:08:56.002Z</time></trkpt><trkpt lat="53.528983" lon="49.030635"><time>2025-05-30T08:08:58.002Z</time></trkpt><trkpt lat="53.528978" lon="49.030696"><time>2025-05-30T08:09:00.001Z</time></trkpt><trkpt lat="53.528977" lon="49.03077"><time>2025-05-30T08:09:02.002Z</time></trkpt><trkpt lat="53.52897" lon="49.030856"><time>2025-05-30T08:09:06.002Z</time></trkpt><trkpt lat="53.528964" lon="49.030967"><time>2025-05-30T08:09:08.002Z</time></trkpt><trkpt lat="53.528963" lon="49.03108"><time>2025-05-30T08:09:10.002Z</time></trkpt><trkpt lat="53.52897" lon="49.031192"><time>2025-05-30T08:09:12.002Z</time></trkpt><trkpt lat="53.528985" lon="49.031292"><time>2025-05-30T08:09:14.002Z</time></trkpt><trkpt lat="53.529" lon="49.031383"><time>2025-05-30T08:09:16.002Z</time></trkpt><trkpt lat="53.529012" lon="49.031476"><time>2025-05-30T08:09:18.002Z</time></trkpt><trkpt lat="53.52902" lon="49.031589"><time>2025-05-30T08:09:20.002Z</time></trkpt><trkpt lat="53.529022" lon="49.031717"><time>2025-05-30T08:09:22.002Z</time></trkpt><trkpt lat="53.52902" lon="49.031846"><time>2025-05-30T08:09:24.002Z</time></trkpt><trkpt lat="53.529024" lon="49.031967"><time>2025-05-30T08:09:26.002Z</time></trkpt><trkpt lat="53.529033" lon="49.032082"><time>2025-05-30T08:09:28.002Z</time></trkpt><trkpt lat="53.529041" lon="49.032205"><time>2025-05-30T08:09:30.002Z</time></trkpt><trkpt lat="53.529041" lon="49.032332"><time>2025-05-30T08:09:32.001Z</time></trkpt><trkpt lat="53.52904" lon="49.032457"><time>2025-05-30T08:09:34.002Z</time></trkpt><trkpt lat="53.529039" lon="49.032602"><time>2025-05-30T08:09:36.002Z</time></trkpt><trkpt lat="53.529037" lon="49.032745"><time>2025-05-30T08:09:39.002Z</time></trkpt><trkpt lat="53.529031" lon="49.032887"><time>2025-05-30T08:09:41.002Z</time></trkpt><trkpt lat="53.529022" lon="49.033001"><time>2025-05-30T08:09:43.002Z</time></trkpt><trkpt lat="53.529015" lon="49.033118"><time>2025-05-30T08:09:45.002Z</time></trkpt><trkpt lat="53.529013" lon="49.033244"><time>2025-05-30T08:09:47.002Z</time></trkpt><trkpt lat="53.529016" lon="49.033376"><time>2025-05-30T08:09:49.002Z</time></trkpt><trkpt lat="53.529025" lon="49.033507"><time>2025-05-30T08:09:51.002Z</time></trkpt><trkpt lat="53.529036" lon="49.033634"><time>2025-05-30T08:09:53.002Z</time></trkpt><trkpt lat="53.529047" lon="49.033758"><time>2025-05-30T08:09:55.002Z</time></trkpt><trkpt lat="53.529055" lon="49.033879"><time>2025-05-30T08:09:57.002Z</time></trkpt><trkpt lat="53.529059" lon="49.034018"><time>2025-05-30T08:09:59.002Z</time></trkpt><trkpt lat="53.529034" lon="49.034227"><time>2025-05-30T08:10:02.002Z</time></trkpt><trkpt lat="53.528995" lon="49.034442"><time>2025-05-30T08:10:06.002Z</time></trkpt><trkpt lat="53.528951" lon="49.034638"><time>2025-05-30T08:10:08.002Z</time></trkpt><trkpt lat="53.528939" lon="49.034756"><time>2025-05-30T08:10:10.002Z</time></trkpt><trkpt lat="53.528938" lon="49.034864"><time>2025-05-30T08:10:12.002Z</time></trkpt><trkpt lat="53.528945" lon="49.034965"><time>2025-05-30T08:10:14.002Z</time></trkpt><trkpt lat="53.528948" lon="49.035063"><time>2025-05-30T08:10:16.002Z</time></trkpt><trkpt lat="53.528952" lon="49.03516"><time>2025-05-30T08:10:18.002Z</time></trkpt><trkpt lat="53.528958" lon="49.035251"><time>2025-05-30T08:10:20.002Z</time></trkpt><trkpt lat="53.528967" lon="49.035341"><time>2025-05-30T08:10:22.002Z</time></trkpt><trkpt lat="53.52897" lon="49.035438"><time>2025-05-30T08:10:24.002Z</time></trkpt><trkpt lat="53.528982" lon="49.035552"><time>2025-05-30T08:10:26.002Z</time></trkpt><trkpt lat="53.528997" lon="49.035673"><time>2025-05-30T08:10:28.002Z</time></trkpt><trkpt lat="53.52904" lon="49.035793"><time>2025-05-30T08:10:30.002Z</time></trkpt><trkpt lat="53.529071" lon="49.0359"><time>2025-05-30T08:10:33.002Z</time></trkpt><trkpt lat="53.529096" lon="49.036007"><time>2025-05-30T08:10:35.002Z</time></trkpt><trkpt lat="53.529091" lon="49.036124"><time>2025-05-30T08:10:37.002Z</time></trkpt><trkpt lat="53.529086" lon="49.036252"><time>2025-05-30T08:10:39.002Z</time></trkpt><trkpt lat="53.529081" lon="49.036392"><time>2025-05-30T08:10:41.002Z</time></trkpt><trkpt lat="53.529078" lon="49.036527"><time>2025-05-30T08:10:43.002Z</time></trkpt><trkpt lat="53.529076" lon="49.036648"><time>2025-05-30T08:10:45.002Z</time></trkpt><trkpt lat="53.529073" lon="49.036755"><time>2025-05-30T08:10:47.002Z</time></trkpt><trkpt lat="53.529072" lon="49.036862"><time>2025-05-30T08:10:49.002Z</time></trkpt><trkpt lat="53.52907" lon="49.036979"><time>2025-05-30T08:10:51.002Z</time></trkpt><trkpt lat="53.529064" lon="49.037097"><time>2025-05-30T08:10:53.002Z</time></trkpt><trkpt lat="53.529055" lon="49.037206"><time>2025-05-30T08:10:55.002Z</time></trkpt><trkpt lat="53.529046" lon="49.037307"><time>2025-05-30T08:10:57.002Z</time></trkpt><trkpt lat="53.529041" lon="49.0374"><time>2025-05-30T08:10:59.002Z</time></trkpt><trkpt lat="53.52904" lon="49.037496"><time>2025-05-30T08:11:01.002Z</time></trkpt><trkpt lat="53.529033" lon="49.037621"><time>2025-05-30T08:11:03.002Z</time></trkpt><trkpt lat="53.529019" lon="49.037756"><time>2025-05-30T08:11:05.002Z</time></trkpt><trkpt lat="53.529006" lon="49.037894"><time>2025-05-30T08:11:07.002Z</time></trkpt><trkpt lat="53.529004" lon="49.037996"><time>2025-05-30T08:11:10.002Z</time></trkpt><trkpt lat="53.529012" lon="49.038092"><time>2025-05-30T08:11:12.002Z</time></trkpt><trkpt lat="53.529019" lon="49.038189"><time>2025-05-30T08:11:14.002Z</time></trkpt><trkpt lat="53.529029" lon="49.038311"><time>2025-05-30T08:11:16.002Z</time></trkpt><trkpt lat="53.529038" lon="49.038448"><time>2025-05-30T08:11:18.002Z</time></trkpt><trkpt lat="53.529041" lon="49.038581"><time>2025-05-30T08:11:20.002Z</time></trkpt><trkpt lat="53.529035" lon="49.038696"><time>2025-05-30T08:11:22.002Z</time></trkpt><trkpt lat="53.529031" lon="49.038792"><time>2025-05-30T08:11:24.002Z</time></trkpt><trkpt lat="53.529033" lon="49.038881"><time>2025-05-30T08:11:26.002Z</time></trkpt><trkpt lat="53.529037" lon="49.039028"><time>2025-05-30T08:11:28.002Z</time></trkpt><trkpt lat="53.529046" lon="49.039197"><time>2025-05-30T08:11:32.001Z</time></trkpt><trkpt lat="53.529054" lon="49.039372"><time>2025-05-30T08:11:34.002Z</time></trkpt><trkpt lat="53.529045" lon="49.039498"><time>2025-05-30T08:11:36.002Z</time></trkpt><trkpt lat="53.529055" lon="49.039567"><time>2025-05-30T08:11:38.002Z</time></trkpt><trkpt lat="53.529064" lon="49.039625"><time>2025-05-30T08:11:40.002Z</time></trkpt><trkpt lat="53.52909" lon="49.039674"><time>2025-05-30T08:11:42.002Z</time></trkpt><trkpt lat="53.529078" lon="49.039797"><time>2025-05-30T08:11:44.002Z</time></trkpt><trkpt lat="53.529067" lon="49.039964"><time>2025-05-30T08:11:46.002Z</time></trkpt><trkpt lat="53.529056" lon="49.040174"><time>2025-05-30T08:11:48.002Z</time></trkpt><trkpt lat="53.529059" lon="49.040384"><time>2025-05-30T08:11:50.002Z</time></trkpt><trkpt lat="53.529062" lon="49.040579"><time>2025-05-30T08:11:52.002Z</time></trkpt><trkpt lat="53.52907" lon="49.040741"><time>2025-05-30T08:11:54.002Z</time></trkpt><trkpt lat="53.529078" lon="49.040872"><time>2025-05-30T08:11:56.002Z</time></trkpt><trkpt lat="53.529084" lon="49.040976"><time>2025-05-30T08:11:58.002Z</time></trkpt><trkpt lat="53.529089" lon="49.04106"><time>2025-05-30T08:12:00.001Z</time></trkpt><trkpt lat="53.529091" lon="49.041131"><time>2025-05-30T08:12:02.002Z</time></trkpt><trkpt lat="53.529082" lon="49.041214"><time>2025-05-30T08:12:04.001Z</time></trkpt><trkpt lat="53.529073" lon="49.041296"><time>2025-05-30T08:12:06.002Z</time></trkpt><trkpt lat="53.529065" lon="49.041375"><time>2025-05-30T08:12:08.002Z</time></trkpt><trkpt lat="53.529068" lon="49.041434"><time>2025-05-30T08:12:10.002Z</time></trkpt><trkpt lat="53.529069" lon="49.041494"><time>2025-05-30T08:12:12.002Z</time></trkpt><trkpt lat="53.52907" lon="49.041551"><time>2025-05-30T08:12:14.002Z</time></trkpt><trkpt lat="53.529073" lon="49.041607"><time>2025-05-30T08:12:16.002Z</time></trkpt><trkpt lat="53.529075" lon="49.041675"><time>2025-05-30T08:12:18.002Z</time></trkpt><trkpt lat="53.529076" lon="49.041781"><time>2025-05-30T08:12:20.002Z</time></trkpt><trkpt lat="53.529073" lon="49.041944"><time>2025-05-30T08:12:22.002Z</time></trkpt><trkpt lat="53.529072" lon="49.042134"><time>2025-05-30T08:12:24.002Z</time></trkpt><trkpt lat="53.529071" lon="49.042311"><time>2025-05-30T08:12:26.002Z</time></trkpt><trkpt lat="53.529069" lon="49.04246"><time>2025-05-30T08:12:28.002Z</time></trkpt><trkpt lat="53.529059" lon="49.042593"><time>2025-05-30T08:12:34.002Z</time></trkpt><trkpt lat="53.529041" lon="49.042702"><time>2025-05-30T08:12:38.002Z</time></trkpt><trkpt lat="53.529024" lon="49.042783"><time>2025-05-30T08:12:40.002Z</time></trkpt><trkpt lat="53.529015" lon="49.042851"><time>2025-05-30T08:12:42.002Z</time></trkpt><trkpt lat="53.529013" lon="49.042928"><time>2025-05-30T08:12:46.002Z</time></trkpt><trkpt lat="53.529014" lon="49.043005"><time>2025-05-30T08:12:50.002Z</time></trkpt><trkpt lat="53.529015" lon="49.043067"><time>2025-05-30T08:12:52.002Z</time></trkpt><trkpt lat="53.529019" lon="49.04313"><time>2025-05-30T08:12:54.002Z</time></trkpt><trkpt lat="53.529033" lon="49.043197"><time>2025-05-30T08:12:58.002Z</time></trkpt><trkpt lat="53.529051" lon="49.043264"><time>2025-05-30T08:13:02.002Z</time></trkpt><trkpt lat="53.529068" lon="49.04332"><time>2025-05-30T08:13:04.001Z</time></trkpt><trkpt lat="53.52908" lon="49.043376"><time>2025-05-30T08:13:06.002Z</time></trkpt><trkpt lat="53.52909" lon="49.043438"><time>2025-05-30T08:13:08.002Z</time></trkpt><trkpt lat="53.529098" lon="49.043501"><time>2025-05-30T08:13:10.002Z</time></trkpt><trkpt lat="53.529101" lon="49.043557"><time>2025-05-30T08:13:12.002Z</time></trkpt><trkpt lat="53.529099" lon="49.043607"><time>2025-05-30T08:13:14.002Z</time></trkpt><trkpt lat="53.529092" lon="49.043669"><time>2025-05-30T08:13:16.002Z</time></trkpt><trkpt lat="53.529083" lon="49.043739"><time>2025-05-30T08:13:20.002Z</time></trkpt><trkpt lat="53.529074" lon="49.043827"><time>2025-05-30T08:13:22.002Z</time></trkpt><trkpt lat="53.529065" lon="49.043918"><time>2025-05-30T08:13:24.002Z</time></trkpt><trkpt lat="53.529056" lon="49.044023"><time>2025-05-30T08:13:26.002Z</time></trkpt><trkpt lat="53.529049" lon="49.044131"><time>2025-05-30T08:13:28.002Z</time></trkpt><trkpt lat="53.529044" lon="49.044232"><time>2025-05-30T08:13:30.002Z</time></trkpt><trkpt lat="53.52904" lon="49.044335"><time>2025-05-30T08:13:32.001Z</time></trkpt><trkpt lat="53.529036" lon="49.044444"><time>2025-05-30T08:13:34.002Z</time></trkpt><trkpt lat="53.529033" lon="49.044572"><time>2025-05-30T08:13:36.002Z</time></trkpt><trkpt lat="53.529034" lon="49.044711"><time>2025-05-30T08:13:38.002Z</time></trkpt><trkpt lat="53.529043" lon="49.044864"><time>2025-05-30T08:13:40.002Z</time></trkpt><trkpt lat="53.529054" lon="49.045024"><time>2025-05-30T08:13:42.002Z</time></trkpt><trkpt lat="53.529066" lon="49.045173"><time>2025-05-30T08:13:44.002Z</time></trkpt><trkpt lat="53.529077" lon="49.045321"><time>2025-05-30T08:13:46.002Z</time></trkpt><trkpt lat="53.529089" lon="49.045433"><time>2025-05-30T08:13:52.002Z</time></trkpt><trkpt lat="53.529077" lon="49.045577"><time>2025-05-30T08:13:54.002Z</time></trkpt><trkpt lat="53.52906" lon="49.045693"><time>2025-05-30T08:14:00.001Z</time></trkpt><trkpt lat="53.529035" lon="49.045806"><time>2025-05-30T08:14:04.001Z</time></trkpt><trkpt lat="53.52903" lon="49.045862"><time>2025-05-30T08:14:06.002Z</time></trkpt><trkpt lat="53.529029" lon="49.04592"><time>2025-05-30T08:14:10.002Z</time></trkpt><trkpt lat="53.529032" lon="49.045993"><time>2025-05-30T08:14:14.002Z</time></trkpt><trkpt lat="53.529039" lon="49.046097"><time>2025-05-30T08:14:16.002Z</time></trkpt><trkpt lat="53.529045" lon="49.046247"><time>2025-05-30T08:14:18.002Z</time></trkpt><trkpt lat="53.529056" lon="49.046437"><time>2025-05-30T08:14:20.002Z</time></trkpt><trkpt lat="53.52907" lon="49.046649"><time>2025-05-30T08:14:22.002Z</time></trkpt><trkpt lat="53.529087" lon="49.046857"><time>2025-05-30T08:14:24.002Z</time></trkpt><trkpt lat="53.529099" lon="49.047134"><time>2025-05-30T08:14:26.002Z</time></trkpt><trkpt lat="53.529105" lon="49.047367"><time>2025-05-30T08:14:35.002Z</time></trkpt><trkpt lat="53.529102" lon="49.047567"><time>2025-05-30T08:14:37.002Z</time></trkpt><trkpt lat="53.529096" lon="49.047657"><time>2025-05-30T08:14:39.002Z</time></trkpt><trkpt lat="53.52909" lon="49.047753"><time>2025-05-30T08:14:41.002Z</time></trkpt><trkpt lat="53.529085" lon="49.047856"><time>2025-05-30T08:14:43.002Z</time></trkpt><trkpt lat="53.529085" lon="49.047967"><time>2025-05-30T08:14:45.002Z</time></trkpt><trkpt lat="53.529082" lon="49.048085"><time>2025-05-30T08:14:47.002Z</time></trkpt><trkpt lat="53.529077" lon="49.0482"><time>2025-05-30T08:14:49.002Z</time></trkpt><trkpt lat="53.529069" lon="49.048304"><time>2025-05-30T08:14:51.002Z</time></trkpt><trkpt lat="53.52906" lon="49.048393"><time>2025-05-30T08:14:53.002Z</time></trkpt><trkpt lat="53.52905" lon="49.048468"><time>2025-05-30T08:14:55.002Z</time></trkpt><trkpt lat="53.529043" lon="49.048539"><time>2025-05-30T08:14:57.002Z</time></trkpt><trkpt lat="53.529043" lon="49.048615"><time>2025-05-30T08:14:59.002Z</time></trkpt><trkpt lat="53.529049" lon="49.048703"><time>2025-05-30T08:15:01.002Z</time></trkpt><trkpt lat="53.529053" lon="49.048793"><time>2025-05-30T08:15:03.002Z</time></trkpt><trkpt lat="53.529051" lon="49.048881"><time>2025-05-30T08:15:05.002Z</time></trkpt><trkpt lat="53.52904" lon="49.048958"><time>2025-05-30T08:15:07.002Z</time></trkpt><trkpt lat="53.529025" lon="49.049033"><time>2025-05-30T08:15:09.002Z</time></trkpt><trkpt lat="53.529004" lon="49.049106"><time>2025-05-30T08:15:11.002Z</time></trkpt><trkpt lat="53.528988" lon="49.049178"><time>2025-05-30T08:15:13.002Z</time></trkpt><trkpt lat="53.528977" lon="49.049256"><time>2025-05-30T08:15:15.002Z</time></trkpt><trkpt lat="53.528973" lon="49.049334"><time>2025-05-30T08:15:17.002Z</time></trkpt><trkpt lat="53.528975" lon="49.049415"><time>2025-05-30T08:15:19.002Z</time></trkpt><trkpt lat="53.528974" lon="49.049492"><time>2025-05-30T08:15:21.002Z</time></trkpt><trkpt lat="53.528973" lon="49.049571"><time>2025-05-30T08:15:23.002Z</time></trkpt><trkpt lat="53.528974" lon="49.049652"><time>2025-05-30T08:15:25.002Z</time></trkpt><trkpt lat="53.528976" lon="49.049736"><time>2025-05-30T08:15:27.002Z</time></trkpt><trkpt lat="53.528978" lon="49.049824"><time>2025-05-30T08:15:29.002Z</time></trkpt><trkpt lat="53.528982" lon="49.049912"><time>2025-05-30T08:15:31.002Z</time></trkpt><trkpt lat="53.52899" lon="49.05"><time>2025-05-30T08:15:33.002Z</time></trkpt><trkpt lat="53.529005" lon="49.050088"><time>2025-05-30T08:15:35.002Z</time></trkpt><trkpt lat="53.529022" lon="49.05018"><time>2025-05-30T08:15:37.002Z</time></trkpt><trkpt lat="53.529034" lon="49.050272"><time>2025-05-30T08:15:39.002Z</time></trkpt><trkpt lat="53.529041" lon="49.050365"><time>2025-05-30T08:15:41.002Z</time></trkpt><trkpt lat="53.529049" lon="49.050466"><time>2025-05-30T08:15:43.002Z</time></trkpt><trkpt lat="53.529055" lon="49.050577"><time>2025-05-30T08:15:45.002Z</time></trkpt><trkpt lat="53.529059" lon="49.050696"><time>2025-05-30T08:15:47.002Z</time></trkpt><trkpt lat="53.529061" lon="49.050821"><time>2025-05-30T08:15:49.002Z</time></trkpt><trkpt lat="53.529069" lon="49.050954"><time>2025-05-30T08:15:51.002Z</time></trkpt><trkpt lat="53.529084" lon="49.051089"><time>2025-05-30T08:15:53.002Z</time></trkpt><trkpt lat="53.529099" lon="49.051222"><time>2025-05-30T08:15:55.002Z</time></trkpt><trkpt lat="53.529109" lon="49.051352"><time>2025-05-30T08:15:57.002Z</time></trkpt><trkpt lat="53.529118" lon="49.051478"><time>2025-05-30T08:15:59.002Z</time></trkpt><trkpt lat="53.529127" lon="49.0516"><time>2025-05-30T08:16:01.002Z</time></trkpt><trkpt lat="53.529134" lon="49.051709"><time>2025-05-30T08:16:03.002Z</time></trkpt><trkpt lat="53.529133" lon="49.051815"><time>2025-05-30T08:16:05.002Z</time></trkpt><trkpt lat="53.529125" lon="49.051925"><time>2025-05-30T08:16:07.002Z</time></trkpt><trkpt lat="53.529117" lon="49.052047"><time>2025-05-30T08:16:09.002Z</time></trkpt><trkpt lat="53.529104" lon="49.052181"><time>2025-05-30T08:16:11.002Z</time></trkpt><trkpt lat="53.529087" lon="49.052327"><time>2025-05-30T08:16:13.002Z</time></trkpt><trkpt lat="53.529071" lon="49.052476"><time>2025-05-30T08:16:15.002Z</time></trkpt><trkpt lat="53.529061" lon="49.05262"><time>2025-05-30T08:16:17.002Z</time></trkpt><trkpt lat="53.529056" lon="49.052761"><time>2025-05-30T08:16:19.002Z</time></trkpt><trkpt lat="53.529054" lon="49.052905"><time>2025-05-30T08:16:21.002Z</time></trkpt><trkpt lat="53.529053" lon="49.053053"><time>2025-05-30T08:16:23.002Z</time></trkpt><trkpt lat="53.529054" lon="49.05319"><time>2025-05-30T08:16:25.002Z</time></trkpt><trkpt lat="53.529056" lon="49.053319"><time>2025-05-30T08:16:27.002Z</time></trkpt><trkpt lat="53.529053" lon="49.053441"><time>2025-05-30T08:16:29.002Z</time></trkpt><trkpt lat="53.529044" lon="49.053572"><time>2025-05-30T08:16:31.002Z</time></trkpt><trkpt lat="53.529028" lon="49.053703"><time>2025-05-30T08:16:33.002Z</time></trkpt><trkpt lat="53.529027" lon="49.053801"><time>2025-05-30T08:16:35.002Z</time></trkpt><trkpt lat="53.529027" lon="49.05389"><time>2025-05-30T08:16:37.002Z</time></trkpt><trkpt lat="53.52903" lon="49.053973"><time>2025-05-30T08:16:40.002Z</time></trkpt><trkpt lat="53.529026" lon="49.054093"><time>2025-05-30T08:16:42.002Z</time></trkpt><trkpt lat="53.52903" lon="49.054217"><time>2025-05-30T08:16:44.002Z</time></trkpt><trkpt lat="53.529038" lon="49.054341"><time>2025-05-30T08:16:46.002Z</time></trkpt><trkpt lat="53.529043" lon="49.05446"><time>2025-05-30T08:16:48.002Z</time></trkpt><trkpt lat="53.529044" lon="49.05457"><time>2025-05-30T08:16:50.002Z</time></trkpt><trkpt lat="53.52904" lon="49.054673"><time>2025-05-30T08:16:52.002Z</time></trkpt><trkpt lat="53.529036" lon="49.054774"><time>2025-05-30T08:16:54.002Z</time></trkpt><trkpt lat="53.529035" lon="49.054885"><time>2025-05-30T08:16:56.002Z</time></trkpt><trkpt lat="53.529041" lon="49.054998"><time>2025-05-30T08:16:58.002Z</time></trkpt><trkpt lat="53.529054" lon="49.055107"><time>2025-05-30T08:17:00.001Z</time></trkpt><trkpt lat="53.529067" lon="49.05521"><time>2025-05-30T08:17:02.002Z</time></trkpt><trkpt lat="53.529075" lon="49.055319"><time>2025-05-30T08:17:04.001Z</time></trkpt><trkpt lat="53.529074" lon="49.055441"><time>2025-05-30T08:17:06.002Z</time></trkpt><trkpt lat="53.529065" lon="49.055563"><time>2025-05-30T08:17:08.002Z</time></trkpt><trkpt lat="53.529054" lon="49.055677"><time>2025-05-30T08:17:10.002Z</time></trkpt><trkpt lat="53.529048" lon="49.055779"><time>2025-05-30T08:17:12.002Z</time></trkpt><trkpt lat="53.529051" lon="49.05588"><time>2025-05-30T08:17:14.002Z</time></trkpt><trkpt lat="53.529061" lon="49.05598"><time>2025-05-30T08:17:16.002Z</time></trkpt><trkpt lat="53.529072" lon="49.056083"><time>2025-05-30T08:17:18.002Z</time></trkpt><trkpt lat="53.529079" lon="49.056196"><time>2025-05-30T08:17:20.002Z</time></trkpt><trkpt lat="53.529076" lon="49.056318"><time>2025-05-30T08:17:22.002Z</time></trkpt><trkpt lat="53.529067" lon="49.05645"><time>2025-05-30T08:17:24.002Z</time></trkpt><trkpt lat="53.529065" lon="49.056598"><time>2025-05-30T08:17:26.002Z</time></trkpt><trkpt lat="53.529072" lon="49.05676"><time>2025-05-30T08:17:28.002Z</time></trkpt><trkpt lat="53.52908" lon="49.056928"><time>2025-05-30T08:17:30.002Z</time></trkpt><trkpt lat="53.529082" lon="49.057069"><time>2025-05-30T08:17:32.001Z</time></trkpt><trkpt lat="53.529076" lon="49.057184"><time>2025-05-30T08:17:34.002Z</time></trkpt><trkpt lat="53.529066" lon="49.057279"><time>2025-05-30T08:17:36.002Z</time></trkpt><trkpt lat="53.52906" lon="49.05737"><time>2025-05-30T08:17:38.002Z</time></trkpt><trkpt lat="53.529059" lon="49.057471"><time>2025-05-30T08:17:40.002Z</time></trkpt><trkpt lat="53.529064" lon="49.057578"><time>2025-05-30T08:17:42.002Z</time></trkpt><trkpt lat="53.529066" lon="49.057691"><time>2025-05-30T08:17:44.002Z</time></trkpt><trkpt lat="53.529068" lon="49.057802"><time>2025-05-30T08:17:46.002Z</time></trkpt><trkpt lat="53.529052" lon="49.057954"><time>2025-05-30T08:17:48.002Z</time></trkpt><trkpt lat="53.52904" lon="49.058092"><time>2025-05-30T08:17:52.002Z</time></trkpt><trkpt lat="53.529029" lon="49.05823"><time>2025-05-30T08:17:54.002Z</time></trkpt><trkpt lat="53.529038" lon="49.058341"><time>2025-05-30T08:17:56.002Z</time></trkpt><trkpt lat="53.529044" lon="49.058479"><time>2025-05-30T08:17:58.002Z</time></trkpt><trkpt lat="53.529049" lon="49.058645"><time>2025-05-30T08:18:00.001Z</time></trkpt><trkpt lat="53.529049" lon="49.058791"><time>2025-05-30T08:18:03.002Z</time></trkpt><trkpt lat="53.529045" lon="49.058907"><time>2025-05-30T08:18:05.002Z</time></trkpt><trkpt lat="53.529034" lon="49.05898"><time>2025-05-30T08:18:07.002Z</time></trkpt><trkpt lat="53.529025" lon="49.059048"><time>2025-05-30T08:18:09.002Z</time></trkpt><trkpt lat="53.529021" lon="49.059118"><time>2025-05-30T08:18:11.002Z</time></trkpt><trkpt lat="53.529026" lon="49.059191"><time>2025-05-30T08:18:13.002Z</time></trkpt><trkpt lat="53.529029" lon="49.059266"><time>2025-05-30T08:18:15.002Z</time></trkpt><trkpt lat="53.529029" lon="49.059341"><time>2025-05-30T08:18:17.002Z</time></trkpt><trkpt lat="53.529026" lon="49.059418"><time>2025-05-30T08:18:19.002Z</time></trkpt><trkpt lat="53.529025" lon="49.059491"><time>2025-05-30T08:18:21.002Z</time></trkpt><trkpt lat="53.529027" lon="49.059575"><time>2025-05-30T08:18:23.002Z</time></trkpt><trkpt lat="53.529029" lon="49.059663"><time>2025-05-30T08:18:27.002Z</time></trkpt><trkpt lat="53.529032" lon="49.059754"><time>2025-05-30T08:18:30.002Z</time></trkpt><trkpt lat="53.52903" lon="49.059833"><time>2025-05-30T08:18:32.001Z</time></trkpt><trkpt lat="53.529027" lon="49.059909"><time>2025-05-30T08:18:34.002Z</time></trkpt><trkpt lat="53.529028" lon="49.059987"><time>2025-05-30T08:18:36.002Z</time></trkpt><trkpt lat="53.529035" lon="49.060061"><time>2025-05-30T08:18:38.002Z</time></trkpt><trkpt lat="53.529043" lon="49.06013"><time>2025-05-30T08:18:40.002Z</time></trkpt><trkpt lat="53.529045" lon="49.060205"><time>2025-05-30T08:18:42.002Z</time></trkpt><trkpt lat="53.529042" lon="49.06029"><time>2025-05-30T08:18:44.002Z</time></trkpt><trkpt lat="53.529036" lon="49.060379"><time>2025-05-30T08:18:46.002Z</time></trkpt><trkpt lat="53.52903" lon="49.060461"><time>2025-05-30T08:18:48.002Z</time></trkpt><trkpt lat="53.529025" lon="49.060536"><time>2025-05-30T08:18:50.002Z</time></trkpt><trkpt lat="53.529025" lon="49.060603"><time>2025-05-30T08:18:52.002Z</time></trkpt><trkpt lat="53.529027" lon="49.060674"><time>2025-05-30T08:18:54.002Z</time></trkpt><trkpt lat="53.529033" lon="49.060756"><time>2025-05-30T08:18:56.002Z</time></trkpt><trkpt lat="53.529039" lon="49.060861"><time>2025-05-30T08:18:58.002Z</time></trkpt><trkpt lat="53.529041" lon="49.060993"><time>2025-05-30T08:19:00.001Z</time></trkpt><trkpt lat="53.52904" lon="49.06116"><time>2025-05-30T08:19:02.002Z</time></trkpt><trkpt lat="53.529033" lon="49.061359"><time>2025-05-30T08:19:04.001Z</time></trkpt><trkpt lat="53.529031" lon="49.061565"><time>2025-05-30T08:19:06.002Z</time></trkpt><trkpt lat="53.529036" lon="49.061756"><time>2025-05-30T08:19:08.002Z</time></trkpt><trkpt lat="53.52905" lon="49.061923"><time>2025-05-30T08:19:10.002Z</time></trkpt><trkpt lat="53.529062" lon="49.062066"><time>2025-05-30T08:19:12.002Z</time></trkpt><trkpt lat="53.529065" lon="49.062187"><time>2025-05-30T08:19:14.002Z</time></trkpt><trkpt lat="53.529061" lon="49.062293"><time>2025-05-30T08:19:16.002Z</time></trkpt><trkpt lat="53.529058" lon="49.062396"><time>2025-05-30T08:19:18.002Z</time></trkpt><trkpt lat="53.529059" lon="49.06251"><time>2025-05-30T08:19:20.002Z</time></trkpt><trkpt lat="53.529062" lon="49.062635"><time>2025-05-30T08:19:22.002Z</time></trkpt><trkpt lat="53.529063" lon="49.062768"><time>2025-05-30T08:19:24.002Z</time></trkpt><trkpt lat="53.529065" lon="49.062892"><time>2025-05-30T08:19:26.002Z</time></trkpt><trkpt lat="53.529065" lon="49.063011"><time>2025-05-30T08:19:28.002Z</time></trkpt><trkpt lat="53.529065" lon="49.063126"><time>2025-05-30T08:19:30.002Z</time></trkpt><trkpt lat="53.529066" lon="49.063238"><time>2025-05-30T08:19:32.001Z</time></trkpt><trkpt lat="53.529067" lon="49.06334"><time>2025-05-30T08:19:34.002Z</time></trkpt><trkpt lat="53.529068" lon="49.063433"><time>2025-05-30T08:19:36.002Z</time></trkpt><trkpt lat="53.529062" lon="49.063519"><time>2025-05-30T08:19:38.002Z</time></trkpt><trkpt lat="53.529057" lon="49.063609"><time>2025-05-30T08:19:40.002Z</time></trkpt><trkpt lat="53.529055" lon="49.063706"><time>2025-05-30T08:19:42.002Z</time></trkpt><trkpt lat="53.529061" lon="49.063811"><time>2025-05-30T08:19:44.002Z</time></trkpt><trkpt lat="53.529072" lon="49.063912"><time>2025-05-30T08:19:46.002Z</time></trkpt><trkpt lat="53.529071" lon="49.064021"><time>2025-05-30T08:19:48.002Z</time></trkpt><trkpt lat="53.529065" lon="49.06413"><time>2025-05-30T08:19:50.002Z</time></trkpt><trkpt lat="53.52905" lon="49.064247"><time>2025-05-30T08:19:52.003Z</time></trkpt><trkpt lat="53.52904" lon="49.064351"><time>2025-05-30T08:19:55.000Z</time></trkpt><trkpt lat="53.529034" lon="49.064454"><time>2025-05-30T08:19:57.000Z</time></trkpt><trkpt lat="53.529027" lon="49.064547"><time>2025-05-30T08:19:59.000Z</time></trkpt><trkpt lat="53.529023" lon="49.064635"><time>2025-05-30T08:20:01.000Z</time></trkpt><trkpt lat="53.529023" lon="49.064709"><time>2025-05-30T08:20:03.000Z</time></trkpt><trkpt lat="53.529023" lon="49.064852"><time>2025-05-30T08:20:05.000Z</time></trkpt><trkpt lat="53.529013" lon="49.064992"><time>2025-05-30T08:20:11.000Z</time></trkpt><trkpt lat="53.52899" lon="49.065128"><time>2025-05-30T08:20:13.000Z</time></trkpt><trkpt lat="53.528956" lon="49.065174"><time>2025-05-30T08:20:15.000Z</time></trkpt><trkpt lat="53.52892" lon="49.065208"><time>2025-05-30T08:20:17.000Z</time></trkpt><trkpt lat="53.528877" lon="49.06524"><time>2025-05-30T08:20:19.000Z</time></trkpt><trkpt lat="53.528827" lon="49.065265"><time>2025-05-30T08:20:21.000Z</time></trkpt><trkpt lat="53.52877" lon="49.06528"><time>2025-05-30T08:20:23.000Z</time></trkpt><trkpt lat="53.528711" lon="49.065288"><time>2025-05-30T08:20:25.000Z</time></trkpt><trkpt lat="53.528653" lon="49.065299"><time>2025-05-30T08:20:27.000Z</time></trkpt><trkpt lat="53.528594" lon="49.06531"><time>2025-05-30T08:20:29.000Z</time></trkpt><trkpt lat="53.528533" lon="49.065319"><time>2025-05-30T08:20:31.000Z</time></trkpt><trkpt lat="53.528451" lon="49.065325"><time>2025-05-30T08:20:33.000Z</time></trkpt><trkpt lat="53.528359" lon="49.065327"><time>2025-05-30T08:20:35.000Z</time></trkpt><trkpt lat="53.528273" lon="49.065328"><time>2025-05-30T08:20:37.000Z</time></trkpt><trkpt lat="53.528207" lon="49.065325"><time>2025-05-30T08:20:39.000Z</time></trkpt><trkpt lat="53.528154" lon="49.065318"><time>2025-05-30T08:20:41.000Z</time></trkpt><trkpt lat="53.528092" lon="49.065308"><time>2025-05-30T08:20:43.000Z</time></trkpt><trkpt lat="53.528023" lon="49.0653"><time>2025-05-30T08:20:45.000Z</time></trkpt><trkpt lat="53.527941" lon="49.065296"><time>2025-05-30T08:20:47.000Z</time></trkpt><trkpt lat="53.527851" lon="49.065297"><time>2025-05-30T08:20:49.000Z</time></trkpt><trkpt lat="53.527755" lon="49.065299"><time>2025-05-30T08:20:51.000Z</time></trkpt><trkpt lat="53.527663" lon="49.0653"><time>2025-05-30T08:20:53.000Z</time></trkpt><trkpt lat="53.527581" lon="49.065295"><time>2025-05-30T08:20:55.000Z</time></trkpt><trkpt lat="53.527509" lon="49.065285"><time>2025-05-30T08:20:57.000Z</time></trkpt><trkpt lat="53.527439" lon="49.065274"><time>2025-05-30T08:20:59.000Z</time></trkpt><trkpt lat="53.527365" lon="49.065263"><time>2025-05-30T08:21:01.000Z</time></trkpt><trkpt lat="53.527288" lon="49.065259"><time>2025-05-30T08:21:03.000Z</time></trkpt><trkpt lat="53.527219" lon="49.065256"><time>2025-05-30T08:21:05.000Z</time></trkpt><trkpt lat="53.527164" lon="49.065252"><time>2025-05-30T08:21:07.000Z</time></trkpt><trkpt lat="53.527044" lon="49.065252"><time>2025-05-30T08:21:09.000Z</time></trkpt><trkpt lat="53.526918" lon="49.065246"><time>2025-05-30T08:21:17.000Z</time></trkpt><trkpt lat="53.526794" lon="49.065242"><time>2025-05-30T08:21:19.000Z</time></trkpt><trkpt lat="53.52674" lon="49.065226"><time>2025-05-30T08:21:21.000Z</time></trkpt><trkpt lat="53.526688" lon="49.065208"><time>2025-05-30T08:21:23.000Z</time></trkpt><trkpt lat="53.526614" lon="49.065202"><time>2025-05-30T08:21:25.000Z</time></trkpt><trkpt lat="53.526545" lon="49.0652"><time>2025-05-30T08:21:29.000Z</time></trkpt><trkpt lat="53.526476" lon="49.065207"><time>2025-05-30T08:21:31.000Z</time></trkpt><trkpt lat="53.526422" lon="49.065204"><time>2025-05-30T08:21:33.000Z</time></trkpt><trkpt lat="53.526366" lon="49.065199"><time>2025-05-30T08:21:35.000Z</time></trkpt><trkpt lat="53.526312" lon="49.065193"><time>2025-05-30T08:21:37.000Z</time></trkpt><trkpt lat="53.526256" lon="49.065188"><time>2025-05-30T08:21:39.000Z</time></trkpt><trkpt lat="53.526196" lon="49.065183"><time>2025-05-30T08:21:41.000Z</time></trkpt><trkpt lat="53.526131" lon="49.065181"><time>2025-05-30T08:21:43.000Z</time></trkpt><trkpt lat="53.52606" lon="49.06518"><time>2025-05-30T08:21:45.000Z</time></trkpt><trkpt lat="53.525988" lon="49.065183"><time>2025-05-30T08:21:47.000Z</time></trkpt><trkpt lat="53.525917" lon="49.065189"><time>2025-05-30T08:21:49.000Z</time></trkpt><trkpt lat="53.525851" lon="49.065193"><time>2025-05-30T08:21:51.000Z</time></trkpt><trkpt lat="53.52579" lon="49.065197"><time>2025-05-30T08:21:53.000Z</time></trkpt><trkpt lat="53.525735" lon="49.065197"><time>2025-05-30T08:21:55.000Z</time></trkpt><trkpt lat="53.525682" lon="49.065199"><time>2025-05-30T08:21:57.000Z</time></trkpt><trkpt lat="53.525629" lon="49.065202"><time>2025-05-30T08:21:59.000Z</time></trkpt><trkpt lat="53.525571" lon="49.065208"><time>2025-05-30T08:22:01.000Z</time></trkpt><trkpt lat="53.525494" lon="49.065212"><time>2025-05-30T08:22:03.000Z</time></trkpt><trkpt lat="53.525412" lon="49.065213"><time>2025-05-30T08:22:06.000Z</time></trkpt><trkpt lat="53.52533" lon="49.065212"><time>2025-05-30T08:22:08.000Z</time></trkpt><trkpt lat="53.525264" lon="49.065209"><time>2025-05-30T08:22:10.000Z</time></trkpt><trkpt lat="53.525205" lon="49.065207"><time>2025-05-30T08:22:12.000Z</time></trkpt><trkpt lat="53.525153" lon="49.065204"><time>2025-05-30T08:22:14.000Z</time></trkpt><trkpt lat="53.525108" lon="49.065201"><time>2025-05-30T08:22:16.000Z</time></trkpt><trkpt lat="53.525072" lon="49.065196"><time>2025-05-30T08:22:18.000Z</time></trkpt><trkpt lat="53.525066" lon="49.065193"><time>2025-05-30T08:22:20.000Z</time></trkpt><trkpt lat="53.525086" lon="49.065196"><time>2025-05-30T08:22:33.000Z</time></trkpt><trkpt lat="53.525126" lon="49.065207"><time>2025-05-30T08:22:35.000Z</time></trkpt><trkpt lat="53.525164" lon="49.06522"><time>2025-05-30T08:22:37.000Z</time></trkpt><trkpt lat="53.525199" lon="49.065224"><time>2025-05-30T08:22:39.000Z</time></trkpt><trkpt lat="53.525231" lon="49.065215"><time>2025-05-30T08:22:41.000Z</time></trkpt><trkpt lat="53.52526" lon="49.065204"><time>2025-05-30T08:22:43.000Z</time></trkpt><trkpt lat="53.525294" lon="49.065194"><time>2025-05-30T08:22:45.000Z</time></trkpt><trkpt lat="53.525334" lon="49.065185"><time>2025-05-30T08:22:47.000Z</time></trkpt><trkpt lat="53.525382" lon="49.065172"><time>2025-05-30T08:22:49.000Z</time></trkpt><trkpt lat="53.525432" lon="49.065164"><time>2025-05-30T08:22:51.000Z</time></trkpt><trkpt lat="53.525491" lon="49.06516"><time>2025-05-30T08:22:53.000Z</time></trkpt><trkpt lat="53.525557" lon="49.065159"><time>2025-05-30T08:22:55.000Z</time></trkpt><trkpt lat="53.525627" lon="49.065158"><time>2025-05-30T08:22:57.000Z</time></trkpt><trkpt lat="53.525692" lon="49.065162"><time>2025-05-30T08:22:59.000Z</time></trkpt><trkpt lat="53.525749" lon="49.065169"><time>2025-05-30T08:23:01.000Z</time></trkpt><trkpt lat="53.525814" lon="49.065183"><time>2025-05-30T08:23:03.000Z</time></trkpt><trkpt lat="53.52591" lon="49.065201"><time>2025-05-30T08:23:05.000Z</time></trkpt><trkpt lat="53.526009" lon="49.065216"><time>2025-05-30T08:23:10.000Z</time></trkpt><trkpt lat="53.5261" lon="49.065221"><time>2025-05-30T08:23:12.000Z</time></trkpt><trkpt lat="53.526158" lon="49.065215"><time>2025-05-30T08:23:14.000Z</time></trkpt><trkpt lat="53.526208" lon="49.065207"><time>2025-05-30T08:23:16.000Z</time></trkpt><trkpt lat="53.526253" lon="49.065205"><time>2025-05-30T08:23:18.000Z</time></trkpt><trkpt lat="53.526295" lon="49.065206"><time>2025-05-30T08:23:20.000Z</time></trkpt><trkpt lat="53.526367" lon="49.065202"><time>2025-05-30T08:23:22.000Z</time></trkpt><trkpt lat="53.526442" lon="49.065191"><time>2025-05-30T08:23:26.000Z</time></trkpt><trkpt lat="53.526525" lon="49.065181"><time>2025-05-30T08:23:28.000Z</time></trkpt><trkpt lat="53.52658" lon="49.065182"><time>2025-05-30T08:23:30.000Z</time></trkpt><trkpt lat="53.526655" lon="49.065194"><time>2025-05-30T08:23:32.000Z</time></trkpt><trkpt lat="53.526726" lon="49.065204"><time>2025-05-30T08:23:36.000Z</time></trkpt><trkpt lat="53.526898" lon="49.065215"><time>2025-05-30T08:23:38.000Z</time></trkpt><trkpt lat="53.527045" lon="49.065219"><time>2025-05-30T08:23:46.000Z</time></trkpt><trkpt lat="53.527184" lon="49.065223"><time>2025-05-30T08:23:48.000Z</time></trkpt><trkpt lat="53.527257" lon="49.065226"><time>2025-05-30T08:23:50.000Z</time></trkpt><trkpt lat="53.527343" lon="49.065232"><time>2025-05-30T08:23:56.000Z</time></trkpt><trkpt lat="53.527435" lon="49.065239"><time>2025-05-30T08:23:58.000Z</time></trkpt><trkpt lat="53.527489" lon="49.065239"><time>2025-05-30T08:24:00.000Z</time></trkpt><trkpt lat="53.527533" lon="49.065236"><time>2025-05-30T08:24:02.000Z</time></trkpt><trkpt lat="53.527601" lon="49.065231"><time>2025-05-30T08:24:04.000Z</time></trkpt><trkpt lat="53.527671" lon="49.065229"><time>2025-05-30T08:24:08.000Z</time></trkpt><trkpt lat="53.527738" lon="49.065225"><time>2025-05-30T08:24:10.000Z</time></trkpt><trkpt lat="53.527793" lon="49.065222"><time>2025-05-30T08:24:12.000Z</time></trkpt><trkpt lat="53.527854" lon="49.065211"><time>2025-05-30T08:24:16.000Z</time></trkpt><trkpt lat="53.527919" lon="49.065197"><time>2025-05-30T08:24:20.000Z</time></trkpt><trkpt lat="53.527965" lon="49.065182"><time>2025-05-30T08:24:22.000Z</time></trkpt><trkpt lat="53.528004" lon="49.065177"><time>2025-05-30T08:24:24.000Z</time></trkpt><trkpt lat="53.528038" lon="49.065179"><time>2025-05-30T08:24:26.000Z</time></trkpt><trkpt lat="53.528074" lon="49.065187"><time>2025-05-30T08:24:28.000Z</time></trkpt><trkpt lat="53.528118" lon="49.065194"><time>2025-05-30T08:24:30.000Z</time></trkpt><trkpt lat="53.528169" lon="49.065202"><time>2025-05-30T08:24:32.000Z</time></trkpt><trkpt lat="53.528224" lon="49.065211"><time>2025-05-30T08:24:34.000Z</time></trkpt><trkpt lat="53.52827" lon="49.065216"><time>2025-05-30T08:24:36.000Z</time></trkpt><trkpt lat="53.52832" lon="49.065216"><time>2025-05-30T08:24:38.000Z</time></trkpt><trkpt lat="53.528368" lon="49.065212"><time>2025-05-30T08:24:42.000Z</time></trkpt><trkpt lat="53.528422" lon="49.065207"><time>2025-05-30T08:24:44.000Z</time></trkpt><trkpt lat="53.528515" lon="49.065198"><time>2025-05-30T08:24:46.000Z</time></trkpt><trkpt lat="53.528602" lon="49.065191"><time>2025-05-30T08:24:52.000Z</time></trkpt><trkpt lat="53.528683" lon="49.065184"><time>2025-05-30T08:24:54.000Z</time></trkpt><trkpt lat="53.528716" lon="49.065187"><time>2025-05-30T08:24:56.000Z</time></trkpt><trkpt lat="53.52877" lon="49.065202"><time>2025-05-30T08:24:58.000Z</time></trkpt><trkpt lat="53.528819" lon="49.065248"><time>2025-05-30T08:25:00.000Z</time></trkpt><trkpt lat="53.52886" lon="49.065314"><time>2025-05-30T08:25:02.000Z</time></trkpt><trkpt lat="53.528877" lon="49.06539"><time>2025-05-30T08:25:04.000Z</time></trkpt><trkpt lat="53.528892" lon="49.065459"><time>2025-05-30T08:25:06.000Z</time></trkpt><trkpt lat="53.528904" lon="49.065533"><time>2025-05-30T08:25:08.000Z</time></trkpt><trkpt lat="53.528916" lon="49.065609"><time>2025-05-30T08:25:10.000Z</time></trkpt><trkpt lat="53.528928" lon="49.065691"><time>2025-05-30T08:25:12.000Z</time></trkpt><trkpt lat="53.52894" lon="49.065771"><time>2025-05-30T08:25:14.000Z</time></trkpt><trkpt lat="53.528951" lon="49.065853"><time>2025-05-30T08:25:16.000Z</time></trkpt><trkpt lat="53.528965" lon="49.065941"><time>2025-05-30T08:25:18.000Z</time></trkpt><trkpt lat="53.528979" lon="49.066043"><time>2025-05-30T08:25:20.000Z</time></trkpt><trkpt lat="53.528984" lon="49.066149"><time>2025-05-30T08:25:22.000Z</time></trkpt><trkpt lat="53.528981" lon="49.066254"><time>2025-05-30T08:25:24.000Z</time></trkpt><trkpt lat="53.528973" lon="49.066355"><time>2025-05-30T08:25:26.000Z</time></trkpt><trkpt lat="53.528965" lon="49.066453"><time>2025-05-30T08:25:28.000Z</time></trkpt><trkpt lat="53.52896" lon="49.066552"><time>2025-05-30T08:25:30.000Z</time></trkpt><trkpt lat="53.528957" lon="49.066653"><time>2025-05-30T08:25:32.000Z</time></trkpt><trkpt lat="53.528953" lon="49.066765"><time>2025-05-30T08:25:34.000Z</time></trkpt><trkpt lat="53.528946" lon="49.066876"><time>2025-05-30T08:25:36.000Z</time></trkpt><trkpt lat="53.528941" lon="49.066977"><time>2025-05-30T08:25:38.000Z</time></trkpt><trkpt lat="53.52894" lon="49.067061"><time>2025-05-30T08:25:40.000Z</time></trkpt><trkpt lat="53.528942" lon="49.067153"><time>2025-05-30T08:25:42.000Z</time></trkpt><trkpt lat="53.528941" lon="49.067239"><time>2025-05-30T08:25:45.000Z</time></trkpt><trkpt lat="53.528935" lon="49.067322"><time>2025-05-30T08:25:47.000Z</time></trkpt><trkpt lat="53.528925" lon="49.06739"><time>2025-05-30T08:25:49.000Z</time></trkpt><trkpt lat="53.528914" lon="49.067467"><time>2025-05-30T08:25:51.000Z</time></trkpt><trkpt lat="53.528905" lon="49.067555"><time>2025-05-30T08:25:53.000Z</time></trkpt><trkpt lat="53.528899" lon="49.067651"><time>2025-05-30T08:25:55.000Z</time></trkpt><trkpt lat="53.528899" lon="49.067743"><time>2025-05-30T08:25:57.000Z</time></trkpt><trkpt lat="53.528903" lon="49.067831"><time>2025-05-30T08:25:59.000Z</time></trkpt><trkpt lat="53.528906" lon="49.067918"><time>2025-05-30T08:26:01.000Z</time></trkpt><trkpt lat="53.528905" lon="49.068007"><time>2025-05-30T08:26:03.000Z</time></trkpt><trkpt lat="53.5289" lon="49.068095"><time>2025-05-30T08:26:05.000Z</time></trkpt><trkpt lat="53.528897" lon="49.068178"><time>2025-05-30T08:26:07.000Z</time></trkpt><trkpt lat="53.528903" lon="49.068259"><time>2025-05-30T08:26:09.000Z</time></trkpt><trkpt lat="53.528913" lon="49.068341"><time>2025-05-30T08:26:11.000Z</time></trkpt><trkpt lat="53.528924" lon="49.068424"><time>2025-05-30T08:26:13.000Z</time></trkpt><trkpt lat="53.52893" lon="49.0685"><time>2025-05-30T08:26:15.000Z</time></trkpt><trkpt lat="53.528933" lon="49.068569"><time>2025-05-30T08:26:17.000Z</time></trkpt><trkpt lat="53.528939" lon="49.068643"><time>2025-05-30T08:26:19.000Z</time></trkpt><trkpt lat="53.528947" lon="49.068733"><time>2025-05-30T08:26:21.000Z</time></trkpt><trkpt lat="53.528956" lon="49.068846"><time>2025-05-30T08:26:23.000Z</time></trkpt><trkpt lat="53.528962" lon="49.068978"><time>2025-05-30T08:26:25.000Z</time></trkpt><trkpt lat="53.52897" lon="49.069128"><time>2025-05-30T08:26:27.000Z</time></trkpt><trkpt lat="53.528982" lon="49.069267"><time>2025-05-30T08:26:29.000Z</time></trkpt><trkpt lat="53.52899" lon="49.069387"><time>2025-05-30T08:26:31.000Z</time></trkpt><trkpt lat="53.528984" lon="49.069489"><time>2025-05-30T08:26:33.000Z</time></trkpt><trkpt lat="53.528973" lon="49.069592"><time>2025-05-30T08:26:35.000Z</time></trkpt><trkpt lat="53.528968" lon="49.069701"><time>2025-05-30T08:26:37.000Z</time></trkpt><trkpt lat="53.528971" lon="49.069809"><time>2025-05-30T08:26:39.000Z</time></trkpt><trkpt lat="53.528973" lon="49.069986"><time>2025-05-30T08:26:41.000Z</time></trkpt><trkpt lat="53.528976" lon="49.070171"><time>2025-05-30T08:26:47.000Z</time></trkpt><trkpt lat="53.528975" lon="49.070371"><time>2025-05-30T08:26:49.000Z</time></trkpt><trkpt lat="53.528972" lon="49.07051"><time>2025-05-30T08:26:51.000Z</time></trkpt><trkpt lat="53.528946" lon="49.070682"><time>2025-05-30T08:26:53.000Z</time></trkpt><trkpt lat="53.528908" lon="49.070821"><time>2025-05-30T08:26:57.000Z</time></trkpt><trkpt lat="53.528856" lon="49.070923"><time>2025-05-30T08:26:59.000Z</time></trkpt><trkpt lat="53.52881" lon="49.070945"><time>2025-05-30T08:27:01.000Z</time></trkpt><trkpt lat="53.528766" lon="49.070964"><time>2025-05-30T08:27:03.000Z</time></trkpt><trkpt lat="53.528723" lon="49.070983"><time>2025-05-30T08:27:05.000Z</time></trkpt><trkpt lat="53.52868" lon="49.071019"><time>2025-05-30T08:27:07.000Z</time></trkpt><trkpt lat="53.52863" lon="49.07106"><time>2025-05-30T08:27:09.000Z</time></trkpt><trkpt lat="53.528574" lon="49.071106"><time>2025-05-30T08:27:11.000Z</time></trkpt><trkpt lat="53.528502" lon="49.071156"><time>2025-05-30T08:27:13.000Z</time></trkpt><trkpt lat="53.528425" lon="49.071211"><time>2025-05-30T08:27:16.000Z</time></trkpt><trkpt lat="53.528347" lon="49.071264"><time>2025-05-30T08:27:18.000Z</time></trkpt><trkpt lat="53.528277" lon="49.071311"><time>2025-05-30T08:27:20.000Z</time></trkpt><trkpt lat="53.528207" lon="49.07136"><time>2025-05-30T08:27:22.000Z</time></trkpt><trkpt lat="53.528141" lon="49.071419"><time>2025-05-30T08:27:24.000Z</time></trkpt><trkpt lat="53.528087" lon="49.071494"><time>2025-05-30T08:27:26.000Z</time></trkpt><trkpt lat="53.528048" lon="49.071584"><time>2025-05-30T08:27:28.000Z</time></trkpt><trkpt lat="53.528014" lon="49.071682"><time>2025-05-30T08:27:30.000Z</time></trkpt><trkpt lat="53.527975" lon="49.071778"><time>2025-05-30T08:27:32.000Z</time></trkpt><trkpt lat="53.527931" lon="49.07186"><time>2025-05-30T08:27:34.000Z</time></trkpt><trkpt lat="53.527889" lon="49.071919"><time>2025-05-30T08:27:36.000Z</time></trkpt><trkpt lat="53.527853" lon="49.071952"><time>2025-05-30T08:27:38.000Z</time></trkpt><trkpt lat="53.527827" lon="49.072009"><time>2025-05-30T08:27:42.000Z</time></trkpt><trkpt lat="53.527794" lon="49.072083"><time>2025-05-30T08:27:46.000Z</time></trkpt><trkpt lat="53.527751" lon="49.072172"><time>2025-05-30T08:27:48.000Z</time></trkpt><trkpt lat="53.527699" lon="49.072251"><time>2025-05-30T08:27:50.000Z</time></trkpt><trkpt lat="53.527653" lon="49.072336"><time>2025-05-30T08:27:52.000Z</time></trkpt><trkpt lat="53.527612" lon="49.072438"><time>2025-05-30T08:27:54.000Z</time></trkpt><trkpt lat="53.527575" lon="49.072522"><time>2025-05-30T08:27:57.000Z</time></trkpt><trkpt lat="53.527541" lon="49.072586"><time>2025-05-30T08:27:59.000Z</time></trkpt><trkpt lat="53.527516" lon="49.072635"><time>2025-05-30T08:28:01.000Z</time></trkpt><trkpt lat="53.527491" lon="49.072684"><time>2025-05-30T08:28:03.000Z</time></trkpt><trkpt lat="53.527457" lon="49.072746"><time>2025-05-30T08:28:05.000Z</time></trkpt><trkpt lat="53.527422" lon="49.07281"><time>2025-05-30T08:28:08.000Z</time></trkpt><trkpt lat="53.527389" lon="49.072864"><time>2025-05-30T08:28:10.000Z</time></trkpt><trkpt lat="53.527362" lon="49.072895"><time>2025-05-30T08:28:12.000Z</time></trkpt><trkpt lat="53.52733" lon="49.072906"><time>2025-05-30T08:28:14.000Z</time></trkpt><trkpt lat="53.527275" lon="49.072902"><time>2025-05-30T08:28:16.000Z</time></trkpt><trkpt lat="53.527215" lon="49.072902"><time>2025-05-30T08:28:20.000Z</time></trkpt><trkpt lat="53.527161" lon="49.072922"><time>2025-05-30T08:28:22.000Z</time></trkpt><trkpt lat="53.52713" lon="49.072969"><time>2025-05-30T08:28:24.000Z</time></trkpt><trkpt lat="53.527101" lon="49.073026"><time>2025-05-30T08:28:26.000Z</time></trkpt><trkpt lat="53.527061" lon="49.073071"><time>2025-05-30T08:28:28.000Z</time></trkpt><trkpt lat="53.527019" lon="49.073109"><time>2025-05-30T08:28:30.000Z</time></trkpt><trkpt lat="53.526978" lon="49.073145"><time>2025-05-30T08:28:32.000Z</time></trkpt><trkpt lat="53.526942" lon="49.073189"><time>2025-05-30T08:28:34.000Z</time></trkpt><trkpt lat="53.526907" lon="49.073233"><time>2025-05-30T08:28:36.000Z</time></trkpt><trkpt lat="53.526866" lon="49.073281"><time>2025-05-30T08:28:38.000Z</time></trkpt><trkpt lat="53.526821" lon="49.073325"><time>2025-05-30T08:28:40.000Z</time></trkpt><trkpt lat="53.526772" lon="49.073371"><time>2025-05-30T08:28:42.000Z</time></trkpt><trkpt lat="53.526725" lon="49.073415"><time>2025-05-30T08:28:44.000Z</time></trkpt><trkpt lat="53.526678" lon="49.073459"><time>2025-05-30T08:28:46.000Z</time></trkpt><trkpt lat="53.526615" lon="49.073504"><time>2025-05-30T08:28:48.000Z</time></trkpt><trkpt lat="53.526542" lon="49.073544"><time>2025-05-30T08:28:50.000Z</time></trkpt><trkpt lat="53.526464" lon="49.073564"><time>2025-05-30T08:28:52.000Z</time></trkpt><trkpt lat="53.526391" lon="49.073573"><time>2025-05-30T08:28:55.000Z</time></trkpt><trkpt lat="53.52632" lon="49.073577"><time>2025-05-30T08:28:57.000Z</time></trkpt><trkpt lat="53.526246" lon="49.07359"><time>2025-05-30T08:28:59.000Z</time></trkpt><trkpt lat="53.526173" lon="49.073596"><time>2025-05-30T08:29:01.000Z</time></trkpt><trkpt lat="53.526103" lon="49.073594"><time>2025-05-30T08:29:03.000Z</time></trkpt><trkpt lat="53.526035" lon="49.073594"><time>2025-05-30T08:29:05.000Z</time></trkpt><trkpt lat="53.52597" lon="49.073599"><time>2025-05-30T08:29:07.000Z</time></trkpt><trkpt lat="53.525905" lon="49.073607"><time>2025-05-30T08:29:09.000Z</time></trkpt><trkpt lat="53.525842" lon="49.073609"><time>2025-05-30T08:29:11.000Z</time></trkpt><trkpt lat="53.525782" lon="49.073609"><time>2025-05-30T08:29:13.000Z</time></trkpt><trkpt lat="53.525731" lon="49.073614"><time>2025-05-30T08:29:15.000Z</time></trkpt><trkpt lat="53.525683" lon="49.073625"><time>2025-05-30T08:29:17.000Z</time></trkpt><trkpt lat="53.525635" lon="49.073635"><time>2025-05-30T08:29:19.000Z</time></trkpt><trkpt lat="53.525585" lon="49.073641"><time>2025-05-30T08:29:21.000Z</time></trkpt><trkpt lat="53.525541" lon="49.073645"><time>2025-05-30T08:29:23.000Z</time></trkpt><trkpt lat="53.525495" lon="49.073644"><time>2025-05-30T08:29:25.000Z</time></trkpt><trkpt lat="53.525449" lon="49.07364"><time>2025-05-30T08:29:27.000Z</time></trkpt><trkpt lat="53.525396" lon="49.07364"><time>2025-05-30T08:29:29.000Z</time></trkpt><trkpt lat="53.525341" lon="49.073655"><time>2025-05-30T08:29:31.000Z</time></trkpt><trkpt lat="53.525284" lon="49.073685"><time>2025-05-30T08:29:33.000Z</time></trkpt><trkpt lat="53.525226" lon="49.07371"><time>2025-05-30T08:29:35.000Z</time></trkpt><trkpt lat="53.525169" lon="49.073733"><time>2025-05-30T08:29:37.000Z</time></trkpt><trkpt lat="53.525117" lon="49.073755"><time>2025-05-30T08:29:39.000Z</time></trkpt><trkpt lat="53.525072" lon="49.073782"><time>2025-05-30T08:29:41.000Z</time></trkpt><trkpt lat="53.525035" lon="49.073809"><time>2025-05-30T08:29:43.000Z</time></trkpt><trkpt lat="53.525001" lon="49.073832"><time>2025-05-30T08:29:45.000Z</time></trkpt><trkpt lat="53.524967" lon="49.07385"><time>2025-05-30T08:29:47.000Z</time></trkpt><trkpt lat="53.524927" lon="49.073873"><time>2025-05-30T08:29:49.000Z</time></trkpt><trkpt lat="53.524887" lon="49.073896"><time>2025-05-30T08:29:53.000Z</time></trkpt><trkpt lat="53.524841" lon="49.073927"><time>2025-05-30T08:29:55.000Z</time></trkpt><trkpt lat="53.524805" lon="49.073953"><time>2025-05-30T08:29:59.000Z</time></trkpt><trkpt lat="53.52477" lon="49.07398"><time>2025-05-30T08:30:01.000Z</time></trkpt><trkpt lat="53.52474" lon="49.074001"><time>2025-05-30T08:30:03.000Z</time></trkpt><trkpt lat="53.524709" lon="49.074023"><time>2025-05-30T08:30:05.000Z</time></trkpt><trkpt lat="53.524677" lon="49.074044"><time>2025-05-30T08:30:07.000Z</time></trkpt><trkpt lat="53.524641" lon="49.074059"><time>2025-05-30T08:30:09.000Z</time></trkpt><trkpt lat="53.524601" lon="49.074062"><time>2025-05-30T08:30:13.000Z</time></trkpt><trkpt lat="53.524556" lon="49.074054"><time>2025-05-30T08:30:15.000Z</time></trkpt><trkpt lat="53.524509" lon="49.074041"><time>2025-05-30T08:30:17.000Z</time></trkpt><trkpt lat="53.524453" lon="49.074021"><time>2025-05-30T08:30:19.000Z</time></trkpt><trkpt lat="53.524401" lon="49.073998"><time>2025-05-30T08:30:23.000Z</time></trkpt><trkpt lat="53.524346" lon="49.07395"><time>2025-05-30T08:30:25.000Z</time></trkpt><trkpt lat="53.524303" lon="49.073887"><time>2025-05-30T08:30:27.000Z</time></trkpt><trkpt lat="53.524254" lon="49.073813"><time>2025-05-30T08:30:29.000Z</time></trkpt><trkpt lat="53.524206" lon="49.073739"><time>2025-05-30T08:30:32.000Z</time></trkpt><trkpt lat="53.524159" lon="49.073656"><time>2025-05-30T08:30:34.000Z</time></trkpt><trkpt lat="53.524116" lon="49.073551"><time>2025-05-30T08:30:36.000Z</time></trkpt><trkpt lat="53.524075" lon="49.073435"><time>2025-05-30T08:30:38.000Z</time></trkpt><trkpt lat="53.524026" lon="49.073317"><time>2025-05-30T08:30:40.000Z</time></trkpt><trkpt lat="53.52397" lon="49.073208"><time>2025-05-30T08:30:42.000Z</time></trkpt><trkpt lat="53.52391" lon="49.073113"><time>2025-05-30T08:30:44.000Z</time></trkpt><trkpt lat="53.523855" lon="49.073032"><time>2025-05-30T08:30:46.000Z</time></trkpt><trkpt lat="53.523808" lon="49.072961"><time>2025-05-30T08:30:48.000Z</time></trkpt><trkpt lat="53.523767" lon="49.072892"><time>2025-05-30T08:30:50.000Z</time></trkpt><trkpt lat="53.523728" lon="49.072818"><time>2025-05-30T08:30:52.000Z</time></trkpt><trkpt lat="53.523689" lon="49.072741"><time>2025-05-30T08:30:54.000Z</time></trkpt><trkpt lat="53.523648" lon="49.072666"><time>2025-05-30T08:30:56.000Z</time></trkpt><trkpt lat="53.523588" lon="49.072587"><time>2025-05-30T08:30:58.000Z</time></trkpt><trkpt lat="53.523518" lon="49.072511"><time>2025-05-30T08:31:01.000Z</time></trkpt><trkpt lat="53.523445" lon="49.072445"><time>2025-05-30T08:31:03.000Z</time></trkpt><trkpt lat="53.523386" lon="49.072411"><time>2025-05-30T08:31:05.000Z</time></trkpt><trkpt lat="53.523335" lon="49.072401"><time>2025-05-30T08:31:07.000Z</time></trkpt><trkpt lat="53.523289" lon="49.072403"><time>2025-05-30T08:31:09.000Z</time></trkpt><trkpt lat="53.523247" lon="49.072409"><time>2025-05-30T08:31:11.000Z</time></trkpt><trkpt lat="53.52321" lon="49.072412"><time>2025-05-30T08:31:13.000Z</time></trkpt><trkpt lat="53.523173" lon="49.072412"><time>2025-05-30T08:31:15.000Z</time></trkpt><trkpt lat="53.523135" lon="49.072403"><time>2025-05-30T08:31:17.000Z</time></trkpt><trkpt lat="53.523075" lon="49.07238"><time>2025-05-30T08:31:19.000Z</time></trkpt><trkpt lat="53.522999" lon="49.072352"><time>2025-05-30T08:31:23.000Z</time></trkpt><trkpt lat="53.522921" lon="49.072329"><time>2025-05-30T08:31:26.000Z</time></trkpt><trkpt lat="53.522854" lon="49.072317"><time>2025-05-30T08:31:28.000Z</time></trkpt><trkpt lat="53.522796" lon="49.072312"><time>2025-05-30T08:31:30.000Z</time></trkpt><trkpt lat="53.522737" lon="49.072309"><time>2025-05-30T08:31:32.000Z</time></trkpt><trkpt lat="53.52268" lon="49.072312"><time>2025-05-30T08:31:34.000Z</time></trkpt><trkpt lat="53.522627" lon="49.072319"><time>2025-05-30T08:31:36.000Z</time></trkpt><trkpt lat="53.522585" lon="49.072329"><time>2025-05-30T08:31:38.000Z</time></trkpt><trkpt lat="53.522481" lon="49.072413"><time>2025-05-30T08:32:06.000Z</time></trkpt><trkpt lat="53.522411" lon="49.072451"><time>2025-05-30T08:32:08.000Z</time></trkpt><trkpt lat="53.522344" lon="49.072492"><time>2025-05-30T08:32:16.000Z</time></trkpt><trkpt lat="53.52228" lon="49.072523"><time>2025-05-30T08:32:20.000Z</time></trkpt><trkpt lat="53.522247" lon="49.072542"><time>2025-05-30T08:32:22.000Z</time></trkpt><trkpt lat="53.522217" lon="49.072548"><time>2025-05-30T08:32:24.000Z</time></trkpt><trkpt lat="53.522186" lon="49.072552"><time>2025-05-30T08:32:26.000Z</time></trkpt><trkpt lat="53.522151" lon="49.07255"><time>2025-05-30T08:32:28.000Z</time></trkpt><trkpt lat="53.52211" lon="49.072539"><time>2025-05-30T08:32:32.000Z</time></trkpt><trkpt lat="53.522071" lon="49.072519"><time>2025-05-30T08:32:36.000Z</time></trkpt><trkpt lat="53.522037" lon="49.072493"><time>2025-05-30T08:32:38.000Z</time></trkpt><trkpt lat="53.522007" lon="49.072465"><time>2025-05-30T08:32:40.000Z</time></trkpt><trkpt lat="53.521978" lon="49.072437"><time>2025-05-30T08:32:42.000Z</time></trkpt><trkpt lat="53.521948" lon="49.072409"><time>2025-05-30T08:32:44.000Z</time></trkpt><trkpt lat="53.521921" lon="49.072381"><time>2025-05-30T08:32:48.000Z</time></trkpt><trkpt lat="53.521885" lon="49.072347"><time>2025-05-30T08:32:52.000Z</time></trkpt><trkpt lat="53.52184" lon="49.072312"><time>2025-05-30T08:32:58.000Z</time></trkpt><trkpt lat="53.52178" lon="49.072273"><time>2025-05-30T08:33:00.000Z</time></trkpt><trkpt lat="53.521707" lon="49.07225"><time>2025-05-30T08:33:02.000Z</time></trkpt><trkpt lat="53.52162" lon="49.07225"><time>2025-05-30T08:33:04.000Z</time></trkpt><trkpt lat="53.521535" lon="49.072275"><time>2025-05-30T08:33:06.000Z</time></trkpt><trkpt lat="53.521447" lon="49.072311"><time>2025-05-30T08:33:08.000Z</time></trkpt><trkpt lat="53.521358" lon="49.072344"><time>2025-05-30T08:33:10.000Z</time></trkpt><trkpt lat="53.521261" lon="49.072379"><time>2025-05-30T08:33:12.000Z</time></trkpt><trkpt lat="53.521166" lon="49.072427"><time>2025-05-30T08:33:14.000Z</time></trkpt><trkpt lat="53.521069" lon="49.072511"><time>2025-05-30T08:33:16.000Z</time></trkpt><trkpt lat="53.520963" lon="49.072622"><time>2025-05-30T08:33:18.000Z</time></trkpt><trkpt lat="53.520843" lon="49.072712"><time>2025-05-30T08:33:20.000Z</time></trkpt><trkpt lat="53.52072" lon="49.072735"><time>2025-05-30T08:33:22.000Z</time></trkpt><trkpt lat="53.520605" lon="49.072695"><time>2025-05-30T08:33:24.000Z</time></trkpt><trkpt lat="53.520508" lon="49.072651"><time>2025-05-30T08:33:26.000Z</time></trkpt><trkpt lat="53.520406" lon="49.072644"><time>2025-05-30T08:33:28.000Z</time></trkpt><trkpt lat="53.520311" lon="49.072662"><time>2025-05-30T08:33:31.000Z</time></trkpt><trkpt lat="53.520222" lon="49.072668"><time>2025-05-30T08:33:33.000Z</time></trkpt><trkpt lat="53.520152" lon="49.072655"><time>2025-05-30T08:33:35.000Z</time></trkpt><trkpt lat="53.520085" lon="49.072641"><time>2025-05-30T08:33:37.000Z</time></trkpt><trkpt lat="53.520017" lon="49.072638"><time>2025-05-30T08:33:39.000Z</time></trkpt><trkpt lat="53.519945" lon="49.072635"><time>2025-05-30T08:33:41.000Z</time></trkpt><trkpt lat="53.519874" lon="49.072627"><time>2025-05-30T08:33:43.000Z</time></trkpt><trkpt lat="53.519806" lon="49.072613"><time>2025-05-30T08:33:45.000Z</time></trkpt><trkpt lat="53.519744" lon="49.072602"><time>2025-05-30T08:33:47.000Z</time></trkpt><trkpt lat="53.51968" lon="49.072588"><time>2025-05-30T08:33:49.000Z</time></trkpt><trkpt lat="53.519609" lon="49.072575"><time>2025-05-30T08:33:51.000Z</time></trkpt><trkpt lat="53.519533" lon="49.072565"><time>2025-05-30T08:33:53.000Z</time></trkpt><trkpt lat="53.519462" lon="49.072559"><time>2025-05-30T08:33:55.000Z</time></trkpt><trkpt lat="53.519408" lon="49.07255"><time>2025-05-30T08:33:57.000Z</time></trkpt><trkpt lat="53.519375" lon="49.072522"><time>2025-05-30T08:33:59.000Z</time></trkpt><trkpt lat="53.51936" lon="49.072469"><time>2025-05-30T08:34:01.000Z</time></trkpt><trkpt lat="53.519349" lon="49.072398"><time>2025-05-30T08:34:03.000Z</time></trkpt><trkpt lat="53.51934" lon="49.072322"><time>2025-05-30T08:34:05.000Z</time></trkpt><trkpt lat="53.519333" lon="49.072254"><time>2025-05-30T08:34:07.000Z</time></trkpt><trkpt lat="53.519323" lon="49.072185"><time>2025-05-30T08:34:09.000Z</time></trkpt><trkpt lat="53.519314" lon="49.072111"><time>2025-05-30T08:34:13.000Z</time></trkpt><trkpt lat="53.51931" lon="49.072074"><time>2025-05-30T08:34:17.000Z</time></trkpt><trkpt lat="53.519312" lon="49.072084"><time>2025-05-30T08:34:30.000Z</time></trkpt><trkpt lat="53.519314" lon="49.072148"><time>2025-05-30T08:34:32.000Z</time></trkpt><trkpt lat="53.519308" lon="49.072217"><time>2025-05-30T08:34:34.000Z</time></trkpt><trkpt lat="53.519301" lon="49.072292"><time>2025-05-30T08:34:36.000Z</time></trkpt><trkpt lat="53.519297" lon="49.072379"><time>2025-05-30T08:34:38.000Z</time></trkpt><trkpt lat="53.519297" lon="49.07248"><time>2025-05-30T08:34:40.000Z</time></trkpt><trkpt lat="53.5193" lon="49.072587"><time>2025-05-30T08:34:42.000Z</time></trkpt><trkpt lat="53.519306" lon="49.072684"><time>2025-05-30T08:34:44.000Z</time></trkpt><trkpt lat="53.519314" lon="49.072766"><time>2025-05-30T08:34:46.000Z</time></trkpt><trkpt lat="53.519323" lon="49.072847"><time>2025-05-30T08:34:48.000Z</time></trkpt><trkpt lat="53.519333" lon="49.072946"><time>2025-05-30T08:34:50.000Z</time></trkpt><trkpt lat="53.51934" lon="49.07306"><time>2025-05-30T08:34:52.000Z</time></trkpt><trkpt lat="53.519342" lon="49.073183"><time>2025-05-30T08:34:54.000Z</time></trkpt><trkpt lat="53.519344" lon="49.073299"><time>2025-05-30T08:34:56.000Z</time></trkpt><trkpt lat="53.519346" lon="49.073403"><time>2025-05-30T08:34:58.000Z</time></trkpt><trkpt lat="53.519352" lon="49.073497"><time>2025-05-30T08:35:00.000Z</time></trkpt><trkpt lat="53.519355" lon="49.073608"><time>2025-05-30T08:35:02.000Z</time></trkpt><trkpt lat="53.519357" lon="49.073721"><time>2025-05-30T08:35:05.000Z</time></trkpt><trkpt lat="53.51936" lon="49.073829"><time>2025-05-30T08:35:07.000Z</time></trkpt><trkpt lat="53.519367" lon="49.073912"><time>2025-05-30T08:35:09.000Z</time></trkpt><trkpt lat="53.519379" lon="49.073989"><time>2025-05-30T08:35:11.000Z</time></trkpt><trkpt lat="53.519398" lon="49.074065"><time>2025-05-30T08:35:13.000Z</time></trkpt><trkpt lat="53.519426" lon="49.074137"><time>2025-05-30T08:35:15.000Z</time></trkpt><trkpt lat="53.519462" lon="49.074207"><time>2025-05-30T08:35:17.000Z</time></trkpt><trkpt lat="53.519501" lon="49.074276"><time>2025-05-30T08:35:19.000Z</time></trkpt><trkpt lat="53.519537" lon="49.074345"><time>2025-05-30T08:35:21.000Z</time></trkpt><trkpt lat="53.519568" lon="49.074424"><time>2025-05-30T08:35:23.000Z</time></trkpt><trkpt lat="53.519599" lon="49.074518"><time>2025-05-30T08:35:25.000Z</time></trkpt><trkpt lat="53.519635" lon="49.074632"><time>2025-05-30T08:35:27.000Z</time></trkpt><trkpt lat="53.519666" lon="49.074726"><time>2025-05-30T08:35:30.000Z</time></trkpt><trkpt lat="53.519703" lon="49.0748"><time>2025-05-30T08:35:32.000Z</time></trkpt><trkpt lat="53.519744" lon="49.074856"><time>2025-05-30T08:35:36.000Z</time></trkpt><trkpt lat="53.5198" lon="49.074928"><time>2025-05-30T08:35:38.000Z</time></trkpt><trkpt lat="53.519857" lon="49.075008"><time>2025-05-30T08:35:40.000Z</time></trkpt><trkpt lat="53.51991" lon="49.075087"><time>2025-05-30T08:35:42.000Z</time></trkpt><trkpt lat="53.519956" lon="49.075158"><time>2025-05-30T08:35:44.000Z</time></trkpt><trkpt lat="53.519997" lon="49.075225"><time>2025-05-30T08:35:46.000Z</time></trkpt><trkpt lat="53.520038" lon="49.075288"><time>2025-05-30T08:35:48.000Z</time></trkpt><trkpt lat="53.520081" lon="49.075348"><time>2025-05-30T08:35:50.000Z</time></trkpt><trkpt lat="53.520122" lon="49.075403"><time>2025-05-30T08:35:52.000Z</time></trkpt><trkpt lat="53.520164" lon="49.075453"><time>2025-05-30T08:35:54.000Z</time></trkpt><trkpt lat="53.520205" lon="49.075502"><time>2025-05-30T08:35:56.000Z</time></trkpt><trkpt lat="53.520249" lon="49.075552"><time>2025-05-30T08:35:58.000Z</time></trkpt><trkpt lat="53.520287" lon="49.075602"><time>2025-05-30T08:36:00.000Z</time></trkpt><trkpt lat="53.520318" lon="49.075649"><time>2025-05-30T08:36:02.000Z</time></trkpt><trkpt lat="53.520343" lon="49.075693"><time>2025-05-30T08:36:04.000Z</time></trkpt><trkpt lat="53.520376" lon="49.075744"><time>2025-05-30T08:36:06.000Z</time></trkpt><trkpt lat="53.520417" lon="49.075801"><time>2025-05-30T08:36:08.000Z</time></trkpt><trkpt lat="53.520463" lon="49.075858"><time>2025-05-30T08:36:10.000Z</time></trkpt><trkpt lat="53.520505" lon="49.075912"><time>2025-05-30T08:36:12.000Z</time></trkpt><trkpt lat="53.520546" lon="49.075971"><time>2025-05-30T08:36:14.000Z</time></trkpt><trkpt lat="53.520588" lon="49.076034"><time>2025-05-30T08:36:16.000Z</time></trkpt><trkpt lat="53.520633" lon="49.076094"><time>2025-05-30T08:36:18.000Z</time></trkpt><trkpt lat="53.52068" lon="49.076148"><time>2025-05-30T08:36:20.000Z</time></trkpt><trkpt lat="53.520729" lon="49.076201"><time>2025-05-30T08:36:22.000Z</time></trkpt><trkpt lat="53.520777" lon="49.076258"><time>2025-05-30T08:36:24.000Z</time></trkpt><trkpt lat="53.520819" lon="49.076315"><time>2025-05-30T08:36:26.000Z</time></trkpt><trkpt lat="53.520854" lon="49.076364"><time>2025-05-30T08:36:28.000Z</time></trkpt><trkpt lat="53.520842" lon="49.076399"><time>2025-05-30T08:36:54.000Z</time></trkpt><trkpt lat="53.520785" lon="49.076352"><time>2025-05-30T08:36:56.000Z</time></trkpt><trkpt lat="53.520727" lon="49.076295"><time>2025-05-30T08:36:58.000Z</time></trkpt><trkpt lat="53.520668" lon="49.076225"><time>2025-05-30T08:37:00.000Z</time></trkpt><trkpt lat="53.520612" lon="49.076149"><time>2025-05-30T08:37:02.000Z</time></trkpt><trkpt lat="53.520558" lon="49.076073"><time>2025-05-30T08:37:04.000Z</time></trkpt><trkpt lat="53.520505" lon="49.075999"><time>2025-05-30T08:37:06.000Z</time></trkpt><trkpt lat="53.52045" lon="49.075932"><time>2025-05-30T08:37:08.000Z</time></trkpt><trkpt lat="53.520391" lon="49.075869"><time>2025-05-30T08:37:10.000Z</time></trkpt><trkpt lat="53.52033" lon="49.075801"><time>2025-05-30T08:37:12.000Z</time></trkpt><trkpt lat="53.520269" lon="49.075726"><time>2025-05-30T08:37:14.000Z</time></trkpt><trkpt lat="53.520212" lon="49.075649"><time>2025-05-30T08:37:16.000Z</time></trkpt><trkpt lat="53.520157" lon="49.075577"><time>2025-05-30T08:37:18.000Z</time></trkpt><trkpt lat="53.520104" lon="49.075507"><time>2025-05-30T08:37:20.000Z</time></trkpt><trkpt lat="53.520049" lon="49.075433"><time>2025-05-30T08:37:22.000Z</time></trkpt><trkpt lat="53.519992" lon="49.075351"><time>2025-05-30T08:37:24.000Z</time></trkpt><trkpt lat="53.519931" lon="49.075262"><time>2025-05-30T08:37:26.000Z</time></trkpt><trkpt lat="53.519869" lon="49.075172"><time>2025-05-30T08:37:28.000Z</time></trkpt><trkpt lat="53.51981" lon="49.075088"><time>2025-05-30T08:37:30.000Z</time></trkpt><trkpt lat="53.519753" lon="49.075012"><time>2025-05-30T08:37:32.000Z</time></trkpt><trkpt lat="53.519698" lon="49.07493"><time>2025-05-30T08:37:34.000Z</time></trkpt><trkpt lat="53.519649" lon="49.074829"><time>2025-05-30T08:37:36.000Z</time></trkpt><trkpt lat="53.519605" lon="49.074709"><time>2025-05-30T08:37:38.000Z</time></trkpt><trkpt lat="53.519565" lon="49.07459"><time>2025-05-30T08:37:40.000Z</time></trkpt><trkpt lat="53.519523" lon="49.074491"><time>2025-05-30T08:37:42.000Z</time></trkpt><trkpt lat="53.519475" lon="49.07441"><time>2025-05-30T08:37:44.000Z</time></trkpt><trkpt lat="53.519421" lon="49.074336"><time>2025-05-30T08:37:46.000Z</time></trkpt><trkpt lat="53.51937" lon="49.074256"><time>2025-05-30T08:37:48.000Z</time></trkpt><trkpt lat="53.519337" lon="49.074158"><time>2025-05-30T08:37:50.000Z</time></trkpt><trkpt lat="53.519318" lon="49.074024"><time>2025-05-30T08:37:52.000Z</time></trkpt><trkpt lat="53.519314" lon="49.073888"><time>2025-05-30T08:37:55.000Z</time></trkpt><trkpt lat="53.519314" lon="49.073759"><time>2025-05-30T08:37:57.000Z</time></trkpt><trkpt lat="53.519317" lon="49.073661"><time>2025-05-30T08:37:59.000Z</time></trkpt><trkpt lat="53.519312" lon="49.073533"><time>2025-05-30T08:38:01.000Z</time></trkpt><trkpt lat="53.519306" lon="49.073395"><time>2025-05-30T08:38:04.000Z</time></trkpt><trkpt lat="53.519303" lon="49.073246"><time>2025-05-30T08:38:06.000Z</time></trkpt><trkpt lat="53.519302" lon="49.073119"><time>2025-05-30T08:38:08.000Z</time></trkpt><trkpt lat="53.519297" lon="49.072998"><time>2025-05-30T08:38:10.000Z</time></trkpt><trkpt lat="53.519289" lon="49.072883"><time>2025-05-30T08:38:12.000Z</time></trkpt><trkpt lat="53.519278" lon="49.072766"><time>2025-05-30T08:38:14.000Z</time></trkpt><trkpt lat="53.519271" lon="49.072652"><time>2025-05-30T08:38:16.000Z</time></trkpt><trkpt lat="53.519271" lon="49.072533"><time>2025-05-30T08:38:18.000Z</time></trkpt><trkpt lat="53.519278" lon="49.072414"><time>2025-05-30T08:38:20.000Z</time></trkpt><trkpt lat="53.519287" lon="49.072292"><time>2025-05-30T08:38:22.000Z</time></trkpt><trkpt lat="53.519292" lon="49.072175"><time>2025-05-30T08:38:24.000Z</time></trkpt><trkpt lat="53.519291" lon="49.072065"><time>2025-05-30T08:38:26.000Z</time></trkpt><trkpt lat="53.519284" lon="49.071956"><time>2025-05-30T08:38:28.000Z</time></trkpt><trkpt lat="53.519273" lon="49.071848"><time>2025-05-30T08:38:30.000Z</time></trkpt><trkpt lat="53.519262" lon="49.071741"><time>2025-05-30T08:38:32.000Z</time></trkpt><trkpt lat="53.519257" lon="49.071636"><time>2025-05-30T08:38:34.000Z</time></trkpt><trkpt lat="53.519258" lon="49.071539"><time>2025-05-30T08:38:36.000Z</time></trkpt><trkpt lat="53.519266" lon="49.071452"><time>2025-05-30T08:38:38.000Z</time></trkpt><trkpt lat="53.519273" lon="49.071364"><time>2025-05-30T08:38:40.000Z</time></trkpt><trkpt lat="53.519281" lon="49.07128"><time>2025-05-30T08:38:43.000Z</time></trkpt><trkpt lat="53.519287" lon="49.0712"><time>2025-05-30T08:38:45.000Z</time></trkpt><trkpt lat="53.519289" lon="49.071131"><time>2025-05-30T08:38:47.000Z</time></trkpt><trkpt lat="53.519283" lon="49.071063"><time>2025-05-30T08:38:51.000Z</time></trkpt><trkpt lat="53.519273" lon="49.071001"><time>2025-05-30T08:38:55.000Z</time></trkpt><trkpt lat="53.519264" lon="49.070947"><time>2025-05-30T08:38:57.000Z</time></trkpt><trkpt lat="53.51926" lon="49.070892"><time>2025-05-30T08:38:59.000Z</time></trkpt><trkpt lat="53.519262" lon="49.070815"><time>2025-05-30T08:39:01.000Z</time></trkpt><trkpt lat="53.519264" lon="49.070713"><time>2025-05-30T08:39:03.000Z</time></trkpt><trkpt lat="53.519273" lon="49.070575"><time>2025-05-30T08:39:05.000Z</time></trkpt><trkpt lat="53.519282" lon="49.070436"><time>2025-05-30T08:39:07.000Z</time></trkpt><trkpt lat="53.519292" lon="49.070314"><time>2025-05-30T08:39:09.000Z</time></trkpt><trkpt lat="53.519292" lon="49.070231"><time>2025-05-30T08:39:11.000Z</time></trkpt><trkpt lat="53.519288" lon="49.070167"><time>2025-05-30T08:39:13.000Z</time></trkpt><trkpt lat="53.519283" lon="49.070108"><time>2025-05-30T08:39:15.000Z</time></trkpt><trkpt lat="53.519278" lon="49.070039"><time>2025-05-30T08:39:17.000Z</time></trkpt><trkpt lat="53.519272" lon="49.069967"><time>2025-05-30T08:39:19.000Z</time></trkpt><trkpt lat="53.519266" lon="49.069898"><time>2025-05-30T08:39:21.000Z</time></trkpt><trkpt lat="53.51926" lon="49.069837"><time>2025-05-30T08:39:23.000Z</time></trkpt><trkpt lat="53.519258" lon="49.069776"><time>2025-05-30T08:39:25.000Z</time></trkpt><trkpt lat="53.519258" lon="49.069709"><time>2025-05-30T08:39:27.000Z</time></trkpt><trkpt lat="53.519258" lon="49.069629"><time>2025-05-30T08:39:29.000Z</time></trkpt><trkpt lat="53.519256" lon="49.069542"><time>2025-05-30T08:39:31.000Z</time></trkpt><trkpt lat="53.519255" lon="49.069446"><time>2025-05-30T08:39:33.000Z</time></trkpt><trkpt lat="53.519255" lon="49.069356"><time>2025-05-30T08:39:35.000Z</time></trkpt><trkpt lat="53.519254" lon="49.069276"><time>2025-05-30T08:39:37.000Z</time></trkpt><trkpt lat="53.519252" lon="49.069207"><time>2025-05-30T08:39:39.000Z</time></trkpt><trkpt lat="53.519247" lon="49.069137"><time>2025-05-30T08:39:41.000Z</time></trkpt><trkpt lat="53.519241" lon="49.069038"><time>2025-05-30T08:39:43.000Z</time></trkpt><trkpt lat="53.519238" lon="49.068897"><time>2025-05-30T08:39:45.000Z</time></trkpt><trkpt lat="53.519238" lon="49.068723"><time>2025-05-30T08:39:47.000Z</time></trkpt><trkpt lat="53.51924" lon="49.06856"><time>2025-05-30T08:39:49.000Z</time></trkpt><trkpt lat="53.519245" lon="49.068427"><time>2025-05-30T08:39:51.000Z</time></trkpt><trkpt lat="53.519249" lon="49.068332"><time>2025-05-30T08:39:53.000Z</time></trkpt><trkpt lat="53.519255" lon="49.068259"><time>2025-05-30T08:39:55.000Z</time></trkpt><trkpt lat="53.519257" lon="49.068193"><time>2025-05-30T08:39:57.000Z</time></trkpt><trkpt lat="53.519266" lon="49.068058"><time>2025-05-30T08:39:59.000Z</time></trkpt><trkpt lat="53.519273" lon="49.067919"><time>2025-05-30T08:40:03.000Z</time></trkpt><trkpt lat="53.519278" lon="49.067782"><time>2025-05-30T08:40:05.000Z</time></trkpt><trkpt lat="53.519271" lon="49.067711"><time>2025-05-30T08:40:07.000Z</time></trkpt><trkpt lat="53.519266" lon="49.067636"><time>2025-05-30T08:40:09.000Z</time></trkpt><trkpt lat="53.519261" lon="49.067559"><time>2025-05-30T08:40:11.000Z</time></trkpt><trkpt lat="53.519258" lon="49.067481"><time>2025-05-30T08:40:13.000Z</time></trkpt><trkpt lat="53.519258" lon="49.067382"><time>2025-05-30T08:40:15.000Z</time></trkpt><trkpt lat="53.519258" lon="49.067283"><time>2025-05-30T08:40:18.000Z</time></trkpt><trkpt lat="53.51926" lon="49.067183"><time>2025-05-30T08:40:20.000Z</time></trkpt><trkpt lat="53.519261" lon="49.06709"><time>2025-05-30T08:40:22.000Z</time></trkpt><trkpt lat="53.51926" lon="49.066992"><time>2025-05-30T08:40:24.000Z</time></trkpt><trkpt lat="53.519259" lon="49.066888"><time>2025-05-30T08:40:26.000Z</time></trkpt><trkpt lat="53.519256" lon="49.066789"><time>2025-05-30T08:40:28.000Z</time></trkpt><trkpt lat="53.519255" lon="49.066681"><time>2025-05-30T08:40:30.000Z</time></trkpt><trkpt lat="53.519255" lon="49.066571"><time>2025-05-30T08:40:32.000Z</time></trkpt><trkpt lat="53.519256" lon="49.066465"><time>2025-05-30T08:40:34.000Z</time></trkpt><trkpt lat="53.519257" lon="49.066351"><time>2025-05-30T08:40:36.000Z</time></trkpt><trkpt lat="53.519255" lon="49.066224"><time>2025-05-30T08:40:39.000Z</time></trkpt><trkpt lat="53.519252" lon="49.0661"><time>2025-05-30T08:40:42.000Z</time></trkpt><trkpt lat="53.51925" lon="49.065994"><time>2025-05-30T08:40:44.000Z</time></trkpt><trkpt lat="53.51925" lon="49.065911"><time>2025-05-30T08:40:46.000Z</time></trkpt><trkpt lat="53.519252" lon="49.065821"><time>2025-05-30T08:40:48.000Z</time></trkpt><trkpt lat="53.519251" lon="49.065727"><time>2025-05-30T08:40:50.000Z</time></trkpt><trkpt lat="53.519248" lon="49.065631"><time>2025-05-30T08:40:52.000Z</time></trkpt><trkpt lat="53.519239" lon="49.065544"><time>2025-05-30T08:40:54.000Z</time></trkpt><trkpt lat="53.519227" lon="49.065462"><time>2025-05-30T08:40:56.000Z</time></trkpt><trkpt lat="53.519211" lon="49.065388"><time>2025-05-30T08:40:58.000Z</time></trkpt><trkpt lat="53.519138" lon="49.065108"><time>2025-05-30T08:42:15.000Z</time></trkpt><trkpt lat="53.519145" lon="49.065059"><time>2025-05-30T08:44:02.000Z</time></trkpt><trkpt lat="53.519112" lon="49.065062"><time>2025-05-30T08:44:18.001Z</time></trkpt><trkpt lat="53.51906" lon="49.065075"><time>2025-05-30T08:44:20.001Z</time></trkpt><trkpt lat="53.519005" lon="49.065085"><time>2025-05-30T08:44:22.001Z</time></trkpt><trkpt lat="53.518951" lon="49.065092"><time>2025-05-30T08:44:24.001Z</time></trkpt><trkpt lat="53.518913" lon="49.06509"><time>2025-05-30T08:44:26.001Z</time></trkpt><trkpt lat="53.518876" lon="49.065096"><time>2025-05-30T08:44:28.001Z</time></trkpt><trkpt lat="53.518842" lon="49.065107"><time>2025-05-30T08:44:31.001Z</time></trkpt><trkpt lat="53.518803" lon="49.065118"><time>2025-05-30T08:44:33.001Z</time></trkpt><trkpt lat="53.518754" lon="49.065121"><time>2025-05-30T08:44:35.001Z</time></trkpt><trkpt lat="53.518693" lon="49.065119"><time>2025-05-30T08:44:37.001Z</time></trkpt><trkpt lat="53.518628" lon="49.065112"><time>2025-05-30T08:44:39.001Z</time></trkpt><trkpt lat="53.518558" lon="49.065103"><time>2025-05-30T08:44:41.001Z</time></trkpt><trkpt lat="53.518486" lon="49.065098"><time>2025-05-30T08:44:43.001Z</time></trkpt><trkpt lat="53.518405" lon="49.065099"><time>2025-05-30T08:44:45.001Z</time></trkpt><trkpt lat="53.518318" lon="49.065105"><time>2025-05-30T08:44:47.001Z</time></trkpt><trkpt lat="53.518223" lon="49.065109"><time>2025-05-30T08:44:49.001Z</time></trkpt><trkpt lat="53.518127" lon="49.065112"><time>2025-05-30T08:44:51.001Z</time></trkpt><trkpt lat="53.518039" lon="49.065112"><time>2025-05-30T08:44:53.001Z</time></trkpt><trkpt lat="53.517973" lon="49.065112"><time>2025-05-30T08:44:55.001Z</time></trkpt><trkpt lat="53.517922" lon="49.065108"><time>2025-05-30T08:44:57.001Z</time></trkpt><trkpt lat="53.517877" lon="49.065113"><time>2025-05-30T08:44:59.001Z</time></trkpt><trkpt lat="53.517828" lon="49.065134"><time>2025-05-30T08:45:02.000Z</time></trkpt><trkpt lat="53.517771" lon="49.06517"><time>2025-05-30T08:45:04.001Z</time></trkpt><trkpt lat="53.517716" lon="49.065219"><time>2025-05-30T08:45:06.001Z</time></trkpt><trkpt lat="53.517662" lon="49.065273"><time>2025-05-30T08:45:08.001Z</time></trkpt><trkpt lat="53.517622" lon="49.065331"><time>2025-05-30T08:45:10.001Z</time></trkpt><trkpt lat="53.51758" lon="49.065389"><time>2025-05-30T08:45:12.001Z</time></trkpt><trkpt lat="53.517546" lon="49.065458"><time>2025-05-30T08:45:14.001Z</time></trkpt><trkpt lat="53.517513" lon="49.06553"><time>2025-05-30T08:45:18.001Z</time></trkpt><trkpt lat="53.51744" lon="49.065671"><time>2025-05-30T08:45:20.001Z</time></trkpt><trkpt lat="53.517363" lon="49.065816"><time>2025-05-30T08:45:27.001Z</time></trkpt><trkpt lat="53.517284" lon="49.06597"><time>2025-05-30T08:45:29.001Z</time></trkpt><trkpt lat="53.517242" lon="49.066062"><time>2025-05-30T08:45:31.001Z</time></trkpt><trkpt lat="53.51719" lon="49.066151"><time>2025-05-30T08:45:33.001Z</time></trkpt><trkpt lat="53.517128" lon="49.066239"><time>2025-05-30T08:45:35.001Z</time></trkpt><trkpt lat="53.51706" lon="49.066321"><time>2025-05-30T08:45:37.001Z</time></trkpt><trkpt lat="53.51699" lon="49.066384"><time>2025-05-30T08:45:39.001Z</time></trkpt><trkpt lat="53.516923" lon="49.066429"><time>2025-05-30T08:45:41.001Z</time></trkpt><trkpt lat="53.516859" lon="49.066464"><time>2025-05-30T08:45:43.001Z</time></trkpt><trkpt lat="53.516795" lon="49.066496"><time>2025-05-30T08:45:45.001Z</time></trkpt><trkpt lat="53.516716" lon="49.066532"><time>2025-05-30T08:45:47.001Z</time></trkpt><trkpt lat="53.516632" lon="49.066566"><time>2025-05-30T08:45:49.001Z</time></trkpt><trkpt lat="53.516546" lon="49.066605"><time>2025-05-30T08:45:51.001Z</time></trkpt><trkpt lat="53.516465" lon="49.066648"><time>2025-05-30T08:45:53.001Z</time></trkpt><trkpt lat="53.516377" lon="49.066699"><time>2025-05-30T08:45:55.001Z</time></trkpt><trkpt lat="53.516287" lon="49.066761"><time>2025-05-30T08:45:57.001Z</time></trkpt><trkpt lat="53.516204" lon="49.066827"><time>2025-05-30T08:45:59.001Z</time></trkpt><trkpt lat="53.516148" lon="49.066896"><time>2025-05-30T08:46:01.001Z</time></trkpt><trkpt lat="53.516109" lon="49.066962"><time>2025-05-30T08:46:03.001Z</time></trkpt><trkpt lat="53.516073" lon="49.067031"><time>2025-05-30T08:46:05.001Z</time></trkpt><trkpt lat="53.516024" lon="49.067103"><time>2025-05-30T08:46:07.001Z</time></trkpt><trkpt lat="53.515969" lon="49.067179"><time>2025-05-30T08:46:09.001Z</time></trkpt><trkpt lat="53.515913" lon="49.067252"><time>2025-05-30T08:46:11.001Z</time></trkpt><trkpt lat="53.515867" lon="49.067321"><time>2025-05-30T08:46:13.001Z</time></trkpt><trkpt lat="53.515818" lon="49.067408"><time>2025-05-30T08:46:15.001Z</time></trkpt><trkpt lat="53.515769" lon="49.067502"><time>2025-05-30T08:46:18.001Z</time></trkpt><trkpt lat="53.515721" lon="49.067607"><time>2025-05-30T08:46:20.001Z</time></trkpt><trkpt lat="53.51568" lon="49.067691"><time>2025-05-30T08:46:22.001Z</time></trkpt><trkpt lat="53.515639" lon="49.067764"><time>2025-05-30T08:46:24.001Z</time></trkpt><trkpt lat="53.51559" lon="49.067824"><time>2025-05-30T08:46:26.001Z</time></trkpt><trkpt lat="53.515528" lon="49.067879"><time>2025-05-30T08:46:28.001Z</time></trkpt><trkpt lat="53.515455" lon="49.067946"><time>2025-05-30T08:46:30.001Z</time></trkpt><trkpt lat="53.515384" lon="49.068021"><time>2025-05-30T08:46:32.001Z</time></trkpt><trkpt lat="53.515316" lon="49.068103"><time>2025-05-30T08:46:34.001Z</time></trkpt><trkpt lat="53.515254" lon="49.068189"><time>2025-05-30T08:46:36.001Z</time></trkpt><trkpt lat="53.515191" lon="49.068272"><time>2025-05-30T08:46:39.001Z</time></trkpt><trkpt lat="53.515139" lon="49.068354"><time>2025-05-30T08:46:41.001Z</time></trkpt><trkpt lat="53.51501" lon="49.068423"><time>2025-05-30T08:46:43.001Z</time></trkpt><trkpt lat="53.514864" lon="49.068466"><time>2025-05-30T08:46:49.001Z</time></trkpt><trkpt lat="53.514629" lon="49.068466"><time>2025-05-30T08:46:51.001Z</time></trkpt><trkpt lat="53.514462" lon="49.068436"><time>2025-05-30T08:46:55.001Z</time></trkpt><trkpt lat="53.514308" lon="49.0684"><time>2025-05-30T08:46:57.001Z</time></trkpt><trkpt lat="53.51423" lon="49.068376"><time>2025-05-30T08:46:59.001Z</time></trkpt><trkpt lat="53.51416" lon="49.068356"><time>2025-05-30T08:47:01.001Z</time></trkpt><trkpt lat="53.51409" lon="49.068339"><time>2025-05-30T08:47:03.001Z</time></trkpt><trkpt lat="53.51402" lon="49.068323"><time>2025-05-30T08:47:05.001Z</time></trkpt><trkpt lat="53.513949" lon="49.068301"><time>2025-05-30T08:47:07.001Z</time></trkpt><trkpt lat="53.513872" lon="49.068275"><time>2025-05-30T08:47:09.001Z</time></trkpt><trkpt lat="53.513802" lon="49.068256"><time>2025-05-30T08:47:11.001Z</time></trkpt><trkpt lat="53.513737" lon="49.068253"><time>2025-05-30T08:47:13.001Z</time></trkpt><trkpt lat="53.513685" lon="49.068268"><time>2025-05-30T08:47:15.001Z</time></trkpt><trkpt lat="53.513638" lon="49.068294"><time>2025-05-30T08:47:17.001Z</time></trkpt><trkpt lat="53.513597" lon="49.068341"><time>2025-05-30T08:47:19.001Z</time></trkpt><trkpt lat="53.513563" lon="49.068412"><time>2025-05-30T08:47:21.001Z</time></trkpt><trkpt lat="53.513538" lon="49.068505"><time>2025-05-30T08:47:23.001Z</time></trkpt><trkpt lat="53.513522" lon="49.068608"><time>2025-05-30T08:47:25.001Z</time></trkpt><trkpt lat="53.513512" lon="49.068723"><time>2025-05-30T08:47:27.001Z</time></trkpt><trkpt lat="53.513506" lon="49.06885"><time>2025-05-30T08:47:29.001Z</time></trkpt><trkpt lat="53.513505" lon="49.068983"><time>2025-05-30T08:47:31.001Z</time></trkpt><trkpt lat="53.513508" lon="49.069115"><time>2025-05-30T08:47:33.001Z</time></trkpt><trkpt lat="53.513518" lon="49.069244"><time>2025-05-30T08:47:35.001Z</time></trkpt><trkpt lat="53.513536" lon="49.06937"><time>2025-05-30T08:47:37.001Z</time></trkpt><trkpt lat="53.51356" lon="49.069489"><time>2025-05-30T08:47:39.001Z</time></trkpt><trkpt lat="53.513587" lon="49.069602"><time>2025-05-30T08:47:41.001Z</time></trkpt><trkpt lat="53.513617" lon="49.069707"><time>2025-05-30T08:47:43.001Z</time></trkpt><trkpt lat="53.513652" lon="49.069807"><time>2025-05-30T08:47:45.001Z</time></trkpt><trkpt lat="53.51369" lon="49.069903"><time>2025-05-30T08:47:47.001Z</time></trkpt><trkpt lat="53.513723" lon="49.069998"><time>2025-05-30T08:47:49.001Z</time></trkpt><trkpt lat="53.513738" lon="49.070096"><time>2025-05-30T08:47:51.001Z</time></trkpt><trkpt lat="53.513726" lon="49.070194"><time>2025-05-30T08:47:53.001Z</time></trkpt><trkpt lat="53.513684" lon="49.070287"><time>2025-05-30T08:47:55.001Z</time></trkpt><trkpt lat="53.513615" lon="49.070342"><time>2025-05-30T08:47:57.001Z</time></trkpt><trkpt lat="53.513528" lon="49.070364"><time>2025-05-30T08:47:59.001Z</time></trkpt><trkpt lat="53.513435" lon="49.070359"><time>2025-05-30T08:48:01.001Z</time></trkpt><trkpt lat="53.513349" lon="49.070365"><time>2025-05-30T08:48:03.001Z</time></trkpt><trkpt lat="53.513268" lon="49.070383"><time>2025-05-30T08:48:05.001Z</time></trkpt><trkpt lat="53.513188" lon="49.070413"><time>2025-05-30T08:48:07.001Z</time></trkpt><trkpt lat="53.51311" lon="49.070457"><time>2025-05-30T08:48:09.001Z</time></trkpt><trkpt lat="53.513035" lon="49.070522"><time>2025-05-30T08:48:11.001Z</time></trkpt><trkpt lat="53.512972" lon="49.070607"><time>2025-05-30T08:48:13.001Z</time></trkpt><trkpt lat="53.512922" lon="49.070702"><time>2025-05-30T08:48:15.001Z</time></trkpt><trkpt lat="53.512886" lon="49.070798"><time>2025-05-30T08:48:17.001Z</time></trkpt><trkpt lat="53.512855" lon="49.070894"><time>2025-05-30T08:48:19.001Z</time></trkpt><trkpt lat="53.512821" lon="49.071001"><time>2025-05-30T08:48:21.001Z</time></trkpt><trkpt lat="53.512784" lon="49.071118"><time>2025-05-30T08:48:23.001Z</time></trkpt><trkpt lat="53.512748" lon="49.071242"><time>2025-05-30T08:48:25.001Z</time></trkpt><trkpt lat="53.512712" lon="49.071365"><time>2025-05-30T08:48:27.001Z</time></trkpt><trkpt lat="53.512677" lon="49.071486"><time>2025-05-30T08:48:29.001Z</time></trkpt><trkpt lat="53.512638" lon="49.071604"><time>2025-05-30T08:48:31.001Z</time></trkpt><trkpt lat="53.512599" lon="49.071722"><time>2025-05-30T08:48:33.001Z</time></trkpt><trkpt lat="53.512561" lon="49.07184"><time>2025-05-30T08:48:35.001Z</time></trkpt><trkpt lat="53.512525" lon="49.071957"><time>2025-05-30T08:48:37.001Z</time></trkpt><trkpt lat="53.512487" lon="49.072075"><time>2025-05-30T08:48:39.001Z</time></trkpt><trkpt lat="53.512449" lon="49.072197"><time>2025-05-30T08:48:41.001Z</time></trkpt><trkpt lat="53.51241" lon="49.072323"><time>2025-05-30T08:48:43.001Z</time></trkpt><trkpt lat="53.512372" lon="49.072451"><time>2025-05-30T08:48:45.001Z</time></trkpt><trkpt lat="53.512332" lon="49.072588"><time>2025-05-30T08:48:47.001Z</time></trkpt><trkpt lat="53.512291" lon="49.072728"><time>2025-05-30T08:48:49.001Z</time></trkpt><trkpt lat="53.512248" lon="49.072866"><time>2025-05-30T08:48:51.001Z</time></trkpt><trkpt lat="53.512207" lon="49.072998"><time>2025-05-30T08:48:53.001Z</time></trkpt><trkpt lat="53.512164" lon="49.07312"><time>2025-05-30T08:48:55.001Z</time></trkpt><trkpt lat="53.512123" lon="49.073241"><time>2025-05-30T08:48:57.001Z</time></trkpt><trkpt lat="53.51208" lon="49.073358"><time>2025-05-30T08:48:59.001Z</time></trkpt><trkpt lat="53.512042" lon="49.073481"><time>2025-05-30T08:49:01.001Z</time></trkpt><trkpt lat="53.512007" lon="49.073608"><time>2025-05-30T08:49:03.001Z</time></trkpt><trkpt lat="53.511973" lon="49.073737"><time>2025-05-30T08:49:05.001Z</time></trkpt><trkpt lat="53.511939" lon="49.073873"><time>2025-05-30T08:49:07.001Z</time></trkpt><trkpt lat="53.511906" lon="49.074015"><time>2025-05-30T08:49:09.001Z</time></trkpt><trkpt lat="53.511874" lon="49.074156"><time>2025-05-30T08:49:11.001Z</time></trkpt><trkpt lat="53.511843" lon="49.074287"><time>2025-05-30T08:49:13.001Z</time></trkpt><trkpt lat="53.511812" lon="49.074409"><time>2025-05-30T08:49:15.001Z</time></trkpt><trkpt lat="53.511778" lon="49.074532"><time>2025-05-30T08:49:17.001Z</time></trkpt><trkpt lat="53.511739" lon="49.074661"><time>2025-05-30T08:49:19.001Z</time></trkpt><trkpt lat="53.511699" lon="49.074797"><time>2025-05-30T08:49:21.001Z</time></trkpt><trkpt lat="53.51166" lon="49.074934"><time>2025-05-30T08:49:23.001Z</time></trkpt><trkpt lat="53.511625" lon="49.075063"><time>2025-05-30T08:49:25.001Z</time></trkpt><trkpt lat="53.511591" lon="49.075175"><time>2025-05-30T08:49:27.001Z</time></trkpt><trkpt lat="53.511561" lon="49.075274"><time>2025-05-30T08:49:29.001Z</time></trkpt><trkpt lat="53.511535" lon="49.075365"><time>2025-05-30T08:49:31.001Z</time></trkpt><trkpt lat="53.511516" lon="49.075452"><time>2025-05-30T08:49:33.001Z</time></trkpt><trkpt lat="53.511502" lon="49.075532"><time>2025-05-30T08:49:35.001Z</time></trkpt><trkpt lat="53.511487" lon="49.0756"><time>2025-05-30T08:49:37.001Z</time></trkpt><trkpt lat="53.511468" lon="49.075653"><time>2025-05-30T08:49:39.001Z</time></trkpt><trkpt lat="53.511472" lon="49.075726"><time>2025-05-30T08:50:41.001Z</time></trkpt><trkpt lat="53.511451" lon="49.075784"><time>2025-05-30T08:50:43.001Z</time></trkpt><trkpt lat="53.511425" lon="49.075857"><time>2025-05-30T08:50:45.001Z</time></trkpt><trkpt lat="53.511393" lon="49.07595"><time>2025-05-30T08:50:47.001Z</time></trkpt><trkpt lat="53.511367" lon="49.076058"><time>2025-05-30T08:50:49.001Z</time></trkpt><trkpt lat="53.511341" lon="49.076178"><time>2025-05-30T08:50:51.001Z</time></trkpt><trkpt lat="53.51132" lon="49.076307"><time>2025-05-30T08:50:53.001Z</time></trkpt><trkpt lat="53.511297" lon="49.076441"><time>2025-05-30T08:50:55.001Z</time></trkpt><trkpt lat="53.511275" lon="49.076568"><time>2025-05-30T08:50:57.001Z</time></trkpt><trkpt lat="53.511252" lon="49.076683"><time>2025-05-30T08:50:59.001Z</time></trkpt><trkpt lat="53.51123" lon="49.076794"><time>2025-05-30T08:51:01.001Z</time></trkpt><trkpt lat="53.511204" lon="49.076914"><time>2025-05-30T08:51:03.001Z</time></trkpt><trkpt lat="53.511175" lon="49.077045"><time>2025-05-30T08:51:05.001Z</time></trkpt><trkpt lat="53.511138" lon="49.077196"><time>2025-05-30T08:51:07.001Z</time></trkpt><trkpt lat="53.511102" lon="49.077345"><time>2025-05-30T08:51:10.001Z</time></trkpt><trkpt lat="53.511071" lon="49.077495"><time>2025-05-30T08:51:12.001Z</time></trkpt><trkpt lat="53.511051" lon="49.077627"><time>2025-05-30T08:51:14.001Z</time></trkpt><trkpt lat="53.511032" lon="49.077759"><time>2025-05-30T08:51:16.000Z</time></trkpt><trkpt lat="53.511011" lon="49.077889"><time>2025-05-30T08:51:18.001Z</time></trkpt><trkpt lat="53.510985" lon="49.078021"><time>2025-05-30T08:51:20.001Z</time></trkpt><trkpt lat="53.510959" lon="49.078156"><time>2025-05-30T08:51:22.001Z</time></trkpt><trkpt lat="53.510934" lon="49.078294"><time>2025-05-30T08:51:24.001Z</time></trkpt><trkpt lat="53.510913" lon="49.078436"><time>2025-05-30T08:51:26.001Z</time></trkpt><trkpt lat="53.510893" lon="49.078581"><time>2025-05-30T08:51:28.001Z</time></trkpt><trkpt lat="53.510871" lon="49.07873"><time>2025-05-30T08:51:30.001Z</time></trkpt><trkpt lat="53.510844" lon="49.078896"><time>2025-05-30T08:51:32.001Z</time></trkpt><trkpt lat="53.510815" lon="49.079061"><time>2025-05-30T08:51:35.001Z</time></trkpt><trkpt lat="53.510786" lon="49.079216"><time>2025-05-30T08:51:37.001Z</time></trkpt><trkpt lat="53.510761" lon="49.079358"><time>2025-05-30T08:51:39.001Z</time></trkpt><trkpt lat="53.510736" lon="49.079505"><time>2025-05-30T08:51:41.001Z</time></trkpt><trkpt lat="53.510711" lon="49.079655"><time>2025-05-30T08:51:43.001Z</time></trkpt><trkpt lat="53.510685" lon="49.079799"><time>2025-05-30T08:51:45.001Z</time></trkpt><trkpt lat="53.510657" lon="49.079939"><time>2025-05-30T08:51:47.001Z</time></trkpt><trkpt lat="53.510629" lon="49.080089"><time>2025-05-30T08:51:49.001Z</time></trkpt><trkpt lat="53.510599" lon="49.080265"><time>2025-05-30T08:51:51.001Z</time></trkpt><trkpt lat="53.510573" lon="49.080438"><time>2025-05-30T08:51:54.001Z</time></trkpt><trkpt lat="53.510535" lon="49.080692"><time>2025-05-30T08:51:56.001Z</time></trkpt><trkpt lat="53.510507" lon="49.080894"><time>2025-05-30T08:52:04.001Z</time></trkpt><trkpt lat="53.510464" lon="49.081153"><time>2025-05-30T08:53:34.001Z</time></trkpt><trkpt lat="53.510448" lon="49.081253"><time>2025-05-30T08:53:36.001Z</time></trkpt><trkpt lat="53.51043" lon="49.08136"><time>2025-05-30T08:53:38.001Z</time></trkpt><trkpt lat="53.51041" lon="49.081468"><time>2025-05-30T08:53:40.001Z</time></trkpt><trkpt lat="53.510388" lon="49.08157"><time>2025-05-30T08:53:42.001Z</time></trkpt><trkpt lat="53.510364" lon="49.081674"><time>2025-05-30T08:53:44.001Z</time></trkpt><trkpt lat="53.510343" lon="49.08178"><time>2025-05-30T08:53:46.001Z</time></trkpt><trkpt lat="53.510324" lon="49.081888"><time>2025-05-30T08:53:48.001Z</time></trkpt><trkpt lat="53.51031" lon="49.082003"><time>2025-05-30T08:53:50.001Z</time></trkpt><trkpt lat="53.510299" lon="49.082122"><time>2025-05-30T08:53:52.001Z</time></trkpt><trkpt lat="53.510285" lon="49.082247"><time>2025-05-30T08:53:54.001Z</time></trkpt><trkpt lat="53.510268" lon="49.082369"><time>2025-05-30T08:53:56.001Z</time></trkpt><trkpt lat="53.510247" lon="49.082487"><time>2025-05-30T08:53:58.001Z</time></trkpt><trkpt lat="53.510225" lon="49.082592"><time>2025-05-30T08:54:00.000Z</time></trkpt><trkpt lat="53.510202" lon="49.08269"><time>2025-05-30T08:54:02.000Z</time></trkpt><trkpt lat="53.510181" lon="49.082787"><time>2025-05-30T08:54:04.001Z</time></trkpt><trkpt lat="53.510156" lon="49.082889"><time>2025-05-30T08:54:06.001Z</time></trkpt><trkpt lat="53.510113" lon="49.082972"><time>2025-05-30T08:54:08.001Z</time></trkpt><trkpt lat="53.510054" lon="49.08304"><time>2025-05-30T08:54:10.001Z</time></trkpt><trkpt lat="53.509981" lon="49.083119"><time>2025-05-30T08:54:12.001Z</time></trkpt><trkpt lat="53.509912" lon="49.083222"><time>2025-05-30T08:54:15.001Z</time></trkpt><trkpt lat="53.509845" lon="49.083344"><time>2025-05-30T08:54:17.001Z</time></trkpt><trkpt lat="53.509789" lon="49.083456"><time>2025-05-30T08:54:19.001Z</time></trkpt><trkpt lat="53.509743" lon="49.083567"><time>2025-05-30T08:54:21.001Z</time></trkpt><trkpt lat="53.509709" lon="49.083674"><time>2025-05-30T08:54:23.001Z</time></trkpt><trkpt lat="53.509687" lon="49.083773"><time>2025-05-30T08:54:25.001Z</time></trkpt><trkpt lat="53.509682" lon="49.08386"><time>2025-05-30T08:54:27.001Z</time></trkpt><trkpt lat="53.509695" lon="49.083933"><time>2025-05-30T08:54:29.001Z</time></trkpt><trkpt lat="53.509723" lon="49.083998"><time>2025-05-30T08:54:31.001Z</time></trkpt><trkpt lat="53.509758" lon="49.084061"><time>2025-05-30T08:54:33.001Z</time></trkpt><trkpt lat="53.509823" lon="49.084178"><time>2025-05-30T08:54:35.001Z</time></trkpt><trkpt lat="53.509891" lon="49.084307"><time>2025-05-30T08:54:41.001Z</time></trkpt><trkpt lat="53.509962" lon="49.084451"><time>2025-05-30T08:54:43.001Z</time></trkpt><trkpt lat="53.509999" lon="49.084548"><time>2025-05-30T08:54:45.001Z</time></trkpt><trkpt lat="53.510034" lon="49.084648"><time>2025-05-30T08:54:47.001Z</time></trkpt><trkpt lat="53.510062" lon="49.08474"><time>2025-05-30T08:54:49.001Z</time></trkpt><trkpt lat="53.510093" lon="49.084835"><time>2025-05-30T08:54:51.001Z</time></trkpt><trkpt lat="53.51012" lon="49.084924"><time>2025-05-30T08:54:53.001Z</time></trkpt><trkpt lat="53.510149" lon="49.085015"><time>2025-05-30T08:54:55.001Z</time></trkpt><trkpt lat="53.510179" lon="49.085108"><time>2025-05-30T08:54:57.001Z</time></trkpt><trkpt lat="53.510208" lon="49.085204"><time>2025-05-30T08:54:59.001Z</time></trkpt><trkpt lat="53.510238" lon="49.085303"><time>2025-05-30T08:55:01.001Z</time></trkpt><trkpt lat="53.51027" lon="49.085407"><time>2025-05-30T08:55:03.001Z</time></trkpt><trkpt lat="53.510305" lon="49.085513"><time>2025-05-30T08:55:05.001Z</time></trkpt><trkpt lat="53.510342" lon="49.085621"><time>2025-05-30T08:55:07.001Z</time></trkpt><trkpt lat="53.510378" lon="49.085722"><time>2025-05-30T08:55:09.001Z</time></trkpt><trkpt lat="53.510412" lon="49.085817"><time>2025-05-30T08:55:11.001Z</time></trkpt><trkpt lat="53.510446" lon="49.085911"><time>2025-05-30T08:55:13.001Z</time></trkpt><trkpt lat="53.51048" lon="49.086008"><time>2025-05-30T08:55:15.001Z</time></trkpt><trkpt lat="53.510515" lon="49.086109"><time>2025-05-30T08:55:17.001Z</time></trkpt><trkpt lat="53.510549" lon="49.086212"><time>2025-05-30T08:55:19.001Z</time></trkpt><trkpt lat="53.510577" lon="49.086314"><time>2025-05-30T08:55:21.001Z</time></trkpt><trkpt lat="53.510599" lon="49.086418"><time>2025-05-30T08:55:23.001Z</time></trkpt><trkpt lat="53.510611" lon="49.086522"><time>2025-05-30T08:55:25.001Z</time></trkpt><trkpt lat="53.510615" lon="49.086628"><time>2025-05-30T08:55:27.001Z</time></trkpt><trkpt lat="53.510612" lon="49.086736"><time>2025-05-30T08:55:29.001Z</time></trkpt><trkpt lat="53.510605" lon="49.086849"><time>2025-05-30T08:55:31.001Z</time></trkpt><trkpt lat="53.510597" lon="49.086965"><time>2025-05-30T08:55:33.001Z</time></trkpt><trkpt lat="53.510589" lon="49.087086"><time>2025-05-30T08:55:35.001Z</time></trkpt><trkpt lat="53.51058" lon="49.087208"><time>2025-05-30T08:55:37.001Z</time></trkpt><trkpt lat="53.510569" lon="49.087328"><time>2025-05-30T08:55:39.001Z</time></trkpt><trkpt lat="53.510559" lon="49.087445"><time>2025-05-30T08:55:41.001Z</time></trkpt><trkpt lat="53.510551" lon="49.087563"><time>2025-05-30T08:55:43.001Z</time></trkpt><trkpt lat="53.510543" lon="49.087681"><time>2025-05-30T08:55:45.001Z</time></trkpt><trkpt lat="53.510534" lon="49.087798"><time>2025-05-30T08:55:47.001Z</time></trkpt><trkpt lat="53.510523" lon="49.087913"><time>2025-05-30T08:55:49.001Z</time></trkpt><trkpt lat="53.510516" lon="49.088012"><time>2025-05-30T08:55:51.001Z</time></trkpt><trkpt lat="53.510509" lon="49.088117"><time>2025-05-30T08:55:53.001Z</time></trkpt><trkpt lat="53.510499" lon="49.088226"><time>2025-05-30T08:55:55.001Z</time></trkpt><trkpt lat="53.510486" lon="49.088348"><time>2025-05-30T08:55:57.001Z</time></trkpt><trkpt lat="53.510473" lon="49.088463"><time>2025-05-30T08:55:59.001Z</time></trkpt><trkpt lat="53.510463" lon="49.08857"><time>2025-05-30T08:56:01.001Z</time></trkpt><trkpt lat="53.510453" lon="49.088682"><time>2025-05-30T08:56:03.001Z</time></trkpt><trkpt lat="53.510441" lon="49.088798"><time>2025-05-30T08:56:05.001Z</time></trkpt><trkpt lat="53.510427" lon="49.088919"><time>2025-05-30T08:56:07.001Z</time></trkpt><trkpt lat="53.510413" lon="49.089039"><time>2025-05-30T08:56:09.001Z</time></trkpt><trkpt lat="53.5104" lon="49.089157"><time>2025-05-30T08:56:11.001Z</time></trkpt><trkpt lat="53.510385" lon="49.089273"><time>2025-05-30T08:56:13.001Z</time></trkpt><trkpt lat="53.51037" lon="49.089392"><time>2025-05-30T08:56:15.001Z</time></trkpt><trkpt lat="53.510354" lon="49.089516"><time>2025-05-30T08:56:17.001Z</time></trkpt><trkpt lat="53.51034" lon="49.089644"><time>2025-05-30T08:56:19.001Z</time></trkpt><trkpt lat="53.510327" lon="49.089767"><time>2025-05-30T08:56:21.001Z</time></trkpt><trkpt lat="53.510315" lon="49.089885"><time>2025-05-30T08:56:23.001Z</time></trkpt><trkpt lat="53.5103" lon="49.089996"><time>2025-05-30T08:56:25.001Z</time></trkpt><trkpt lat="53.510284" lon="49.090104"><time>2025-05-30T08:56:27.001Z</time></trkpt><trkpt lat="53.510268" lon="49.090208"><time>2025-05-30T08:56:29.001Z</time></trkpt><trkpt lat="53.510255" lon="49.090317"><time>2025-05-30T08:56:31.001Z</time></trkpt><trkpt lat="53.510242" lon="49.090429"><time>2025-05-30T08:56:33.001Z</time></trkpt><trkpt lat="53.510226" lon="49.09054"><time>2025-05-30T08:56:35.001Z</time></trkpt><trkpt lat="53.510206" lon="49.090646"><time>2025-05-30T08:56:37.001Z</time></trkpt><trkpt lat="53.510184" lon="49.090753"><time>2025-05-30T08:56:39.001Z</time></trkpt><trkpt lat="53.510162" lon="49.090878"><time>2025-05-30T08:56:41.001Z</time></trkpt><trkpt lat="53.510144" lon="49.091008"><time>2025-05-30T08:56:43.001Z</time></trkpt><trkpt lat="53.510137" lon="49.091124"><time>2025-05-30T08:56:45.001Z</time></trkpt><trkpt lat="53.510138" lon="49.091214"><time>2025-05-30T08:56:47.001Z</time></trkpt><trkpt lat="53.510156" lon="49.091304"><time>2025-05-30T08:56:49.001Z</time></trkpt><trkpt lat="53.510186" lon="49.091396"><time>2025-05-30T08:56:51.001Z</time></trkpt><trkpt lat="53.510226" lon="49.091493"><time>2025-05-30T08:56:53.001Z</time></trkpt><trkpt lat="53.510266" lon="49.09158"><time>2025-05-30T08:56:55.001Z</time></trkpt><trkpt lat="53.510303" lon="49.091667"><time>2025-05-30T08:56:57.001Z</time></trkpt><trkpt lat="53.510342" lon="49.091748"><time>2025-05-30T08:56:59.001Z</time></trkpt><trkpt lat="53.510381" lon="49.09182"><time>2025-05-30T08:57:01.001Z</time></trkpt><trkpt lat="53.510422" lon="49.091892"><time>2025-05-30T08:57:03.001Z</time></trkpt><trkpt lat="53.510459" lon="49.091966"><time>2025-05-30T08:57:05.001Z</time></trkpt><trkpt lat="53.510496" lon="49.092044"><time>2025-05-30T08:57:07.001Z</time></trkpt><trkpt lat="53.510532" lon="49.092118"><time>2025-05-30T08:57:09.001Z</time></trkpt><trkpt lat="53.510568" lon="49.092192"><time>2025-05-30T08:57:11.001Z</time></trkpt><trkpt lat="53.510605" lon="49.092267"><time>2025-05-30T08:57:13.001Z</time></trkpt><trkpt lat="53.510646" lon="49.092343"><time>2025-05-30T08:57:15.001Z</time></trkpt><trkpt lat="53.51069" lon="49.092443"><time>2025-05-30T08:57:17.001Z</time></trkpt><trkpt lat="53.510719" lon="49.092545"><time>2025-05-30T08:57:20.001Z</time></trkpt><trkpt lat="53.510733" lon="49.092648"><time>2025-05-30T08:57:22.001Z</time></trkpt><trkpt lat="53.510736" lon="49.092731"><time>2025-05-30T08:57:24.001Z</time></trkpt><trkpt lat="53.510749" lon="49.09281"><time>2025-05-30T08:57:26.001Z</time></trkpt><trkpt lat="53.510772" lon="49.092882"><time>2025-05-30T08:57:28.001Z</time></trkpt><trkpt lat="53.510801" lon="49.092951"><time>2025-05-30T08:57:30.001Z</time></trkpt><trkpt lat="53.510831" lon="49.093022"><time>2025-05-30T08:57:32.001Z</time></trkpt><trkpt lat="53.510864" lon="49.093088"><time>2025-05-30T08:57:34.001Z</time></trkpt><trkpt lat="53.510899" lon="49.093143"><time>2025-05-30T08:57:36.001Z</time></trkpt><trkpt lat="53.510933" lon="49.093195"><time>2025-05-30T08:57:38.001Z</time></trkpt><trkpt lat="53.51097" lon="49.093281"><time>2025-05-30T08:57:40.001Z</time></trkpt><trkpt lat="53.511001" lon="49.093376"><time>2025-05-30T08:57:44.001Z</time></trkpt><trkpt lat="53.511032" lon="49.093476"><time>2025-05-30T08:57:46.001Z</time></trkpt><trkpt lat="53.511057" lon="49.093541"><time>2025-05-30T08:57:48.001Z</time></trkpt><trkpt lat="53.511092" lon="49.093617"><time>2025-05-30T08:57:50.001Z</time></trkpt><trkpt lat="53.511126" lon="49.09369"><time>2025-05-30T08:57:53.001Z</time></trkpt><trkpt lat="53.511155" lon="49.093772"><time>2025-05-30T08:57:55.001Z</time></trkpt><trkpt lat="53.511171" lon="49.093843"><time>2025-05-30T08:57:57.001Z</time></trkpt><trkpt lat="53.511177" lon="49.093917"><time>2025-05-30T08:57:59.001Z</time></trkpt><trkpt lat="53.511179" lon="49.09399"><time>2025-05-30T08:58:01.001Z</time></trkpt><trkpt lat="53.51118" lon="49.094064"><time>2025-05-30T08:58:03.001Z</time></trkpt><trkpt lat="53.511182" lon="49.09414"><time>2025-05-30T08:58:05.001Z</time></trkpt><trkpt lat="53.511184" lon="49.094218"><time>2025-05-30T08:58:07.001Z</time></trkpt><trkpt lat="53.511184" lon="49.094293"><time>2025-05-30T08:58:09.001Z</time></trkpt><trkpt lat="53.511179" lon="49.094368"><time>2025-05-30T08:58:11.001Z</time></trkpt><trkpt lat="53.511168" lon="49.094439"><time>2025-05-30T08:58:13.001Z</time></trkpt><trkpt lat="53.511149" lon="49.094506"><time>2025-05-30T08:58:15.001Z</time></trkpt><trkpt lat="53.511125" lon="49.09457"><time>2025-05-30T08:58:18.001Z</time></trkpt><trkpt lat="53.511097" lon="49.094637"><time>2025-05-30T08:58:20.001Z</time></trkpt><trkpt lat="53.511069" lon="49.094709"><time>2025-05-30T08:58:22.001Z</time></trkpt><trkpt lat="53.511049" lon="49.094788"><time>2025-05-30T08:58:24.001Z</time></trkpt><trkpt lat="53.511045" lon="49.09487"><time>2025-05-30T08:58:26.001Z</time></trkpt><trkpt lat="53.511058" lon="49.094932"><time>2025-05-30T08:58:28.001Z</time></trkpt><trkpt lat="53.511082" lon="49.094977"><time>2025-05-30T08:58:34.001Z</time></trkpt><trkpt lat="53.511107" lon="49.095013"><time>2025-05-30T08:58:38.001Z</time></trkpt><trkpt lat="53.511135" lon="49.095063"><time>2025-05-30T08:58:42.001Z</time></trkpt><trkpt lat="53.511162" lon="49.095123"><time>2025-05-30T08:58:46.001Z</time></trkpt><trkpt lat="53.511187" lon="49.09519"><time>2025-05-30T08:58:50.001Z</time></trkpt><trkpt lat="53.511205" lon="49.095262"><time>2025-05-30T08:58:52.001Z</time></trkpt><trkpt lat="53.511223" lon="49.095327"><time>2025-05-30T08:58:56.001Z</time></trkpt><trkpt lat="53.511246" lon="49.095382"><time>2025-05-30T08:59:00.000Z</time></trkpt><trkpt lat="53.511268" lon="49.095438"><time>2025-05-30T08:59:04.001Z</time></trkpt><trkpt lat="53.511286" lon="49.095491"><time>2025-05-30T08:59:08.001Z</time></trkpt><trkpt lat="53.511296" lon="49.09555"><time>2025-05-30T08:59:12.001Z</time></trkpt><trkpt lat="53.51129" lon="49.095602"><time>2025-05-30T08:59:20.001Z</time></trkpt><trkpt lat="53.511262" lon="49.095648"><time>2025-05-30T08:59:24.001Z</time></trkpt><trkpt lat="53.511221" lon="49.095665"><time>2025-05-30T08:59:28.001Z</time></trkpt><trkpt lat="53.511176" lon="49.095648"><time>2025-05-30T08:59:32.001Z</time></trkpt><trkpt lat="53.511139" lon="49.095618"><time>2025-05-30T08:59:36.001Z</time></trkpt><trkpt lat="53.5111" lon="49.09558"><time>2025-05-30T08:59:38.001Z</time></trkpt><trkpt lat="53.511059" lon="49.095544"><time>2025-05-30T08:59:42.001Z</time></trkpt><trkpt lat="53.511016" lon="49.095507"><time>2025-05-30T08:59:46.001Z</time></trkpt><trkpt lat="53.51098" lon="49.09548"><time>2025-05-30T08:59:48.001Z</time></trkpt><trkpt lat="53.510951" lon="49.095465"><time>2025-05-30T08:59:50.001Z</time></trkpt><trkpt lat="53.510918" lon="49.095459"><time>2025-05-30T08:59:52.001Z</time></trkpt><trkpt lat="53.510875" lon="49.095466"><time>2025-05-30T08:59:56.001Z</time></trkpt><trkpt lat="53.510828" lon="49.095491"><time>2025-05-30T09:00:00.000Z</time></trkpt><trkpt lat="53.510783" lon="49.095536"><time>2025-05-30T09:00:04.001Z</time></trkpt><trkpt lat="53.510753" lon="49.095587"><time>2025-05-30T09:00:08.001Z</time></trkpt><trkpt lat="53.510731" lon="49.095649"><time>2025-05-30T09:00:10.001Z</time></trkpt><trkpt lat="53.510717" lon="49.095712"><time>2025-05-30T09:00:14.001Z</time></trkpt><trkpt lat="53.510703" lon="49.095785"><time>2025-05-30T09:00:18.001Z</time></trkpt><trkpt lat="53.51069" lon="49.095848"><time>2025-05-30T09:00:22.001Z</time></trkpt><trkpt lat="53.510678" lon="49.095913"><time>2025-05-30T09:00:24.001Z</time></trkpt><trkpt lat="53.510673" lon="49.095972"><time>2025-05-30T09:00:28.001Z</time></trkpt><trkpt lat="53.51067" lon="49.096039"><time>2025-05-30T09:00:32.001Z</time></trkpt><trkpt lat="53.510671" lon="49.096099"><time>2025-05-30T09:00:36.001Z</time></trkpt><trkpt lat="53.510671" lon="49.096156"><time>2025-05-30T09:00:40.001Z</time></trkpt><trkpt lat="53.510671" lon="49.096257"><time>2025-05-30T09:01:37.001Z</time></trkpt><trkpt lat="53.510662" lon="49.096308"><time>2025-05-30T09:01:47.001Z</time></trkpt><trkpt lat="53.510649" lon="49.09637"><time>2025-05-30T09:01:49.001Z</time></trkpt><trkpt lat="53.510628" lon="49.096441"><time>2025-05-30T09:01:51.001Z</time></trkpt><trkpt lat="53.510608" lon="49.096524"><time>2025-05-30T09:01:53.001Z</time></trkpt><trkpt lat="53.510591" lon="49.096608"><time>2025-05-30T09:01:55.001Z</time></trkpt><trkpt lat="53.510585" lon="49.096695"><time>2025-05-30T09:01:57.001Z</time></trkpt><trkpt lat="53.510576" lon="49.09678"><time>2025-05-30T09:01:59.001Z</time></trkpt><trkpt lat="53.510565" lon="49.096869"><time>2025-05-30T09:02:01.001Z</time></trkpt><trkpt lat="53.510551" lon="49.096966"><time>2025-05-30T09:02:03.001Z</time></trkpt><trkpt lat="53.51054" lon="49.097069"><time>2025-05-30T09:02:05.001Z</time></trkpt><trkpt lat="53.510532" lon="49.097174"><time>2025-05-30T09:02:07.001Z</time></trkpt><trkpt lat="53.510525" lon="49.097283"><time>2025-05-30T09:02:09.001Z</time></trkpt><trkpt lat="53.510519" lon="49.097392"><time>2025-05-30T09:02:11.001Z</time></trkpt><trkpt lat="53.510514" lon="49.097499"><time>2025-05-30T09:02:13.001Z</time></trkpt><trkpt lat="53.5105" lon="49.097606"><time>2025-05-30T09:02:15.001Z</time></trkpt><trkpt lat="53.510481" lon="49.097713"><time>2025-05-30T09:02:17.001Z</time></trkpt><trkpt lat="53.51046" lon="49.097823"><time>2025-05-30T09:02:19.001Z</time></trkpt><trkpt lat="53.510445" lon="49.09793"><time>2025-05-30T09:02:21.001Z</time></trkpt><trkpt lat="53.510433" lon="49.098036"><time>2025-05-30T09:02:23.001Z</time></trkpt><trkpt lat="53.510424" lon="49.098131"><time>2025-05-30T09:02:25.001Z</time></trkpt><trkpt lat="53.510423" lon="49.098213"><time>2025-05-30T09:02:27.001Z</time></trkpt><trkpt lat="53.510427" lon="49.098286"><time>2025-05-30T09:02:29.001Z</time></trkpt><trkpt lat="53.510429" lon="49.09836"><time>2025-05-30T09:02:31.001Z</time></trkpt><trkpt lat="53.510418" lon="49.098467"><time>2025-05-30T09:02:33.001Z</time></trkpt><trkpt lat="53.510407" lon="49.098589"><time>2025-05-30T09:02:36.001Z</time></trkpt><trkpt lat="53.510398" lon="49.098721"><time>2025-05-30T09:02:38.001Z</time></trkpt><trkpt lat="53.510394" lon="49.098834"><time>2025-05-30T09:02:40.001Z</time></trkpt><trkpt lat="53.510384" lon="49.098948"><time>2025-05-30T09:02:42.001Z</time></trkpt><trkpt lat="53.510373" lon="49.099066"><time>2025-05-30T09:02:44.001Z</time></trkpt><trkpt lat="53.510361" lon="49.09919"><time>2025-05-30T09:02:46.001Z</time></trkpt><trkpt lat="53.510353" lon="49.09932"><time>2025-05-30T09:02:48.001Z</time></trkpt><trkpt lat="53.510344" lon="49.099455"><time>2025-05-30T09:02:50.001Z</time></trkpt><trkpt lat="53.510334" lon="49.099589"><time>2025-05-30T09:02:52.001Z</time></trkpt><trkpt lat="53.510324" lon="49.099718"><time>2025-05-30T09:02:54.001Z</time></trkpt><trkpt lat="53.510315" lon="49.099839"><time>2025-05-30T09:02:56.001Z</time></trkpt><trkpt lat="53.510308" lon="49.099952"><time>2025-05-30T09:02:58.001Z</time></trkpt><trkpt lat="53.5103" lon="49.100066"><time>2025-05-30T09:03:00.000Z</time></trkpt><trkpt lat="53.510297" lon="49.10018"><time>2025-05-30T09:03:02.000Z</time></trkpt><trkpt lat="53.510293" lon="49.100298"><time>2025-05-30T09:03:04.001Z</time></trkpt><trkpt lat="53.510299" lon="49.100392"><time>2025-05-30T09:03:06.001Z</time></trkpt><trkpt lat="53.510298" lon="49.100487"><time>2025-05-30T09:03:08.001Z</time></trkpt><trkpt lat="53.510287" lon="49.100588"><time>2025-05-30T09:03:10.001Z</time></trkpt><trkpt lat="53.510264" lon="49.100716"><time>2025-05-30T09:03:12.001Z</time></trkpt><trkpt lat="53.510242" lon="49.100856"><time>2025-05-30T09:03:14.001Z</time></trkpt><trkpt lat="53.510228" lon="49.100998"><time>2025-05-30T09:03:16.000Z</time></trkpt><trkpt lat="53.510215" lon="49.101149"><time>2025-05-30T09:03:18.001Z</time></trkpt><trkpt lat="53.510204" lon="49.101298"><time>2025-05-30T09:03:20.001Z</time></trkpt><trkpt lat="53.510192" lon="49.101438"><time>2025-05-30T09:03:22.001Z</time></trkpt><trkpt lat="53.510179" lon="49.101575"><time>2025-05-30T09:03:24.001Z</time></trkpt><trkpt lat="53.510165" lon="49.101705"><time>2025-05-30T09:03:26.001Z</time></trkpt><trkpt lat="53.510152" lon="49.101836"><time>2025-05-30T09:03:28.001Z</time></trkpt><trkpt lat="53.510143" lon="49.101966"><time>2025-05-30T09:03:30.001Z</time></trkpt><trkpt lat="53.51014" lon="49.102096"><time>2025-05-30T09:03:32.001Z</time></trkpt><trkpt lat="53.510137" lon="49.102223"><time>2025-05-30T09:03:34.001Z</time></trkpt><trkpt lat="53.510133" lon="49.102354"><time>2025-05-30T09:03:36.001Z</time></trkpt><trkpt lat="53.510127" lon="49.102492"><time>2025-05-30T09:03:38.001Z</time></trkpt><trkpt lat="53.510117" lon="49.102634"><time>2025-05-30T09:03:40.001Z</time></trkpt><trkpt lat="53.510106" lon="49.102769"><time>2025-05-30T09:03:42.001Z</time></trkpt><trkpt lat="53.510094" lon="49.102905"><time>2025-05-30T09:03:44.001Z</time></trkpt><trkpt lat="53.510086" lon="49.103039"><time>2025-05-30T09:03:46.001Z</time></trkpt><trkpt lat="53.510079" lon="49.10317"><time>2025-05-30T09:03:48.001Z</time></trkpt><trkpt lat="53.510066" lon="49.103302"><time>2025-05-30T09:03:50.001Z</time></trkpt><trkpt lat="53.51005" lon="49.103442"><time>2025-05-30T09:03:52.001Z</time></trkpt><trkpt lat="53.51003" lon="49.103578"><time>2025-05-30T09:03:54.001Z</time></trkpt><trkpt lat="53.510012" lon="49.103718"><time>2025-05-30T09:03:56.001Z</time></trkpt><trkpt lat="53.509991" lon="49.103879"><time>2025-05-30T09:03:58.001Z</time></trkpt><trkpt lat="53.509972" lon="49.104041"><time>2025-05-30T09:04:01.001Z</time></trkpt><trkpt lat="53.509955" lon="49.104197"><time>2025-05-30T09:04:03.001Z</time></trkpt><trkpt lat="53.509941" lon="49.104327"><time>2025-05-30T09:04:05.001Z</time></trkpt><trkpt lat="53.509927" lon="49.104457"><time>2025-05-30T09:04:07.001Z</time></trkpt><trkpt lat="53.509916" lon="49.104583"><time>2025-05-30T09:04:09.001Z</time></trkpt><trkpt lat="53.509909" lon="49.104711"><time>2025-05-30T09:04:11.001Z</time></trkpt><trkpt lat="53.5099" lon="49.104841"><time>2025-05-30T09:04:13.001Z</time></trkpt><trkpt lat="53.509888" lon="49.104973"><time>2025-05-30T09:04:15.001Z</time></trkpt><trkpt lat="53.509871" lon="49.105111"><time>2025-05-30T09:04:17.001Z</time></trkpt><trkpt lat="53.509852" lon="49.105256"><time>2025-05-30T09:04:19.001Z</time></trkpt><trkpt lat="53.509832" lon="49.105402"><time>2025-05-30T09:04:21.001Z</time></trkpt><trkpt lat="53.509818" lon="49.105567"><time>2025-05-30T09:04:23.001Z</time></trkpt><trkpt lat="53.509808" lon="49.10575"><time>2025-05-30T09:04:26.001Z</time></trkpt><trkpt lat="53.509801" lon="49.105931"><time>2025-05-30T09:04:29.001Z</time></trkpt><trkpt lat="53.509795" lon="49.106085"><time>2025-05-30T09:04:31.001Z</time></trkpt><trkpt lat="53.509785" lon="49.106206"><time>2025-05-30T09:04:33.001Z</time></trkpt><trkpt lat="53.509779" lon="49.106323"><time>2025-05-30T09:04:35.001Z</time></trkpt><trkpt lat="53.509773" lon="49.106436"><time>2025-05-30T09:04:37.001Z</time></trkpt><trkpt lat="53.509766" lon="49.106566"><time>2025-05-30T09:04:39.001Z</time></trkpt><trkpt lat="53.509753" lon="49.106699"><time>2025-05-30T09:04:41.001Z</time></trkpt><trkpt lat="53.509736" lon="49.10684"><time>2025-05-30T09:04:43.001Z</time></trkpt><trkpt lat="53.509721" lon="49.106976"><time>2025-05-30T09:04:45.001Z</time></trkpt><trkpt lat="53.509713" lon="49.107097"><time>2025-05-30T09:04:47.001Z</time></trkpt><trkpt lat="53.509707" lon="49.107219"><time>2025-05-30T09:04:49.001Z</time></trkpt><trkpt lat="53.509704" lon="49.107331"><time>2025-05-30T09:04:51.001Z</time></trkpt><trkpt lat="53.509696" lon="49.107447"><time>2025-05-30T09:04:53.001Z</time></trkpt><trkpt lat="53.509685" lon="49.107554"><time>2025-05-30T09:04:55.001Z</time></trkpt><trkpt lat="53.509666" lon="49.107672"><time>2025-05-30T09:04:57.001Z</time></trkpt><trkpt lat="53.509636" lon="49.107799"><time>2025-05-30T09:04:59.001Z</time></trkpt><trkpt lat="53.509602" lon="49.107918"><time>2025-05-30T09:05:01.001Z</time></trkpt><trkpt lat="53.50958" lon="49.10803"><time>2025-05-30T09:05:03.001Z</time></trkpt><trkpt lat="53.509574" lon="49.108139"><time>2025-05-30T09:05:05.001Z</time></trkpt><trkpt lat="53.509585" lon="49.108261"><time>2025-05-30T09:05:07.001Z</time></trkpt><trkpt lat="53.509602" lon="49.108379"><time>2025-05-30T09:05:09.001Z</time></trkpt><trkpt lat="53.509623" lon="49.108491"><time>2025-05-30T09:05:11.001Z</time></trkpt><trkpt lat="53.509645" lon="49.108585"><time>2025-05-30T09:05:13.001Z</time></trkpt><trkpt lat="53.509663" lon="49.108666"><time>2025-05-30T09:05:15.001Z</time></trkpt><trkpt lat="53.509677" lon="49.108737"><time>2025-05-30T09:05:17.001Z</time></trkpt><trkpt lat="53.509693" lon="49.108805"><time>2025-05-30T09:05:19.001Z</time></trkpt><trkpt lat="53.509714" lon="49.108876"><time>2025-05-30T09:05:21.001Z</time></trkpt><trkpt lat="53.509738" lon="49.108949"><time>2025-05-30T09:05:23.001Z</time></trkpt><trkpt lat="53.509762" lon="49.109023"><time>2025-05-30T09:05:25.001Z</time></trkpt><trkpt lat="53.509789" lon="49.109098"><time>2025-05-30T09:05:27.001Z</time></trkpt><trkpt lat="53.509815" lon="49.109171"><time>2025-05-30T09:05:29.001Z</time></trkpt><trkpt lat="53.509841" lon="49.109246"><time>2025-05-30T09:05:31.001Z</time></trkpt><trkpt lat="53.509866" lon="49.109325"><time>2025-05-30T09:05:33.001Z</time></trkpt><trkpt lat="53.509892" lon="49.109407"><time>2025-05-30T09:05:35.001Z</time></trkpt><trkpt lat="53.509917" lon="49.109489"><time>2025-05-30T09:05:37.001Z</time></trkpt><trkpt lat="53.509943" lon="49.109568"><time>2025-05-30T09:05:39.001Z</time></trkpt><trkpt lat="53.509968" lon="49.109644"><time>2025-05-30T09:05:41.001Z</time></trkpt><trkpt lat="53.509996" lon="49.109722"><time>2025-05-30T09:05:43.001Z</time></trkpt><trkpt lat="53.510024" lon="49.109805"><time>2025-05-30T09:05:45.001Z</time></trkpt><trkpt lat="53.510056" lon="49.109895"><time>2025-05-30T09:05:47.001Z</time></trkpt><trkpt lat="53.51009" lon="49.10999"><time>2025-05-30T09:05:49.001Z</time></trkpt><trkpt lat="53.510123" lon="49.110086"><time>2025-05-30T09:05:51.001Z</time></trkpt><trkpt lat="53.510154" lon="49.110177"><time>2025-05-30T09:05:53.001Z</time></trkpt><trkpt lat="53.510183" lon="49.110262"><time>2025-05-30T09:05:55.001Z</time></trkpt><trkpt lat="53.510211" lon="49.110346"><time>2025-05-30T09:05:57.001Z</time></trkpt><trkpt lat="53.510242" lon="49.110432"><time>2025-05-30T09:05:59.001Z</time></trkpt><trkpt lat="53.510275" lon="49.110521"><time>2025-05-30T09:06:01.001Z</time></trkpt><trkpt lat="53.510309" lon="49.110608"><time>2025-05-30T09:06:03.001Z</time></trkpt><trkpt lat="53.510348" lon="49.110716"><time>2025-05-30T09:06:05.001Z</time></trkpt><trkpt lat="53.510389" lon="49.110827"><time>2025-05-30T09:06:08.001Z</time></trkpt><trkpt lat="53.510432" lon="49.110939"><time>2025-05-30T09:06:10.001Z</time></trkpt><trkpt lat="53.510471" lon="49.111041"><time>2025-05-30T09:06:12.001Z</time></trkpt><trkpt lat="53.510511" lon="49.111148"><time>2025-05-30T09:06:14.001Z</time></trkpt><trkpt lat="53.510553" lon="49.11126"><time>2025-05-30T09:06:16.000Z</time></trkpt><trkpt lat="53.510593" lon="49.111365"><time>2025-05-30T09:06:18.001Z</time></trkpt><trkpt lat="53.510636" lon="49.111465"><time>2025-05-30T09:06:20.001Z</time></trkpt><trkpt lat="53.510679" lon="49.111569"><time>2025-05-30T09:06:22.001Z</time></trkpt><trkpt lat="53.510723" lon="49.111681"><time>2025-05-30T09:06:24.001Z</time></trkpt><trkpt lat="53.510766" lon="49.111798"><time>2025-05-30T09:06:26.001Z</time></trkpt><trkpt lat="53.510808" lon="49.111917"><time>2025-05-30T09:06:28.001Z</time></trkpt><trkpt lat="53.510857" lon="49.112053"><time>2025-05-30T09:06:30.001Z</time></trkpt><trkpt lat="53.510907" lon="49.112184"><time>2025-05-30T09:06:33.001Z</time></trkpt><trkpt lat="53.510953" lon="49.11231"><time>2025-05-30T09:06:35.001Z</time></trkpt><trkpt lat="53.510986" lon="49.112419"><time>2025-05-30T09:06:37.001Z</time></trkpt><trkpt lat="53.51101" lon="49.112532"><time>2025-05-30T09:06:39.001Z</time></trkpt><trkpt lat="53.511022" lon="49.112646"><time>2025-05-30T09:06:41.001Z</time></trkpt><trkpt lat="53.511025" lon="49.112761"><time>2025-05-30T09:06:43.001Z</time></trkpt><trkpt lat="53.511023" lon="49.11288"><time>2025-05-30T09:06:45.001Z</time></trkpt><trkpt lat="53.51102" lon="49.113001"><time>2025-05-30T09:06:47.001Z</time></trkpt><trkpt lat="53.511016" lon="49.11313"><time>2025-05-30T09:06:49.001Z</time></trkpt><trkpt lat="53.511011" lon="49.113259"><time>2025-05-30T09:06:51.001Z</time></trkpt><trkpt lat="53.511009" lon="49.113389"><time>2025-05-30T09:06:53.001Z</time></trkpt><trkpt lat="53.511009" lon="49.113513"><time>2025-05-30T09:06:55.001Z</time></trkpt><trkpt lat="53.511007" lon="49.113639"><time>2025-05-30T09:06:57.001Z</time></trkpt><trkpt lat="53.511" lon="49.11377"><time>2025-05-30T09:06:59.001Z</time></trkpt><trkpt lat="53.510993" lon="49.113902"><time>2025-05-30T09:07:01.001Z</time></trkpt><trkpt lat="53.510989" lon="49.114031"><time>2025-05-30T09:07:03.001Z</time></trkpt><trkpt lat="53.510984" lon="49.114151"><time>2025-05-30T09:07:05.001Z</time></trkpt><trkpt lat="53.510984" lon="49.114261"><time>2025-05-30T09:07:07.001Z</time></trkpt><trkpt lat="53.510984" lon="49.114366"><time>2025-05-30T09:07:09.001Z</time></trkpt><trkpt lat="53.510988" lon="49.114468"><time>2025-05-30T09:07:11.001Z</time></trkpt><trkpt lat="53.51099" lon="49.114578"><time>2025-05-30T09:07:13.001Z</time></trkpt><trkpt lat="53.510986" lon="49.114696"><time>2025-05-30T09:07:15.001Z</time></trkpt><trkpt lat="53.510977" lon="49.114826"><time>2025-05-30T09:07:17.001Z</time></trkpt><trkpt lat="53.510965" lon="49.114955"><time>2025-05-30T09:07:19.001Z</time></trkpt><trkpt lat="53.510956" lon="49.115086"><time>2025-05-30T09:07:21.001Z</time></trkpt><trkpt lat="53.510949" lon="49.115214"><time>2025-05-30T09:07:23.001Z</time></trkpt><trkpt lat="53.51094" lon="49.115336"><time>2025-05-30T09:07:25.001Z</time></trkpt><trkpt lat="53.51093" lon="49.115452"><time>2025-05-30T09:07:27.001Z</time></trkpt><trkpt lat="53.510921" lon="49.11556"><time>2025-05-30T09:07:29.001Z</time></trkpt><trkpt lat="53.510915" lon="49.115669"><time>2025-05-30T09:07:31.001Z</time></trkpt><trkpt lat="53.510913" lon="49.115775"><time>2025-05-30T09:07:33.001Z</time></trkpt><trkpt lat="53.510911" lon="49.115883"><time>2025-05-30T09:07:35.001Z</time></trkpt><trkpt lat="53.510905" lon="49.115995"><time>2025-05-30T09:07:37.001Z</time></trkpt><trkpt lat="53.510898" lon="49.116107"><time>2025-05-30T09:07:39.001Z</time></trkpt><trkpt lat="53.510884" lon="49.116214"><time>2025-05-30T09:07:41.001Z</time></trkpt><trkpt lat="53.510854" lon="49.116302"><time>2025-05-30T09:07:43.001Z</time></trkpt><trkpt lat="53.510805" lon="49.116365"><time>2025-05-30T09:07:45.001Z</time></trkpt><trkpt lat="53.510746" lon="49.116404"><time>2025-05-30T09:07:47.001Z</time></trkpt><trkpt lat="53.510684" lon="49.11643"><time>2025-05-30T09:07:49.001Z</time></trkpt><trkpt lat="53.510621" lon="49.116452"><time>2025-05-30T09:07:51.001Z</time></trkpt><trkpt lat="53.510549" lon="49.116472"><time>2025-05-30T09:07:53.001Z</time></trkpt><trkpt lat="53.51047" lon="49.11649"><time>2025-05-30T09:07:55.001Z</time></trkpt><trkpt lat="53.510386" lon="49.116505"><time>2025-05-30T09:07:57.001Z</time></trkpt><trkpt lat="53.510305" lon="49.116515"><time>2025-05-30T09:07:59.001Z</time></trkpt><trkpt lat="53.510233" lon="49.116522"><time>2025-05-30T09:08:01.001Z</time></trkpt><trkpt lat="53.510167" lon="49.116527"><time>2025-05-30T09:08:03.001Z</time></trkpt><trkpt lat="53.510109" lon="49.116527"><time>2025-05-30T09:08:05.001Z</time></trkpt><trkpt lat="53.51006" lon="49.116525"><time>2025-05-30T09:08:07.001Z</time></trkpt><trkpt lat="53.510021" lon="49.116516"><time>2025-05-30T09:08:09.001Z</time></trkpt><trkpt lat="53.509984" lon="49.116503"><time>2025-05-30T09:08:11.001Z</time></trkpt><trkpt lat="53.509936" lon="49.116484"><time>2025-05-30T09:08:13.001Z</time></trkpt><trkpt lat="53.509878" lon="49.116465"><time>2025-05-30T09:08:15.001Z</time></trkpt><trkpt lat="53.509811" lon="49.116449"><time>2025-05-30T09:08:17.001Z</time></trkpt><trkpt lat="53.509738" lon="49.116438"><time>2025-05-30T09:08:19.001Z</time></trkpt><trkpt lat="53.509663" lon="49.116431"><time>2025-05-30T09:08:21.001Z</time></trkpt><trkpt lat="53.509586" lon="49.116429"><time>2025-05-30T09:08:23.001Z</time></trkpt><trkpt lat="53.50951" lon="49.116427"><time>2025-05-30T09:08:25.001Z</time></trkpt><trkpt lat="53.509429" lon="49.116424"><time>2025-05-30T09:08:27.001Z</time></trkpt><trkpt lat="53.509346" lon="49.116419"><time>2025-05-30T09:08:29.001Z</time></trkpt><trkpt lat="53.509263" lon="49.116412"><time>2025-05-30T09:08:31.001Z</time></trkpt><trkpt lat="53.509183" lon="49.116404"><time>2025-05-30T09:08:33.001Z</time></trkpt><trkpt lat="53.509106" lon="49.116396"><time>2025-05-30T09:08:35.001Z</time></trkpt><trkpt lat="53.509026" lon="49.116386"><time>2025-05-30T09:08:37.001Z</time></trkpt><trkpt lat="53.508935" lon="49.116375"><time>2025-05-30T09:08:39.001Z</time></trkpt><trkpt lat="53.50884" lon="49.116366"><time>2025-05-30T09:08:41.001Z</time></trkpt><trkpt lat="53.508752" lon="49.116368"><time>2025-05-30T09:08:43.001Z</time></trkpt><trkpt lat="53.508666" lon="49.11637"><time>2025-05-30T09:08:45.001Z</time></trkpt><trkpt lat="53.508569" lon="49.116367"><time>2025-05-30T09:08:47.001Z</time></trkpt><trkpt lat="53.50846" lon="49.116359"><time>2025-05-30T09:08:49.001Z</time></trkpt><trkpt lat="53.508354" lon="49.116356"><time>2025-05-30T09:08:51.001Z</time></trkpt><trkpt lat="53.508254" lon="49.116352"><time>2025-05-30T09:08:53.001Z</time></trkpt><trkpt lat="53.508159" lon="49.116344"><time>2025-05-30T09:08:55.001Z</time></trkpt><trkpt lat="53.508072" lon="49.116331"><time>2025-05-30T09:08:57.001Z</time></trkpt><trkpt lat="53.507999" lon="49.116322"><time>2025-05-30T09:08:59.001Z</time></trkpt><trkpt lat="53.50793" lon="49.116314"><time>2025-05-30T09:09:01.001Z</time></trkpt><trkpt lat="53.507862" lon="49.116308"><time>2025-05-30T09:09:03.001Z</time></trkpt><trkpt lat="53.507794" lon="49.1163"><time>2025-05-30T09:09:05.001Z</time></trkpt><trkpt lat="53.50773" lon="49.116296"><time>2025-05-30T09:09:07.001Z</time></trkpt><trkpt lat="53.50766" lon="49.11629"><time>2025-05-30T09:09:09.001Z</time></trkpt><trkpt lat="53.50758" lon="49.116284"><time>2025-05-30T09:09:11.001Z</time></trkpt><trkpt lat="53.507495" lon="49.116275"><time>2025-05-30T09:09:13.001Z</time></trkpt><trkpt lat="53.507411" lon="49.116265"><time>2025-05-30T09:09:15.002Z</time></trkpt><trkpt lat="53.507329" lon="49.116255"><time>2025-05-30T09:09:17.002Z</time></trkpt><trkpt lat="53.507244" lon="49.116247"><time>2025-05-30T09:09:19.002Z</time></trkpt><trkpt lat="53.507157" lon="49.116245"><time>2025-05-30T09:09:21.002Z</time></trkpt><trkpt lat="53.507068" lon="49.116241"><time>2025-05-30T09:09:23.002Z</time></trkpt><trkpt lat="53.506983" lon="49.116241"><time>2025-05-30T09:09:25.002Z</time></trkpt><trkpt lat="53.506903" lon="49.116247"><time>2025-05-30T09:09:27.002Z</time></trkpt><trkpt lat="53.506826" lon="49.116263"><time>2025-05-30T09:09:29.002Z</time></trkpt><trkpt lat="53.506753" lon="49.116283"><time>2025-05-30T09:09:31.002Z</time></trkpt><trkpt lat="53.50668" lon="49.116302"><time>2025-05-30T09:09:33.002Z</time></trkpt><trkpt lat="53.506605" lon="49.116323"><time>2025-05-30T09:09:35.002Z</time></trkpt><trkpt lat="53.506529" lon="49.116336"><time>2025-05-30T09:09:37.002Z</time></trkpt><trkpt lat="53.506453" lon="49.116341"><time>2025-05-30T09:09:39.002Z</time></trkpt><trkpt lat="53.506378" lon="49.116338"><time>2025-05-30T09:09:41.002Z</time></trkpt><trkpt lat="53.506299" lon="49.116336"><time>2025-05-30T09:09:43.002Z</time></trkpt><trkpt lat="53.506201" lon="49.116347"><time>2025-05-30T09:09:45.002Z</time></trkpt><trkpt lat="53.506102" lon="49.116372"><time>2025-05-30T09:09:48.002Z</time></trkpt><trkpt lat="53.506005" lon="49.116407"><time>2025-05-30T09:09:50.002Z</time></trkpt><trkpt lat="53.505924" lon="49.116439"><time>2025-05-30T09:09:52.002Z</time></trkpt><trkpt lat="53.505843" lon="49.116469"><time>2025-05-30T09:09:54.002Z</time></trkpt><trkpt lat="53.505762" lon="49.116493"><time>2025-05-30T09:09:56.002Z</time></trkpt><trkpt lat="53.505681" lon="49.11651"><time>2025-05-30T09:09:58.002Z</time></trkpt><trkpt lat="53.505602" lon="49.116521"><time>2025-05-30T09:10:00.001Z</time></trkpt><trkpt lat="53.505523" lon="49.116527"><time>2025-05-30T09:10:02.002Z</time></trkpt><trkpt lat="53.505443" lon="49.116532"><time>2025-05-30T09:10:04.001Z</time></trkpt><trkpt lat="53.50536" lon="49.116534"><time>2025-05-30T09:10:06.002Z</time></trkpt><trkpt lat="53.505278" lon="49.116535"><time>2025-05-30T09:10:08.002Z</time></trkpt><trkpt lat="53.505197" lon="49.116533"><time>2025-05-30T09:10:10.002Z</time></trkpt><trkpt lat="53.50512" lon="49.116529"><time>2025-05-30T09:10:12.002Z</time></trkpt><trkpt lat="53.505045" lon="49.116523"><time>2025-05-30T09:10:14.002Z</time></trkpt><trkpt lat="53.504967" lon="49.116516"><time>2025-05-30T09:10:16.002Z</time></trkpt><trkpt lat="53.504873" lon="49.116509"><time>2025-05-30T09:10:18.002Z</time></trkpt><trkpt lat="53.504773" lon="49.116501"><time>2025-05-30T09:10:21.002Z</time></trkpt><trkpt lat="53.504678" lon="49.116497"><time>2025-05-30T09:10:23.002Z</time></trkpt><trkpt lat="53.504605" lon="49.116501"><time>2025-05-30T09:10:25.002Z</time></trkpt><trkpt lat="53.504546" lon="49.116528"><time>2025-05-30T09:10:27.002Z</time></trkpt><trkpt lat="53.504494" lon="49.116586"><time>2025-05-30T09:10:29.002Z</time></trkpt><trkpt lat="53.504448" lon="49.116675"><time>2025-05-30T09:10:31.002Z</time></trkpt><trkpt lat="53.504385" lon="49.116843"><time>2025-05-30T09:10:33.002Z</time></trkpt><trkpt lat="53.504324" lon="49.117018"><time>2025-05-30T09:10:38.002Z</time></trkpt><trkpt lat="53.504261" lon="49.117191"><time>2025-05-30T09:10:40.002Z</time></trkpt><trkpt lat="53.504216" lon="49.117309"><time>2025-05-30T09:10:42.002Z</time></trkpt><trkpt lat="53.504164" lon="49.117426"><time>2025-05-30T09:10:44.002Z</time></trkpt><trkpt lat="53.504108" lon="49.117546"><time>2025-05-30T09:10:46.002Z</time></trkpt><trkpt lat="53.504052" lon="49.117667"><time>2025-05-30T09:10:48.002Z</time></trkpt><trkpt lat="53.503999" lon="49.117794"><time>2025-05-30T09:10:50.002Z</time></trkpt><trkpt lat="53.503949" lon="49.117923"><time>2025-05-30T09:10:52.002Z</time></trkpt><trkpt lat="53.5039" lon="49.11805"><time>2025-05-30T09:10:54.002Z</time></trkpt><trkpt lat="53.503851" lon="49.118172"><time>2025-05-30T09:10:56.002Z</time></trkpt><trkpt lat="53.503804" lon="49.118291"><time>2025-05-30T09:10:58.002Z</time></trkpt><trkpt lat="53.503724" lon="49.118469"><time>2025-05-30T09:11:00.001Z</time></trkpt><trkpt lat="53.503646" lon="49.118643"><time>2025-05-30T09:11:07.002Z</time></trkpt><trkpt lat="53.50357" lon="49.118808"><time>2025-05-30T09:11:09.002Z</time></trkpt><trkpt lat="53.503527" lon="49.118908"><time>2025-05-30T09:11:11.002Z</time></trkpt><trkpt lat="53.503479" lon="49.119004"><time>2025-05-30T09:11:13.002Z</time></trkpt><trkpt lat="53.503428" lon="49.119108"><time>2025-05-30T09:11:15.002Z</time></trkpt><trkpt lat="53.50338" lon="49.119224"><time>2025-05-30T09:11:17.002Z</time></trkpt><trkpt lat="53.503334" lon="49.119359"><time>2025-05-30T09:11:19.002Z</time></trkpt><trkpt lat="53.503288" lon="49.119496"><time>2025-05-30T09:11:21.002Z</time></trkpt><trkpt lat="53.50324" lon="49.119636"><time>2025-05-30T09:11:23.002Z</time></trkpt><trkpt lat="53.503193" lon="49.119775"><time>2025-05-30T09:11:25.002Z</time></trkpt><trkpt lat="53.503146" lon="49.11992"><time>2025-05-30T09:11:27.002Z</time></trkpt><trkpt lat="53.503086" lon="49.120078"><time>2025-05-30T09:11:29.002Z</time></trkpt><trkpt lat="53.50303" lon="49.120221"><time>2025-05-30T09:11:32.001Z</time></trkpt><trkpt lat="53.502976" lon="49.120357"><time>2025-05-30T09:11:34.002Z</time></trkpt><trkpt lat="53.502936" lon="49.120472"><time>2025-05-30T09:11:36.002Z</time></trkpt><trkpt lat="53.502887" lon="49.120609"><time>2025-05-30T09:11:38.002Z</time></trkpt><trkpt lat="53.502838" lon="49.120749"><time>2025-05-30T09:11:41.002Z</time></trkpt><trkpt lat="53.502789" lon="49.120892"><time>2025-05-30T09:11:43.002Z</time></trkpt><trkpt lat="53.502761" lon="49.121026"><time>2025-05-30T09:11:45.002Z</time></trkpt><trkpt lat="53.502752" lon="49.121158"><time>2025-05-30T09:11:47.002Z</time></trkpt><trkpt lat="53.502751" lon="49.121291"><time>2025-05-30T09:11:49.002Z</time></trkpt><trkpt lat="53.502749" lon="49.121429"><time>2025-05-30T09:11:51.002Z</time></trkpt><trkpt lat="53.502735" lon="49.121583"><time>2025-05-30T09:11:53.002Z</time></trkpt><trkpt lat="53.502714" lon="49.121739"><time>2025-05-30T09:11:57.002Z</time></trkpt><trkpt lat="53.502699" lon="49.121895"><time>2025-05-30T09:11:59.002Z</time></trkpt><trkpt lat="53.502692" lon="49.122027"><time>2025-05-30T09:12:01.002Z</time></trkpt><trkpt lat="53.502698" lon="49.122158"><time>2025-05-30T09:12:03.002Z</time></trkpt><trkpt lat="53.502705" lon="49.122271"><time>2025-05-30T09:12:05.002Z</time></trkpt><trkpt lat="53.50272" lon="49.122378"><time>2025-05-30T09:12:07.002Z</time></trkpt><trkpt lat="53.50274" lon="49.122472"><time>2025-05-30T09:12:09.002Z</time></trkpt><trkpt lat="53.502761" lon="49.122563"><time>2025-05-30T09:12:11.002Z</time></trkpt><trkpt lat="53.502777" lon="49.122667"><time>2025-05-30T09:12:13.002Z</time></trkpt><trkpt lat="53.502794" lon="49.122787"><time>2025-05-30T09:12:15.002Z</time></trkpt><trkpt lat="53.50281" lon="49.122902"><time>2025-05-30T09:12:17.002Z</time></trkpt><trkpt lat="53.502823" lon="49.123004"><time>2025-05-30T09:12:19.002Z</time></trkpt><trkpt lat="53.502824" lon="49.123089"><time>2025-05-30T09:12:21.002Z</time></trkpt><trkpt lat="53.502817" lon="49.123179"><time>2025-05-30T09:12:23.002Z</time></trkpt><trkpt lat="53.502816" lon="49.123291"><time>2025-05-30T09:12:25.002Z</time></trkpt><trkpt lat="53.502821" lon="49.123424"><time>2025-05-30T09:12:27.002Z</time></trkpt><trkpt lat="53.502823" lon="49.123563"><time>2025-05-30T09:12:29.002Z</time></trkpt><trkpt lat="53.502817" lon="49.123693"><time>2025-05-30T09:12:31.002Z</time></trkpt><trkpt lat="53.502804" lon="49.123823"><time>2025-05-30T09:12:33.002Z</time></trkpt><trkpt lat="53.502788" lon="49.123959"><time>2025-05-30T09:12:35.002Z</time></trkpt><trkpt lat="53.502775" lon="49.124099"><time>2025-05-30T09:12:37.002Z</time></trkpt><trkpt lat="53.502771" lon="49.124236"><time>2025-05-30T09:12:39.002Z</time></trkpt><trkpt lat="53.502778" lon="49.124371"><time>2025-05-30T09:12:41.002Z</time></trkpt><trkpt lat="53.502791" lon="49.124531"><time>2025-05-30T09:12:43.002Z</time></trkpt><trkpt lat="53.502799" lon="49.124694"><time>2025-05-30T09:12:46.002Z</time></trkpt><trkpt lat="53.502801" lon="49.124863"><time>2025-05-30T09:12:48.002Z</time></trkpt><trkpt lat="53.502797" lon="49.125002"><time>2025-05-30T09:12:50.002Z</time></trkpt><trkpt lat="53.502798" lon="49.125132"><time>2025-05-30T09:12:52.002Z</time></trkpt><trkpt lat="53.502808" lon="49.125253"><time>2025-05-30T09:12:54.002Z</time></trkpt><trkpt lat="53.50282" lon="49.125382"><time>2025-05-30T09:12:56.002Z</time></trkpt><trkpt lat="53.502833" lon="49.125517"><time>2025-05-30T09:12:58.002Z</time></trkpt><trkpt lat="53.502843" lon="49.125648"><time>2025-05-30T09:13:00.001Z</time></trkpt><trkpt lat="53.502851" lon="49.125778"><time>2025-05-30T09:13:02.002Z</time></trkpt><trkpt lat="53.50286" lon="49.125902"><time>2025-05-30T09:13:04.001Z</time></trkpt><trkpt lat="53.50287" lon="49.126019"><time>2025-05-30T09:13:06.002Z</time></trkpt><trkpt lat="53.502882" lon="49.126131"><time>2025-05-30T09:13:08.002Z</time></trkpt><trkpt lat="53.502891" lon="49.126235"><time>2025-05-30T09:13:10.002Z</time></trkpt><trkpt lat="53.502898" lon="49.126336"><time>2025-05-30T09:13:12.002Z</time></trkpt><trkpt lat="53.502911" lon="49.126445"><time>2025-05-30T09:13:14.002Z</time></trkpt><trkpt lat="53.502925" lon="49.12656"><time>2025-05-30T09:13:17.002Z</time></trkpt><trkpt lat="53.502936" lon="49.126688"><time>2025-05-30T09:13:19.002Z</time></trkpt><trkpt lat="53.502937" lon="49.12681"><time>2025-05-30T09:13:21.002Z</time></trkpt><trkpt lat="53.502933" lon="49.126927"><time>2025-05-30T09:13:23.002Z</time></trkpt><trkpt lat="53.50293" lon="49.127029"><time>2025-05-30T09:13:25.002Z</time></trkpt><trkpt lat="53.502932" lon="49.127118"><time>2025-05-30T09:13:27.002Z</time></trkpt><trkpt lat="53.502938" lon="49.127208"><time>2025-05-30T09:13:29.002Z</time></trkpt><trkpt lat="53.502946" lon="49.127301"><time>2025-05-30T09:13:31.002Z</time></trkpt><trkpt lat="53.50295" lon="49.127398"><time>2025-05-30T09:13:33.002Z</time></trkpt><trkpt lat="53.502951" lon="49.127502"><time>2025-05-30T09:13:35.002Z</time></trkpt><trkpt lat="53.502949" lon="49.127608"><time>2025-05-30T09:13:37.002Z</time></trkpt><trkpt lat="53.502943" lon="49.127713"><time>2025-05-30T09:13:39.002Z</time></trkpt><trkpt lat="53.502938" lon="49.127806"><time>2025-05-30T09:13:41.002Z</time></trkpt><trkpt lat="53.502939" lon="49.127885"><time>2025-05-30T09:13:43.002Z</time></trkpt><trkpt lat="53.502959" lon="49.127953"><time>2025-05-30T09:13:45.002Z</time></trkpt><trkpt lat="53.502982" lon="49.128018"><time>2025-05-30T09:13:47.002Z</time></trkpt><trkpt lat="53.502994" lon="49.128101"><time>2025-05-30T09:13:49.002Z</time></trkpt><trkpt lat="53.502987" lon="49.128194"><time>2025-05-30T09:13:51.002Z</time></trkpt><trkpt lat="53.502979" lon="49.128302"><time>2025-05-30T09:13:53.002Z</time></trkpt><trkpt lat="53.502977" lon="49.128413"><time>2025-05-30T09:13:55.002Z</time></trkpt><trkpt lat="53.502984" lon="49.128531"><time>2025-05-30T09:13:57.002Z</time></trkpt><trkpt lat="53.50299" lon="49.128647"><time>2025-05-30T09:13:59.002Z</time></trkpt><trkpt lat="53.502995" lon="49.128758"><time>2025-05-30T09:14:01.002Z</time></trkpt><trkpt lat="53.503" lon="49.128865"><time>2025-05-30T09:14:03.002Z</time></trkpt><trkpt lat="53.503005" lon="49.128975"><time>2025-05-30T09:14:05.002Z</time></trkpt><trkpt lat="53.50301" lon="49.129088"><time>2025-05-30T09:14:07.002Z</time></trkpt><trkpt lat="53.503016" lon="49.129207"><time>2025-05-30T09:14:09.002Z</time></trkpt><trkpt lat="53.503019" lon="49.129327"><time>2025-05-30T09:14:11.002Z</time></trkpt><trkpt lat="53.503019" lon="49.129445"><time>2025-05-30T09:14:13.002Z</time></trkpt><trkpt lat="53.503016" lon="49.12956"><time>2025-05-30T09:14:15.002Z</time></trkpt><trkpt lat="53.503015" lon="49.129673"><time>2025-05-30T09:14:17.002Z</time></trkpt><trkpt lat="53.503018" lon="49.129781"><time>2025-05-30T09:14:19.002Z</time></trkpt><trkpt lat="53.503028" lon="49.129882"><time>2025-05-30T09:14:21.002Z</time></trkpt><trkpt lat="53.503042" lon="49.129974"><time>2025-05-30T09:14:23.002Z</time></trkpt><trkpt lat="53.503055" lon="49.130069"><time>2025-05-30T09:14:25.002Z</time></trkpt><trkpt lat="53.503061" lon="49.130169"><time>2025-05-30T09:14:28.002Z</time></trkpt><trkpt lat="53.503063" lon="49.130273"><time>2025-05-30T09:14:30.002Z</time></trkpt><trkpt lat="53.503058" lon="49.130383"><time>2025-05-30T09:14:32.001Z</time></trkpt><trkpt lat="53.503052" lon="49.1305"><time>2025-05-30T09:14:34.002Z</time></trkpt><trkpt lat="53.503052" lon="49.130633"><time>2025-05-30T09:14:36.002Z</time></trkpt><trkpt lat="53.503061" lon="49.130756"><time>2025-05-30T09:14:39.002Z</time></trkpt><trkpt lat="53.503073" lon="49.130862"><time>2025-05-30T09:14:41.002Z</time></trkpt><trkpt lat="53.503083" lon="49.130945"><time>2025-05-30T09:14:43.002Z</time></trkpt><trkpt lat="53.503091" lon="49.131034"><time>2025-05-30T09:14:45.002Z</time></trkpt><trkpt lat="53.503102" lon="49.131144"><time>2025-05-30T09:14:47.002Z</time></trkpt><trkpt lat="53.503116" lon="49.131256"><time>2025-05-30T09:14:50.002Z</time></trkpt><trkpt lat="53.503125" lon="49.131367"><time>2025-05-30T09:14:52.002Z</time></trkpt><trkpt lat="53.503128" lon="49.131466"><time>2025-05-30T09:14:54.002Z</time></trkpt><trkpt lat="53.503125" lon="49.131562"><time>2025-05-30T09:14:56.002Z</time></trkpt><trkpt lat="53.50312" lon="49.131652"><time>2025-05-30T09:14:58.002Z</time></trkpt><trkpt lat="53.503115" lon="49.131732"><time>2025-05-30T09:15:00.001Z</time></trkpt><trkpt lat="53.503113" lon="49.13181"><time>2025-05-30T09:15:02.002Z</time></trkpt><trkpt lat="53.503128" lon="49.131904"><time>2025-05-30T09:15:04.001Z</time></trkpt><trkpt lat="53.503145" lon="49.132016"><time>2025-05-30T09:15:06.002Z</time></trkpt><trkpt lat="53.503162" lon="49.132144"><time>2025-05-30T09:15:08.002Z</time></trkpt><trkpt lat="53.503166" lon="49.132269"><time>2025-05-30T09:15:10.002Z</time></trkpt><trkpt lat="53.503173" lon="49.132391"><time>2025-05-30T09:15:12.002Z</time></trkpt><trkpt lat="53.503181" lon="49.132508"><time>2025-05-30T09:15:14.002Z</time></trkpt><trkpt lat="53.50319" lon="49.132613"><time>2025-05-30T09:15:16.002Z</time></trkpt><trkpt lat="53.5032" lon="49.1327"><time>2025-05-30T09:15:18.002Z</time></trkpt><trkpt lat="53.503207" lon="49.132768"><time>2025-05-30T09:15:20.002Z</time></trkpt><trkpt lat="53.503211" lon="49.132825"><time>2025-05-30T09:15:22.002Z</time></trkpt><trkpt lat="53.503211" lon="49.132888"><time>2025-05-30T09:15:24.002Z</time></trkpt><trkpt lat="53.503208" lon="49.132969"><time>2025-05-30T09:15:26.002Z</time></trkpt><trkpt lat="53.503205" lon="49.133068"><time>2025-05-30T09:15:28.002Z</time></trkpt><trkpt lat="53.503202" lon="49.133181"><time>2025-05-30T09:15:30.002Z</time></trkpt><trkpt lat="53.503199" lon="49.133301"><time>2025-05-30T09:15:32.001Z</time></trkpt><trkpt lat="53.503196" lon="49.133429"><time>2025-05-30T09:15:34.002Z</time></trkpt><trkpt lat="53.503194" lon="49.133551"><time>2025-05-30T09:15:36.002Z</time></trkpt><trkpt lat="53.503192" lon="49.133663"><time>2025-05-30T09:15:38.002Z</time></trkpt><trkpt lat="53.50319" lon="49.133761"><time>2025-05-30T09:15:40.002Z</time></trkpt><trkpt lat="53.503191" lon="49.133852"><time>2025-05-30T09:15:42.002Z</time></trkpt><trkpt lat="53.503196" lon="49.13394"><time>2025-05-30T09:15:44.002Z</time></trkpt><trkpt lat="53.5032" lon="49.134023"><time>2025-05-30T09:15:46.002Z</time></trkpt><trkpt lat="53.503199" lon="49.134108"><time>2025-05-30T09:15:48.002Z</time></trkpt><trkpt lat="53.503197" lon="49.134199"><time>2025-05-30T09:15:50.002Z</time></trkpt><trkpt lat="53.503195" lon="49.134299"><time>2025-05-30T09:15:52.002Z</time></trkpt><trkpt lat="53.503198" lon="49.134398"><time>2025-05-30T09:15:54.002Z</time></trkpt><trkpt lat="53.503201" lon="49.134496"><time>2025-05-30T09:15:56.002Z</time></trkpt><trkpt lat="53.503205" lon="49.134598"><time>2025-05-30T09:15:58.002Z</time></trkpt><trkpt lat="53.503212" lon="49.134718"><time>2025-05-30T09:16:01.002Z</time></trkpt><trkpt lat="53.50322" lon="49.134847"><time>2025-05-30T09:16:03.002Z</time></trkpt><trkpt lat="53.503229" lon="49.134981"><time>2025-05-30T09:16:05.002Z</time></trkpt><trkpt lat="53.503233" lon="49.135107"><time>2025-05-30T09:16:07.002Z</time></trkpt><trkpt lat="53.503231" lon="49.13523"><time>2025-05-30T09:16:09.002Z</time></trkpt><trkpt lat="53.503227" lon="49.13535"><time>2025-05-30T09:16:11.002Z</time></trkpt><trkpt lat="53.503222" lon="49.135472"><time>2025-05-30T09:16:13.002Z</time></trkpt><trkpt lat="53.503217" lon="49.135598"><time>2025-05-30T09:16:15.002Z</time></trkpt><trkpt lat="53.503215" lon="49.135745"><time>2025-05-30T09:16:17.002Z</time></trkpt><trkpt lat="53.503215" lon="49.135894"><time>2025-05-30T09:16:20.002Z</time></trkpt><trkpt lat="53.50322" lon="49.136043"><time>2025-05-30T09:16:22.002Z</time></trkpt><trkpt lat="53.503226" lon="49.136171"><time>2025-05-30T09:16:24.002Z</time></trkpt><trkpt lat="53.503235" lon="49.136295"><time>2025-05-30T09:16:26.002Z</time></trkpt><trkpt lat="53.503247" lon="49.136408"><time>2025-05-30T09:16:28.002Z</time></trkpt><trkpt lat="53.503257" lon="49.136503"><time>2025-05-30T09:16:30.002Z</time></trkpt><trkpt lat="53.503259" lon="49.136592"><time>2025-05-30T09:16:32.001Z</time></trkpt><trkpt lat="53.503252" lon="49.136693"><time>2025-05-30T09:16:34.002Z</time></trkpt><trkpt lat="53.50324" lon="49.136808"><time>2025-05-30T09:16:36.002Z</time></trkpt><trkpt lat="53.503223" lon="49.13693"><time>2025-05-30T09:16:38.002Z</time></trkpt><trkpt lat="53.503204" lon="49.137128"><time>2025-05-30T09:16:40.002Z</time></trkpt><trkpt lat="53.503187" lon="49.137333"><time>2025-05-30T09:16:46.002Z</time></trkpt><trkpt lat="53.503172" lon="49.137559"><time>2025-05-30T09:16:48.002Z</time></trkpt><trkpt lat="53.503168" lon="49.137703"><time>2025-05-30T09:16:50.002Z</time></trkpt><trkpt lat="53.503162" lon="49.137822"><time>2025-05-30T09:16:52.002Z</time></trkpt><trkpt lat="53.503158" lon="49.137928"><time>2025-05-30T09:16:54.002Z</time></trkpt><trkpt lat="53.50315" lon="49.138029"><time>2025-05-30T09:16:56.002Z</time></trkpt><trkpt lat="53.503147" lon="49.138141"><time>2025-05-30T09:16:58.002Z</time></trkpt><trkpt lat="53.503149" lon="49.138243"><time>2025-05-30T09:17:00.001Z</time></trkpt><trkpt lat="53.503153" lon="49.138348"><time>2025-05-30T09:17:02.002Z</time></trkpt><trkpt lat="53.503155" lon="49.138452"><time>2025-05-30T09:17:04.001Z</time></trkpt><trkpt lat="53.503148" lon="49.138566"><time>2025-05-30T09:17:07.002Z</time></trkpt><trkpt lat="53.50313" lon="49.138678"><time>2025-05-30T09:17:10.002Z</time></trkpt><trkpt lat="53.503114" lon="49.138788"><time>2025-05-30T09:17:12.002Z</time></trkpt><trkpt lat="53.50311" lon="49.13888"><time>2025-05-30T09:17:14.002Z</time></trkpt><trkpt lat="53.503118" lon="49.138969"><time>2025-05-30T09:17:16.002Z</time></trkpt><trkpt lat="53.503127" lon="49.139058"><time>2025-05-30T09:17:18.002Z</time></trkpt><trkpt lat="53.503134" lon="49.139147"><time>2025-05-30T09:17:20.002Z</time></trkpt><trkpt lat="53.503142" lon="49.139222"><time>2025-05-30T09:17:22.002Z</time></trkpt><trkpt lat="53.503144" lon="49.139286"><time>2025-05-30T09:17:24.002Z</time></trkpt><trkpt lat="53.503141" lon="49.139344"><time>2025-05-30T09:17:26.002Z</time></trkpt><trkpt lat="53.503133" lon="49.139421"><time>2025-05-30T09:17:28.002Z</time></trkpt><trkpt lat="53.503111" lon="49.139555"><time>2025-05-30T09:17:32.001Z</time></trkpt><trkpt lat="53.503089" lon="49.139701"><time>2025-05-30T09:17:36.002Z</time></trkpt><trkpt lat="53.503073" lon="49.139841"><time>2025-05-30T09:17:38.002Z</time></trkpt><trkpt lat="53.503083" lon="49.139929"><time>2025-05-30T09:17:40.002Z</time></trkpt><trkpt lat="53.503104" lon="49.140011"><time>2025-05-30T09:17:42.002Z</time></trkpt><trkpt lat="53.503118" lon="49.140086"><time>2025-05-30T09:17:45.002Z</time></trkpt><trkpt lat="53.503121" lon="49.140169"><time>2025-05-30T09:17:47.002Z</time></trkpt><trkpt lat="53.503114" lon="49.140258"><time>2025-05-30T09:17:49.002Z</time></trkpt><trkpt lat="53.503109" lon="49.14035"><time>2025-05-30T09:17:51.002Z</time></trkpt><trkpt lat="53.503106" lon="49.14043"><time>2025-05-30T09:17:53.002Z</time></trkpt><trkpt lat="53.503106" lon="49.140504"><time>2025-05-30T09:17:55.002Z</time></trkpt><trkpt lat="53.503104" lon="49.140585"><time>2025-05-30T09:17:57.002Z</time></trkpt><trkpt lat="53.503099" lon="49.140684"><time>2025-05-30T09:17:59.002Z</time></trkpt><trkpt lat="53.503096" lon="49.140792"><time>2025-05-30T09:18:01.002Z</time></trkpt><trkpt lat="53.5031" lon="49.140893"><time>2025-05-30T09:18:03.002Z</time></trkpt><trkpt lat="53.503099" lon="49.141032"><time>2025-05-30T09:18:05.002Z</time></trkpt><trkpt lat="53.503091" lon="49.141169"><time>2025-05-30T09:18:11.002Z</time></trkpt><trkpt lat="53.503075" lon="49.141311"><time>2025-05-30T09:18:13.002Z</time></trkpt><trkpt lat="53.503062" lon="49.141412"><time>2025-05-30T09:18:15.002Z</time></trkpt><trkpt lat="53.50305" lon="49.141515"><time>2025-05-30T09:18:17.002Z</time></trkpt><trkpt lat="53.503032" lon="49.141615"><time>2025-05-30T09:18:19.002Z</time></trkpt><trkpt lat="53.50301" lon="49.141716"><time>2025-05-30T09:18:21.002Z</time></trkpt><trkpt lat="53.502983" lon="49.141813"><time>2025-05-30T09:18:23.002Z</time></trkpt><trkpt lat="53.502959" lon="49.141912"><time>2025-05-30T09:18:25.002Z</time></trkpt><trkpt lat="53.502942" lon="49.142008"><time>2025-05-30T09:18:27.002Z</time></trkpt><trkpt lat="53.502936" lon="49.142104"><time>2025-05-30T09:18:29.002Z</time></trkpt><trkpt lat="53.502935" lon="49.142192"><time>2025-05-30T09:18:31.002Z</time></trkpt><trkpt lat="53.502936" lon="49.142279"><time>2025-05-30T09:18:33.002Z</time></trkpt><trkpt lat="53.502932" lon="49.142364"><time>2025-05-30T09:18:35.002Z</time></trkpt><trkpt lat="53.502923" lon="49.142455"><time>2025-05-30T09:18:37.002Z</time></trkpt><trkpt lat="53.502905" lon="49.142545"><time>2025-05-30T09:18:39.002Z</time></trkpt><trkpt lat="53.502888" lon="49.142641"><time>2025-05-30T09:18:41.002Z</time></trkpt><trkpt lat="53.50287" lon="49.142732"><time>2025-05-30T09:18:43.002Z</time></trkpt><trkpt lat="53.502852" lon="49.142821"><time>2025-05-30T09:18:45.002Z</time></trkpt><trkpt lat="53.502829" lon="49.142905"><time>2025-05-30T09:18:47.002Z</time></trkpt><trkpt lat="53.502809" lon="49.143"><time>2025-05-30T09:18:49.002Z</time></trkpt><trkpt lat="53.502798" lon="49.143104"><time>2025-05-30T09:18:51.002Z</time></trkpt><trkpt lat="53.502794" lon="49.143221"><time>2025-05-30T09:18:53.002Z</time></trkpt><trkpt lat="53.502788" lon="49.143343"><time>2025-05-30T09:18:55.002Z</time></trkpt><trkpt lat="53.502775" lon="49.143472"><time>2025-05-30T09:18:57.002Z</time></trkpt><trkpt lat="53.502755" lon="49.143614"><time>2025-05-30T09:18:59.002Z</time></trkpt><trkpt lat="53.502736" lon="49.143756"><time>2025-05-30T09:19:02.002Z</time></trkpt><trkpt lat="53.502719" lon="49.143898"><time>2025-05-30T09:19:04.001Z</time></trkpt><trkpt lat="53.502709" lon="49.144029"><time>2025-05-30T09:19:06.002Z</time></trkpt><trkpt lat="53.502704" lon="49.14416"><time>2025-05-30T09:19:08.002Z</time></trkpt><trkpt lat="53.502697" lon="49.14429"><time>2025-05-30T09:19:10.002Z</time></trkpt><trkpt lat="53.50269" lon="49.144407"><time>2025-05-30T09:19:12.002Z</time></trkpt><trkpt lat="53.50268" lon="49.144514"><time>2025-05-30T09:19:14.002Z</time></trkpt><trkpt lat="53.502673" lon="49.144618"><time>2025-05-30T09:19:16.002Z</time></trkpt><trkpt lat="53.50267" lon="49.144719"><time>2025-05-30T09:19:19.002Z</time></trkpt><trkpt lat="53.502667" lon="49.144806"><time>2025-05-30T09:19:21.002Z</time></trkpt><trkpt lat="53.502673" lon="49.144872"><time>2025-05-30T09:19:23.002Z</time></trkpt><trkpt lat="53.502677" lon="49.14495"><time>2025-05-30T09:19:39.002Z</time></trkpt><trkpt lat="53.502679" lon="49.14505"><time>2025-05-30T09:19:43.002Z</time></trkpt><trkpt lat="53.50267" lon="49.145164"><time>2025-05-30T09:19:45.002Z</time></trkpt><trkpt lat="53.502655" lon="49.145265"><time>2025-05-30T09:19:47.002Z</time></trkpt><trkpt lat="53.502634" lon="49.145355"><time>2025-05-30T09:19:49.002Z</time></trkpt><trkpt lat="53.502608" lon="49.145444"><time>2025-05-30T09:19:51.002Z</time></trkpt><trkpt lat="53.502578" lon="49.145541"><time>2025-05-30T09:19:53.002Z</time></trkpt><trkpt lat="53.502553" lon="49.14565"><time>2025-05-30T09:19:55.002Z</time></trkpt><trkpt lat="53.502534" lon="49.145763"><time>2025-05-30T09:19:57.002Z</time></trkpt><trkpt lat="53.502526" lon="49.145872"><time>2025-05-30T09:19:59.002Z</time></trkpt><trkpt lat="53.502523" lon="49.145969"><time>2025-05-30T09:20:01.002Z</time></trkpt><trkpt lat="53.502524" lon="49.146056"><time>2025-05-30T09:20:03.002Z</time></trkpt><trkpt lat="53.502526" lon="49.146143"><time>2025-05-30T09:20:05.002Z</time></trkpt><trkpt lat="53.502525" lon="49.146235"><time>2025-05-30T09:20:07.002Z</time></trkpt><trkpt lat="53.502514" lon="49.146327"><time>2025-05-30T09:20:09.002Z</time></trkpt><trkpt lat="53.502492" lon="49.146408"><time>2025-05-30T09:20:11.002Z</time></trkpt><trkpt lat="53.50246" lon="49.146487"><time>2025-05-30T09:20:13.002Z</time></trkpt><trkpt lat="53.502431" lon="49.146578"><time>2025-05-30T09:20:15.002Z</time></trkpt><trkpt lat="53.502406" lon="49.146681"><time>2025-05-30T09:20:17.002Z</time></trkpt><trkpt lat="53.502381" lon="49.146805"><time>2025-05-30T09:20:19.002Z</time></trkpt><trkpt lat="53.502353" lon="49.146922"><time>2025-05-30T09:20:22.002Z</time></trkpt><trkpt lat="53.502326" lon="49.147034"><time>2025-05-30T09:20:24.002Z</time></trkpt><trkpt lat="53.502307" lon="49.14712"><time>2025-05-30T09:20:26.002Z</time></trkpt><trkpt lat="53.50229" lon="49.147202"><time>2025-05-30T09:20:28.002Z</time></trkpt><trkpt lat="53.502272" lon="49.147289"><time>2025-05-30T09:20:30.002Z</time></trkpt><trkpt lat="53.502255" lon="49.147382"><time>2025-05-30T09:20:32.001Z</time></trkpt><trkpt lat="53.502237" lon="49.14748"><time>2025-05-30T09:20:34.002Z</time></trkpt><trkpt lat="53.502217" lon="49.147573"><time>2025-05-30T09:20:36.002Z</time></trkpt><trkpt lat="53.502194" lon="49.147662"><time>2025-05-30T09:20:38.002Z</time></trkpt><trkpt lat="53.502172" lon="49.147745"><time>2025-05-30T09:20:40.002Z</time></trkpt><trkpt lat="53.502153" lon="49.147821"><time>2025-05-30T09:20:42.002Z</time></trkpt><trkpt lat="53.502137" lon="49.147894"><time>2025-05-30T09:20:44.002Z</time></trkpt><trkpt lat="53.502125" lon="49.14796"><time>2025-05-30T09:20:46.002Z</time></trkpt><trkpt lat="53.502112" lon="49.148019"><time>2025-05-30T09:20:48.002Z</time></trkpt><trkpt lat="53.502099" lon="49.148116"><time>2025-05-30T09:25:22.002Z</time></trkpt><trkpt lat="53.502131" lon="49.148239"><time>2025-05-30T09:28:49.002Z</time></trkpt><trkpt lat="53.502128" lon="49.148363"><time>2025-05-30T09:28:51.002Z</time></trkpt><trkpt lat="53.502124" lon="49.14848"><time>2025-05-30T09:28:53.002Z</time></trkpt><trkpt lat="53.502121" lon="49.148593"><time>2025-05-30T09:28:55.002Z</time></trkpt><trkpt lat="53.50213" lon="49.148688"><time>2025-05-30T09:28:57.002Z</time></trkpt><trkpt lat="53.502155" lon="49.148788"><time>2025-05-30T09:28:59.002Z</time></trkpt><trkpt lat="53.502189" lon="49.148885"><time>2025-05-30T09:29:02.002Z</time></trkpt><trkpt lat="53.502223" lon="49.148976"><time>2025-05-30T09:29:04.001Z</time></trkpt><trkpt lat="53.502245" lon="49.149061"><time>2025-05-30T09:29:06.002Z</time></trkpt><trkpt lat="53.502256" lon="49.149155"><time>2025-05-30T09:29:08.002Z</time></trkpt><trkpt lat="53.502266" lon="49.14926"><time>2025-05-30T09:29:10.002Z</time></trkpt><trkpt lat="53.502284" lon="49.149385"><time>2025-05-30T09:29:12.002Z</time></trkpt><trkpt lat="53.502308" lon="49.149524"><time>2025-05-30T09:29:14.002Z</time></trkpt><trkpt lat="53.502327" lon="49.149658"><time>2025-05-30T09:29:16.002Z</time></trkpt><trkpt lat="53.50233" lon="49.149791"><time>2025-05-30T09:29:18.002Z</time></trkpt><trkpt lat="53.502313" lon="49.149911"><time>2025-05-30T09:29:20.002Z</time></trkpt><trkpt lat="53.502287" lon="49.15004"><time>2025-05-30T09:29:22.002Z</time></trkpt><trkpt lat="53.502253" lon="49.150186"><time>2025-05-30T09:29:24.002Z</time></trkpt><trkpt lat="53.502227" lon="49.150336"><time>2025-05-30T09:29:27.002Z</time></trkpt><trkpt lat="53.502206" lon="49.15049"><time>2025-05-30T09:29:29.002Z</time></trkpt><trkpt lat="53.502187" lon="49.150623"><time>2025-05-30T09:29:31.002Z</time></trkpt><trkpt lat="53.502164" lon="49.150746"><time>2025-05-30T09:29:33.002Z</time></trkpt><trkpt lat="53.502145" lon="49.150862"><time>2025-05-30T09:29:35.002Z</time></trkpt><trkpt lat="53.502141" lon="49.150977"><time>2025-05-30T09:29:37.002Z</time></trkpt><trkpt lat="53.502149" lon="49.15109"><time>2025-05-30T09:29:39.002Z</time></trkpt><trkpt lat="53.50216" lon="49.15119"><time>2025-05-30T09:29:41.002Z</time></trkpt><trkpt lat="53.502169" lon="49.151276"><time>2025-05-30T09:29:43.002Z</time></trkpt><trkpt lat="53.502176" lon="49.151348"><time>2025-05-30T09:29:45.002Z</time></trkpt><trkpt lat="53.502174" lon="49.151413"><time>2025-05-30T09:29:47.002Z</time></trkpt><trkpt lat="53.50217" lon="49.151477"><time>2025-05-30T09:29:49.002Z</time></trkpt><trkpt lat="53.502163" lon="49.151543"><time>2025-05-30T09:29:51.002Z</time></trkpt><trkpt lat="53.502154" lon="49.151608"><time>2025-05-30T09:29:53.002Z</time></trkpt><trkpt lat="53.502146" lon="49.151669"><time>2025-05-30T09:29:57.002Z</time></trkpt><trkpt lat="53.502145" lon="49.151751"><time>2025-05-30T09:30:01.002Z</time></trkpt><trkpt lat="53.502148" lon="49.151798"><time>2025-05-30T09:30:07.002Z</time></trkpt><trkpt lat="53.502155" lon="49.151785"><time>2025-05-30T09:30:13.002Z</time></trkpt><trkpt lat="53.502141" lon="49.151754"><time>2025-05-30T09:30:19.002Z</time></trkpt><trkpt lat="53.502121" lon="49.151771"><time>2025-05-30T09:30:23.002Z</time></trkpt><trkpt lat="53.502081" lon="49.151849"><time>2025-05-30T09:30:25.002Z</time></trkpt><trkpt lat="53.502037" lon="49.151909"><time>2025-05-30T09:30:27.002Z</time></trkpt><trkpt lat="53.501975" lon="49.151937"><time>2025-05-30T09:30:29.002Z</time></trkpt><trkpt lat="53.501906" lon="49.15196"><time>2025-05-30T09:30:31.002Z</time></trkpt><trkpt lat="53.501856" lon="49.15201"><time>2025-05-30T09:30:33.002Z</time></trkpt><trkpt lat="53.501834" lon="49.152087"><time>2025-05-30T09:30:35.002Z</time></trkpt><trkpt lat="53.501833" lon="49.152172"><time>2025-05-30T09:30:37.002Z</time></trkpt><trkpt lat="53.501833" lon="49.152243"><time>2025-05-30T09:30:39.002Z</time></trkpt><trkpt lat="53.501835" lon="49.152311"><time>2025-05-30T09:30:41.002Z</time></trkpt><trkpt lat="53.501841" lon="49.152382"><time>2025-05-30T09:30:43.002Z</time></trkpt><trkpt lat="53.501843" lon="49.152469"><time>2025-05-30T09:30:45.002Z</time></trkpt><trkpt lat="53.501837" lon="49.152571"><time>2025-05-30T09:30:47.002Z</time></trkpt><trkpt lat="53.501824" lon="49.152683"><time>2025-05-30T09:30:49.002Z</time></trkpt><trkpt lat="53.501813" lon="49.152794"><time>2025-05-30T09:30:51.002Z</time></trkpt><trkpt lat="53.501809" lon="49.152901"><time>2025-05-30T09:30:53.002Z</time></trkpt><trkpt lat="53.501806" lon="49.153007"><time>2025-05-30T09:30:55.002Z</time></trkpt><trkpt lat="53.501801" lon="49.153112"><time>2025-05-30T09:30:57.002Z</time></trkpt><trkpt lat="53.501792" lon="49.15321"><time>2025-05-30T09:30:59.002Z</time></trkpt><trkpt lat="53.501783" lon="49.153304"><time>2025-05-30T09:31:01.002Z</time></trkpt><trkpt lat="53.501776" lon="49.153397"><time>2025-05-30T09:31:03.002Z</time></trkpt><trkpt lat="53.501769" lon="49.153493"><time>2025-05-30T09:31:05.002Z</time></trkpt><trkpt lat="53.501764" lon="49.153584"><time>2025-05-30T09:31:07.002Z</time></trkpt><trkpt lat="53.50176" lon="49.153665"><time>2025-05-30T09:31:09.002Z</time></trkpt><trkpt lat="53.50177" lon="49.153739"><time>2025-05-30T09:31:11.002Z</time></trkpt><trkpt lat="53.501789" lon="49.153796"><time>2025-05-30T09:31:14.002Z</time></trkpt><trkpt lat="53.501818" lon="49.15384"><time>2025-05-30T09:31:16.002Z</time></trkpt><trkpt lat="53.501847" lon="49.153874"><time>2025-05-30T09:31:18.002Z</time></trkpt><trkpt lat="53.501873" lon="49.153913"><time>2025-05-30T09:31:21.002Z</time></trkpt><trkpt lat="53.501893" lon="49.153969"><time>2025-05-30T09:31:23.002Z</time></trkpt><trkpt lat="53.501906" lon="49.154041"><time>2025-05-30T09:31:25.002Z</time></trkpt><trkpt lat="53.501913" lon="49.154144"><time>2025-05-30T09:31:27.002Z</time></trkpt><trkpt lat="53.501918" lon="49.154254"><time>2025-05-30T09:31:30.002Z</time></trkpt><trkpt lat="53.501919" lon="49.154372"><time>2025-05-30T09:31:32.001Z</time></trkpt><trkpt lat="53.50192" lon="49.154486"><time>2025-05-30T09:31:34.002Z</time></trkpt><trkpt lat="53.501921" lon="49.154603"><time>2025-05-30T09:31:36.002Z</time></trkpt><trkpt lat="53.501924" lon="49.15472"><time>2025-05-30T09:31:38.002Z</time></trkpt><trkpt lat="53.501929" lon="49.154831"><time>2025-05-30T09:31:40.002Z</time></trkpt><trkpt lat="53.501933" lon="49.154951"><time>2025-05-30T09:31:42.002Z</time></trkpt><trkpt lat="53.501937" lon="49.155064"><time>2025-05-30T09:31:45.002Z</time></trkpt><trkpt lat="53.50194" lon="49.155175"><time>2025-05-30T09:31:47.002Z</time></trkpt><trkpt lat="53.501945" lon="49.155274"><time>2025-05-30T09:31:49.002Z</time></trkpt><trkpt lat="53.501949" lon="49.155378"><time>2025-05-30T09:31:51.002Z</time></trkpt><trkpt lat="53.501956" lon="49.155484"><time>2025-05-30T09:31:53.002Z</time></trkpt><trkpt lat="53.501962" lon="49.155584"><time>2025-05-30T09:31:55.002Z</time></trkpt><trkpt lat="53.50197" lon="49.155672"><time>2025-05-30T09:31:57.002Z</time></trkpt><trkpt lat="53.501976" lon="49.155752"><time>2025-05-30T09:31:59.002Z</time></trkpt><trkpt lat="53.501979" lon="49.155832"><time>2025-05-30T09:32:01.002Z</time></trkpt><trkpt lat="53.501978" lon="49.155923"><time>2025-05-30T09:32:03.002Z</time></trkpt><trkpt lat="53.501974" lon="49.156028"><time>2025-05-30T09:32:05.002Z</time></trkpt><trkpt lat="53.50197" lon="49.156144"><time>2025-05-30T09:32:07.002Z</time></trkpt><trkpt lat="53.501969" lon="49.15626"><time>2025-05-30T09:32:09.002Z</time></trkpt><trkpt lat="53.501973" lon="49.156369"><time>2025-05-30T09:32:11.002Z</time></trkpt><trkpt lat="53.50198" lon="49.156472"><time>2025-05-30T09:32:13.002Z</time></trkpt><trkpt lat="53.501992" lon="49.156563"><time>2025-05-30T09:32:15.002Z</time></trkpt><trkpt lat="53.502013" lon="49.156624"><time>2025-05-30T09:32:17.002Z</time></trkpt><trkpt lat="53.502038" lon="49.156676"><time>2025-05-30T09:32:19.002Z</time></trkpt><trkpt lat="53.502063" lon="49.156758"><time>2025-05-30T09:32:22.002Z</time></trkpt><trkpt lat="53.502078" lon="49.156895"><time>2025-05-30T09:32:24.002Z</time></trkpt><trkpt lat="53.502084" lon="49.157046"><time>2025-05-30T09:32:26.002Z</time></trkpt><trkpt lat="53.502081" lon="49.157186"><time>2025-05-30T09:32:28.002Z</time></trkpt><trkpt lat="53.502079" lon="49.157302"><time>2025-05-30T09:32:30.002Z</time></trkpt><trkpt lat="53.50208" lon="49.157409"><time>2025-05-30T09:32:32.001Z</time></trkpt><trkpt lat="53.502084" lon="49.157499"><time>2025-05-30T09:32:34.002Z</time></trkpt><trkpt lat="53.502089" lon="49.157583"><time>2025-05-30T09:32:36.002Z</time></trkpt><trkpt lat="53.502095" lon="49.157675"><time>2025-05-30T09:32:38.002Z</time></trkpt><trkpt lat="53.5021" lon="49.157773"><time>2025-05-30T09:32:40.002Z</time></trkpt><trkpt lat="53.50211" lon="49.157883"><time>2025-05-30T09:32:42.002Z</time></trkpt><trkpt lat="53.502121" lon="49.157981"><time>2025-05-30T09:32:45.002Z</time></trkpt><trkpt lat="53.502135" lon="49.15807"><time>2025-05-30T09:32:47.002Z</time></trkpt><trkpt lat="53.502146" lon="49.158227"><time>2025-05-30T09:32:49.002Z</time></trkpt><trkpt lat="53.502151" lon="49.158402"><time>2025-05-30T09:32:57.002Z</time></trkpt><trkpt lat="53.502155" lon="49.158582"><time>2025-05-30T09:32:59.002Z</time></trkpt><trkpt lat="53.502161" lon="49.158675"><time>2025-05-30T09:33:01.002Z</time></trkpt><trkpt lat="53.502172" lon="49.15876"><time>2025-05-30T09:33:03.002Z</time></trkpt><trkpt lat="53.502188" lon="49.158843"><time>2025-05-30T09:33:05.002Z</time></trkpt><trkpt lat="53.502212" lon="49.158928"><time>2025-05-30T09:33:07.002Z</time></trkpt><trkpt lat="53.502245" lon="49.159008"><time>2025-05-30T09:33:09.002Z</time></trkpt><trkpt lat="53.502275" lon="49.159086"><time>2025-05-30T09:33:12.002Z</time></trkpt><trkpt lat="53.502297" lon="49.159163"><time>2025-05-30T09:33:14.002Z</time></trkpt><trkpt lat="53.502307" lon="49.15924"><time>2025-05-30T09:33:16.002Z</time></trkpt><trkpt lat="53.502311" lon="49.159315"><time>2025-05-30T09:33:18.002Z</time></trkpt><trkpt lat="53.502314" lon="49.159389"><time>2025-05-30T09:33:20.002Z</time></trkpt><trkpt lat="53.502313" lon="49.159472"><time>2025-05-30T09:33:22.002Z</time></trkpt><trkpt lat="53.502314" lon="49.159566"><time>2025-05-30T09:33:24.002Z</time></trkpt><trkpt lat="53.502317" lon="49.15967"><time>2025-05-30T09:33:26.002Z</time></trkpt><trkpt lat="53.502324" lon="49.15977"><time>2025-05-30T09:33:28.002Z</time></trkpt><trkpt lat="53.502331" lon="49.159864"><time>2025-05-30T09:33:30.002Z</time></trkpt><trkpt lat="53.502334" lon="49.15995"><time>2025-05-30T09:33:32.001Z</time></trkpt><trkpt lat="53.502334" lon="49.160034"><time>2025-05-30T09:33:34.002Z</time></trkpt><trkpt lat="53.502332" lon="49.160147"><time>2025-05-30T09:33:36.002Z</time></trkpt><trkpt lat="53.50233" lon="49.160283"><time>2025-05-30T09:33:39.002Z</time></trkpt><trkpt lat="53.502325" lon="49.160414"><time>2025-05-30T09:33:42.002Z</time></trkpt><trkpt lat="53.50232" lon="49.160518"><time>2025-05-30T09:33:44.002Z</time></trkpt><trkpt lat="53.502319" lon="49.160601"><time>2025-05-30T09:33:46.002Z</time></trkpt><trkpt lat="53.502323" lon="49.160687"><time>2025-05-30T09:33:48.002Z</time></trkpt><trkpt lat="53.502327" lon="49.160774"><time>2025-05-30T09:33:50.002Z</time></trkpt><trkpt lat="53.50233" lon="49.160857"><time>2025-05-30T09:33:52.002Z</time></trkpt><trkpt lat="53.502331" lon="49.160937"><time>2025-05-30T09:33:54.002Z</time></trkpt><trkpt lat="53.502331" lon="49.161018"><time>2025-05-30T09:33:56.002Z</time></trkpt><trkpt lat="53.502328" lon="49.161107"><time>2025-05-30T09:33:58.002Z</time></trkpt><trkpt lat="53.502324" lon="49.161202"><time>2025-05-30T09:34:00.001Z</time></trkpt><trkpt lat="53.50232" lon="49.161294"><time>2025-05-30T09:34:02.002Z</time></trkpt><trkpt lat="53.502313" lon="49.161389"><time>2025-05-30T09:34:04.001Z</time></trkpt><trkpt lat="53.502303" lon="49.161482"><time>2025-05-30T09:34:06.002Z</time></trkpt><trkpt lat="53.502293" lon="49.161578"><time>2025-05-30T09:34:08.002Z</time></trkpt><trkpt lat="53.502286" lon="49.161667"><time>2025-05-30T09:34:10.002Z</time></trkpt><trkpt lat="53.502278" lon="49.161779"><time>2025-05-30T09:34:12.002Z</time></trkpt><trkpt lat="53.50227" lon="49.161905"><time>2025-05-30T09:34:14.002Z</time></trkpt><trkpt lat="53.502262" lon="49.16204"><time>2025-05-30T09:34:16.002Z</time></trkpt><trkpt lat="53.502261" lon="49.162152"><time>2025-05-30T09:34:18.002Z</time></trkpt><trkpt lat="53.50226" lon="49.162255"><time>2025-05-30T09:34:20.003Z</time></trkpt><trkpt lat="53.502257" lon="49.162342"><time>2025-05-30T09:34:22.003Z</time></trkpt><trkpt lat="53.502242" lon="49.162409"><time>2025-05-30T09:34:24.000Z</time></trkpt><trkpt lat="53.502217" lon="49.162443"><time>2025-05-30T09:34:26.000Z</time></trkpt><trkpt lat="53.502186" lon="49.162451"><time>2025-05-30T09:34:28.000Z</time></trkpt><trkpt lat="53.502188" lon="49.16245"><time>2025-05-30T09:35:08.000Z</time></trkpt><trkpt lat="53.502221" lon="49.162446"><time>2025-05-30T09:35:14.000Z</time></trkpt><trkpt lat="53.502246" lon="49.162471"><time>2025-05-30T09:35:23.000Z</time></trkpt><trkpt lat="53.502266" lon="49.16253"><time>2025-05-30T09:35:27.000Z</time></trkpt><trkpt lat="53.502289" lon="49.162609"><time>2025-05-30T09:35:29.000Z</time></trkpt><trkpt lat="53.502317" lon="49.162693"><time>2025-05-30T09:35:31.000Z</time></trkpt><trkpt lat="53.502344" lon="49.162771"><time>2025-05-30T09:35:33.000Z</time></trkpt><trkpt lat="53.502368" lon="49.162837"><time>2025-05-30T09:35:35.000Z</time></trkpt><trkpt lat="53.50239" lon="49.162889"><time>2025-05-30T09:35:37.000Z</time></trkpt><trkpt lat="53.502413" lon="49.162934"><time>2025-05-30T09:35:39.000Z</time></trkpt><trkpt lat="53.502439" lon="49.162976"><time>2025-05-30T09:35:41.000Z</time></trkpt><trkpt lat="53.502467" lon="49.163025"><time>2025-05-30T09:35:43.000Z</time></trkpt><trkpt lat="53.502491" lon="49.163085"><time>2025-05-30T09:35:45.000Z</time></trkpt><trkpt lat="53.502509" lon="49.163163"><time>2025-05-30T09:35:47.000Z</time></trkpt><trkpt lat="53.502523" lon="49.16326"><time>2025-05-30T09:35:49.000Z</time></trkpt><trkpt lat="53.502536" lon="49.163361"><time>2025-05-30T09:35:51.000Z</time></trkpt><trkpt lat="53.502548" lon="49.163457"><time>2025-05-30T09:35:53.000Z</time></trkpt><trkpt lat="53.502559" lon="49.163537"><time>2025-05-30T09:35:55.000Z</time></trkpt><trkpt lat="53.502571" lon="49.163606"><time>2025-05-30T09:35:57.000Z</time></trkpt><trkpt lat="53.502589" lon="49.163676"><time>2025-05-30T09:35:59.000Z</time></trkpt><trkpt lat="53.502606" lon="49.163756"><time>2025-05-30T09:36:01.000Z</time></trkpt><trkpt lat="53.502622" lon="49.163848"><time>2025-05-30T09:36:03.000Z</time></trkpt><trkpt lat="53.502639" lon="49.163937"><time>2025-05-30T09:36:05.000Z</time></trkpt><trkpt lat="53.502659" lon="49.164023"><time>2025-05-30T09:36:07.000Z</time></trkpt><trkpt lat="53.50268" lon="49.164117"><time>2025-05-30T09:36:09.000Z</time></trkpt><trkpt lat="53.502699" lon="49.164236"><time>2025-05-30T09:36:11.000Z</time></trkpt><trkpt lat="53.502717" lon="49.164364"><time>2025-05-30T09:36:13.000Z</time></trkpt><trkpt lat="53.502735" lon="49.164499"><time>2025-05-30T09:36:15.000Z</time></trkpt><trkpt lat="53.502747" lon="49.164621"><time>2025-05-30T09:36:18.000Z</time></trkpt><trkpt lat="53.502752" lon="49.164735"><time>2025-05-30T09:36:20.000Z</time></trkpt><trkpt lat="53.502749" lon="49.164836"><time>2025-05-30T09:36:22.000Z</time></trkpt><trkpt lat="53.502751" lon="49.164932"><time>2025-05-30T09:36:24.000Z</time></trkpt><trkpt lat="53.502762" lon="49.165024"><time>2025-05-30T09:36:26.000Z</time></trkpt><trkpt lat="53.502782" lon="49.165113"><time>2025-05-30T09:36:28.000Z</time></trkpt><trkpt lat="53.502803" lon="49.165199"><time>2025-05-30T09:36:30.000Z</time></trkpt><trkpt lat="53.502822" lon="49.165292"><time>2025-05-30T09:36:32.000Z</time></trkpt><trkpt lat="53.502844" lon="49.165387"><time>2025-05-30T09:36:34.000Z</time></trkpt><trkpt lat="53.502872" lon="49.165477"><time>2025-05-30T09:36:36.000Z</time></trkpt><trkpt lat="53.502897" lon="49.165545"><time>2025-05-30T09:36:38.000Z</time></trkpt><trkpt lat="53.502919" lon="49.165616"><time>2025-05-30T09:36:40.000Z</time></trkpt><trkpt lat="53.502931" lon="49.165691"><time>2025-05-30T09:36:44.000Z</time></trkpt><trkpt lat="53.502945" lon="49.165853"><time>2025-05-30T09:36:46.000Z</time></trkpt><trkpt lat="53.502959" lon="49.166005"><time>2025-05-30T09:36:52.000Z</time></trkpt><trkpt lat="53.502972" lon="49.166232"><time>2025-05-30T09:36:54.000Z</time></trkpt><trkpt lat="53.502974" lon="49.166375"><time>2025-05-30T09:37:00.000Z</time></trkpt><trkpt lat="53.502967" lon="49.166519"><time>2025-05-30T09:37:02.000Z</time></trkpt><trkpt lat="53.502955" lon="49.166605"><time>2025-05-30T09:37:04.000Z</time></trkpt><trkpt lat="53.502947" lon="49.166708"><time>2025-05-30T09:37:06.000Z</time></trkpt><trkpt lat="53.502948" lon="49.166804"><time>2025-05-30T09:37:08.000Z</time></trkpt><trkpt lat="53.502957" lon="49.16687"><time>2025-05-30T09:37:10.000Z</time></trkpt><trkpt lat="53.502967" lon="49.166923"><time>2025-05-30T09:37:12.000Z</time></trkpt><trkpt lat="53.502974" lon="49.166992"><time>2025-05-30T09:37:14.000Z</time></trkpt><trkpt lat="53.50298" lon="49.167084"><time>2025-05-30T09:37:16.000Z</time></trkpt><trkpt lat="53.502991" lon="49.167185"><time>2025-05-30T09:37:18.000Z</time></trkpt><trkpt lat="53.503006" lon="49.167273"><time>2025-05-30T09:37:20.000Z</time></trkpt><trkpt lat="53.503025" lon="49.167338"><time>2025-05-30T09:37:22.000Z</time></trkpt><trkpt lat="53.503043" lon="49.167397"><time>2025-05-30T09:37:24.000Z</time></trkpt><trkpt lat="53.503057" lon="49.167469"><time>2025-05-30T09:37:26.000Z</time></trkpt><trkpt lat="53.503066" lon="49.16756"><time>2025-05-30T09:37:28.000Z</time></trkpt><trkpt lat="53.503076" lon="49.167669"><time>2025-05-30T09:37:30.000Z</time></trkpt><trkpt lat="53.503088" lon="49.16778"><time>2025-05-30T09:37:32.000Z</time></trkpt><trkpt lat="53.503105" lon="49.167881"><time>2025-05-30T09:37:34.000Z</time></trkpt><trkpt lat="53.503119" lon="49.167975"><time>2025-05-30T09:37:36.000Z</time></trkpt><trkpt lat="53.503133" lon="49.168073"><time>2025-05-30T09:37:38.000Z</time></trkpt><trkpt lat="53.503147" lon="49.168175"><time>2025-05-30T09:37:40.000Z</time></trkpt><trkpt lat="53.503163" lon="49.168277"><time>2025-05-30T09:37:42.000Z</time></trkpt><trkpt lat="53.503183" lon="49.16837"><time>2025-05-30T09:37:44.000Z</time></trkpt><trkpt lat="53.503203" lon="49.168467"><time>2025-05-30T09:37:46.000Z</time></trkpt><trkpt lat="53.503222" lon="49.16857"><time>2025-05-30T09:37:48.000Z</time></trkpt><trkpt lat="53.503237" lon="49.168676"><time>2025-05-30T09:37:50.000Z</time></trkpt><trkpt lat="53.503252" lon="49.168798"><time>2025-05-30T09:37:52.000Z</time></trkpt><trkpt lat="53.503265" lon="49.168914"><time>2025-05-30T09:37:55.000Z</time></trkpt><trkpt lat="53.503278" lon="49.169014"><time>2025-05-30T09:37:57.000Z</time></trkpt><trkpt lat="53.503288" lon="49.169095"><time>2025-05-30T09:37:59.000Z</time></trkpt><trkpt lat="53.503299" lon="49.169184"><time>2025-05-30T09:38:01.000Z</time></trkpt><trkpt lat="53.503314" lon="49.169299"><time>2025-05-30T09:38:03.000Z</time></trkpt><trkpt lat="53.503334" lon="49.169414"><time>2025-05-30T09:38:05.000Z</time></trkpt><trkpt lat="53.503354" lon="49.169523"><time>2025-05-30T09:38:07.000Z</time></trkpt><trkpt lat="53.503371" lon="49.169627"><time>2025-05-30T09:38:09.000Z</time></trkpt><trkpt lat="53.503396" lon="49.169732"><time>2025-05-30T09:38:11.000Z</time></trkpt><trkpt lat="53.503428" lon="49.169834"><time>2025-05-30T09:38:14.000Z</time></trkpt><trkpt lat="53.503464" lon="49.169938"><time>2025-05-30T09:38:16.000Z</time></trkpt><trkpt lat="53.503494" lon="49.170039"><time>2025-05-30T09:38:18.000Z</time></trkpt><trkpt lat="53.503516" lon="49.170133"><time>2025-05-30T09:38:20.000Z</time></trkpt><trkpt lat="53.503537" lon="49.170219"><time>2025-05-30T09:38:22.000Z</time></trkpt><trkpt lat="53.503558" lon="49.170301"><time>2025-05-30T09:38:24.000Z</time></trkpt><trkpt lat="53.503576" lon="49.170385"><time>2025-05-30T09:38:26.000Z</time></trkpt><trkpt lat="53.503591" lon="49.170477"><time>2025-05-30T09:38:28.000Z</time></trkpt><trkpt lat="53.503602" lon="49.170565"><time>2025-05-30T09:38:31.000Z</time></trkpt><trkpt lat="53.503619" lon="49.170663"><time>2025-05-30T09:38:33.000Z</time></trkpt><trkpt lat="53.503636" lon="49.170764"><time>2025-05-30T09:38:35.000Z</time></trkpt><trkpt lat="53.50365" lon="49.170879"><time>2025-05-30T09:38:37.000Z</time></trkpt><trkpt lat="53.503655" lon="49.171002"><time>2025-05-30T09:38:39.000Z</time></trkpt><trkpt lat="53.503657" lon="49.171129"><time>2025-05-30T09:38:41.000Z</time></trkpt><trkpt lat="53.503661" lon="49.171252"><time>2025-05-30T09:38:43.000Z</time></trkpt><trkpt lat="53.503672" lon="49.171368"><time>2025-05-30T09:38:45.000Z</time></trkpt><trkpt lat="53.503686" lon="49.171479"><time>2025-05-30T09:38:47.000Z</time></trkpt><trkpt lat="53.503703" lon="49.171603"><time>2025-05-30T09:38:49.000Z</time></trkpt><trkpt lat="53.503718" lon="49.171706"><time>2025-05-30T09:38:52.000Z</time></trkpt><trkpt lat="53.503734" lon="49.171797"><time>2025-05-30T09:38:54.000Z</time></trkpt><trkpt lat="53.503744" lon="49.171868"><time>2025-05-30T09:38:56.000Z</time></trkpt><trkpt lat="53.503755" lon="49.171956"><time>2025-05-30T09:38:58.000Z</time></trkpt><trkpt lat="53.503772" lon="49.172058"><time>2025-05-30T09:39:00.000Z</time></trkpt><trkpt lat="53.503793" lon="49.172164"><time>2025-05-30T09:39:02.000Z</time></trkpt><trkpt lat="53.503812" lon="49.172271"><time>2025-05-30T09:39:04.000Z</time></trkpt><trkpt lat="53.503822" lon="49.172381"><time>2025-05-30T09:39:06.000Z</time></trkpt><trkpt lat="53.503824" lon="49.172494"><time>2025-05-30T09:39:08.000Z</time></trkpt><trkpt lat="53.503824" lon="49.172606"><time>2025-05-30T09:39:10.000Z</time></trkpt><trkpt lat="53.503825" lon="49.172706"><time>2025-05-30T09:39:12.000Z</time></trkpt><trkpt lat="53.503829" lon="49.172811"><time>2025-05-30T09:39:14.000Z</time></trkpt><trkpt lat="53.503837" lon="49.172909"><time>2025-05-30T09:39:17.000Z</time></trkpt><trkpt lat="53.503846" lon="49.173007"><time>2025-05-30T09:39:19.000Z</time></trkpt><trkpt lat="53.503855" lon="49.173095"><time>2025-05-30T09:39:21.000Z</time></trkpt><trkpt lat="53.503865" lon="49.173198"><time>2025-05-30T09:39:23.000Z</time></trkpt><trkpt lat="53.503875" lon="49.173313"><time>2025-05-30T09:39:25.000Z</time></trkpt><trkpt lat="53.50389" lon="49.173433"><time>2025-05-30T09:39:27.000Z</time></trkpt><trkpt lat="53.503906" lon="49.173546"><time>2025-05-30T09:39:29.000Z</time></trkpt><trkpt lat="53.503922" lon="49.173661"><time>2025-05-30T09:39:31.000Z</time></trkpt><trkpt lat="53.503927" lon="49.173778"><time>2025-05-30T09:39:33.000Z</time></trkpt><trkpt lat="53.503922" lon="49.173891"><time>2025-05-30T09:39:35.000Z</time></trkpt><trkpt lat="53.503916" lon="49.173987"><time>2025-05-30T09:39:37.000Z</time></trkpt><trkpt lat="53.503919" lon="49.174067"><time>2025-05-30T09:39:39.000Z</time></trkpt><trkpt lat="53.503937" lon="49.174154"><time>2025-05-30T09:39:41.000Z</time></trkpt><trkpt lat="53.503959" lon="49.174255"><time>2025-05-30T09:39:44.000Z</time></trkpt><trkpt lat="53.50398" lon="49.174365"><time>2025-05-30T09:39:47.000Z</time></trkpt><trkpt lat="53.503995" lon="49.174468"><time>2025-05-30T09:39:49.000Z</time></trkpt><trkpt lat="53.504009" lon="49.174562"><time>2025-05-30T09:39:51.000Z</time></trkpt><trkpt lat="53.504019" lon="49.174655"><time>2025-05-30T09:39:53.000Z</time></trkpt><trkpt lat="53.504022" lon="49.174751"><time>2025-05-30T09:39:55.000Z</time></trkpt><trkpt lat="53.504023" lon="49.174847"><time>2025-05-30T09:39:57.000Z</time></trkpt><trkpt lat="53.504025" lon="49.174946"><time>2025-05-30T09:39:59.000Z</time></trkpt><trkpt lat="53.504032" lon="49.175049"><time>2025-05-30T09:40:01.000Z</time></trkpt><trkpt lat="53.504041" lon="49.175156"><time>2025-05-30T09:40:03.000Z</time></trkpt><trkpt lat="53.504055" lon="49.175263"><time>2025-05-30T09:40:05.000Z</time></trkpt><trkpt lat="53.50407" lon="49.175363"><time>2025-05-30T09:40:07.000Z</time></trkpt><trkpt lat="53.504084" lon="49.175457"><time>2025-05-30T09:40:09.000Z</time></trkpt><trkpt lat="53.504098" lon="49.175543"><time>2025-05-30T09:40:11.000Z</time></trkpt><trkpt lat="53.504113" lon="49.175626"><time>2025-05-30T09:40:13.000Z</time></trkpt><trkpt lat="53.504132" lon="49.175714"><time>2025-05-30T09:40:15.000Z</time></trkpt><trkpt lat="53.504148" lon="49.175813"><time>2025-05-30T09:40:17.000Z</time></trkpt><trkpt lat="53.504153" lon="49.175921"><time>2025-05-30T09:40:19.000Z</time></trkpt><trkpt lat="53.504155" lon="49.176028"><time>2025-05-30T09:40:21.000Z</time></trkpt><trkpt lat="53.504158" lon="49.176136"><time>2025-05-30T09:40:23.000Z</time></trkpt><trkpt lat="53.504169" lon="49.176244"><time>2025-05-30T09:40:25.000Z</time></trkpt><trkpt lat="53.50418" lon="49.176353"><time>2025-05-30T09:40:27.000Z</time></trkpt><trkpt lat="53.504188" lon="49.176457"><time>2025-05-30T09:40:29.000Z</time></trkpt><trkpt lat="53.504192" lon="49.176554"><time>2025-05-30T09:40:31.000Z</time></trkpt><trkpt lat="53.504197" lon="49.176649"><time>2025-05-30T09:40:33.000Z</time></trkpt><trkpt lat="53.504208" lon="49.176744"><time>2025-05-30T09:40:35.000Z</time></trkpt><trkpt lat="53.504226" lon="49.176837"><time>2025-05-30T09:40:37.000Z</time></trkpt><trkpt lat="53.504249" lon="49.176925"><time>2025-05-30T09:40:39.000Z</time></trkpt><trkpt lat="53.504271" lon="49.177016"><time>2025-05-30T09:40:41.000Z</time></trkpt><trkpt lat="53.504291" lon="49.17712"><time>2025-05-30T09:40:43.000Z</time></trkpt><trkpt lat="53.504308" lon="49.17723"><time>2025-05-30T09:40:45.000Z</time></trkpt><trkpt lat="53.504328" lon="49.177342"><time>2025-05-30T09:40:47.000Z</time></trkpt><trkpt lat="53.50435" lon="49.177448"><time>2025-05-30T09:40:49.000Z</time></trkpt><trkpt lat="53.504371" lon="49.177548"><time>2025-05-30T09:40:51.000Z</time></trkpt><trkpt lat="53.504384" lon="49.177646"><time>2025-05-30T09:40:53.000Z</time></trkpt><trkpt lat="53.504394" lon="49.177742"><time>2025-05-30T09:40:55.000Z</time></trkpt><trkpt lat="53.504404" lon="49.177856"><time>2025-05-30T09:40:57.000Z</time></trkpt><trkpt lat="53.504418" lon="49.177968"><time>2025-05-30T09:41:00.000Z</time></trkpt><trkpt lat="53.50443" lon="49.178074"><time>2025-05-30T09:41:02.000Z</time></trkpt><trkpt lat="53.504443" lon="49.178165"><time>2025-05-30T09:41:04.000Z</time></trkpt><trkpt lat="53.504457" lon="49.178252"><time>2025-05-30T09:41:06.000Z</time></trkpt><trkpt lat="53.504472" lon="49.178334"><time>2025-05-30T09:41:08.000Z</time></trkpt><trkpt lat="53.504484" lon="49.178411"><time>2025-05-30T09:41:10.000Z</time></trkpt><trkpt lat="53.504494" lon="49.178497"><time>2025-05-30T09:41:12.000Z</time></trkpt><trkpt lat="53.504506" lon="49.178597"><time>2025-05-30T09:41:14.000Z</time></trkpt><trkpt lat="53.504522" lon="49.1787"><time>2025-05-30T09:41:16.000Z</time></trkpt><trkpt lat="53.504538" lon="49.178796"><time>2025-05-30T09:41:18.000Z</time></trkpt><trkpt lat="53.504553" lon="49.178891"><time>2025-05-30T09:41:20.000Z</time></trkpt><trkpt lat="53.504566" lon="49.178991"><time>2025-05-30T09:41:22.000Z</time></trkpt><trkpt lat="53.504581" lon="49.179104"><time>2025-05-30T09:41:24.000Z</time></trkpt><trkpt lat="53.504598" lon="49.179209"><time>2025-05-30T09:41:26.000Z</time></trkpt><trkpt lat="53.504615" lon="49.179307"><time>2025-05-30T09:41:28.000Z</time></trkpt><trkpt lat="53.504625" lon="49.179397"><time>2025-05-30T09:41:30.000Z</time></trkpt><trkpt lat="53.504631" lon="49.1795"><time>2025-05-30T09:41:32.000Z</time></trkpt><trkpt lat="53.504635" lon="49.179613"><time>2025-05-30T09:41:34.000Z</time></trkpt><trkpt lat="53.504646" lon="49.179731"><time>2025-05-30T09:41:36.000Z</time></trkpt><trkpt lat="53.504663" lon="49.179846"><time>2025-05-30T09:41:38.000Z</time></trkpt><trkpt lat="53.504684" lon="49.179965"><time>2025-05-30T09:41:40.000Z</time></trkpt><trkpt lat="53.504702" lon="49.18008"><time>2025-05-30T09:41:42.000Z</time></trkpt><trkpt lat="53.504725" lon="49.180181"><time>2025-05-30T09:41:44.000Z</time></trkpt><trkpt lat="53.504754" lon="49.180262"><time>2025-05-30T09:41:46.000Z</time></trkpt><trkpt lat="53.504789" lon="49.18034"><time>2025-05-30T09:41:48.000Z</time></trkpt><trkpt lat="53.504817" lon="49.180422"><time>2025-05-30T09:41:50.000Z</time></trkpt><trkpt lat="53.504837" lon="49.180518"><time>2025-05-30T09:41:52.000Z</time></trkpt><trkpt lat="53.50485" lon="49.180627"><time>2025-05-30T09:41:54.000Z</time></trkpt><trkpt lat="53.504865" lon="49.180752"><time>2025-05-30T09:41:56.000Z</time></trkpt><trkpt lat="53.504883" lon="49.180893"><time>2025-05-30T09:41:58.000Z</time></trkpt><trkpt lat="53.504904" lon="49.181041"><time>2025-05-30T09:42:00.000Z</time></trkpt><trkpt lat="53.504921" lon="49.181189"><time>2025-05-30T09:42:02.000Z</time></trkpt><trkpt lat="53.504932" lon="49.181314"><time>2025-05-30T09:42:04.000Z</time></trkpt><trkpt lat="53.504938" lon="49.181414"><time>2025-05-30T09:42:06.000Z</time></trkpt><trkpt lat="53.504939" lon="49.181488"><time>2025-05-30T09:42:08.000Z</time></trkpt><trkpt lat="53.504942" lon="49.181549"><time>2025-05-30T09:42:14.000Z</time></trkpt><trkpt lat="53.504946" lon="49.181606"><time>2025-05-30T09:42:20.000Z</time></trkpt><trkpt lat="53.504951" lon="49.181665"><time>2025-05-30T09:42:24.000Z</time></trkpt><trkpt lat="53.504956" lon="49.181734"><time>2025-05-30T09:42:28.000Z</time></trkpt><trkpt lat="53.504962" lon="49.18181"><time>2025-05-30T09:42:32.000Z</time></trkpt><trkpt lat="53.504969" lon="49.181896"><time>2025-05-30T09:42:36.000Z</time></trkpt><trkpt lat="53.504975" lon="49.181986"><time>2025-05-30T09:42:40.000Z</time></trkpt><trkpt lat="53.504975" lon="49.182075"><time>2025-05-30T09:42:44.000Z</time></trkpt><trkpt lat="53.504975" lon="49.182163"><time>2025-05-30T09:42:48.000Z</time></trkpt><trkpt lat="53.504969" lon="49.182241"><time>2025-05-30T09:42:52.000Z</time></trkpt><trkpt lat="53.504965" lon="49.182307"><time>2025-05-30T09:42:56.000Z</time></trkpt><trkpt lat="53.50498" lon="49.182392"><time>2025-05-30T09:43:30.000Z</time></trkpt><trkpt lat="53.504987" lon="49.182456"><time>2025-05-30T09:43:32.000Z</time></trkpt><trkpt lat="53.504997" lon="49.182533"><time>2025-05-30T09:43:34.000Z</time></trkpt><trkpt lat="53.505011" lon="49.18263"><time>2025-05-30T09:43:36.000Z</time></trkpt><trkpt lat="53.505027" lon="49.18273"><time>2025-05-30T09:43:38.000Z</time></trkpt><trkpt lat="53.505042" lon="49.182835"><time>2025-05-30T09:43:40.000Z</time></trkpt><trkpt lat="53.505053" lon="49.182936"><time>2025-05-30T09:43:42.000Z</time></trkpt><trkpt lat="53.505063" lon="49.183032"><time>2025-05-30T09:43:44.000Z</time></trkpt><trkpt lat="53.505077" lon="49.183124"><time>2025-05-30T09:43:46.000Z</time></trkpt><trkpt lat="53.5051" lon="49.183219"><time>2025-05-30T09:43:48.000Z</time></trkpt><trkpt lat="53.505129" lon="49.18332"><time>2025-05-30T09:43:50.000Z</time></trkpt><trkpt lat="53.505161" lon="49.183424"><time>2025-05-30T09:43:52.000Z</time></trkpt><trkpt lat="53.505192" lon="49.183517"><time>2025-05-30T09:43:54.000Z</time></trkpt><trkpt lat="53.50522" lon="49.183595"><time>2025-05-30T09:43:56.000Z</time></trkpt><trkpt lat="53.505241" lon="49.183663"><time>2025-05-30T09:43:58.000Z</time></trkpt><trkpt lat="53.505258" lon="49.183744"><time>2025-05-30T09:44:00.000Z</time></trkpt><trkpt lat="53.50527" lon="49.183839"><time>2025-05-30T09:44:03.000Z</time></trkpt><trkpt lat="53.505284" lon="49.183946"><time>2025-05-30T09:44:05.000Z</time></trkpt><trkpt lat="53.505298" lon="49.18405"><time>2025-05-30T09:44:07.000Z</time></trkpt><trkpt lat="53.505316" lon="49.184151"><time>2025-05-30T09:44:09.000Z</time></trkpt><trkpt lat="53.50534" lon="49.184252"><time>2025-05-30T09:44:11.000Z</time></trkpt><trkpt lat="53.505368" lon="49.184348"><time>2025-05-30T09:44:13.000Z</time></trkpt><trkpt lat="53.505396" lon="49.184438"><time>2025-05-30T09:44:15.000Z</time></trkpt><trkpt lat="53.505421" lon="49.184517"><time>2025-05-30T09:44:17.000Z</time></trkpt><trkpt lat="53.505442" lon="49.184584"><time>2025-05-30T09:44:19.000Z</time></trkpt><trkpt lat="53.505462" lon="49.184648"><time>2025-05-30T09:44:21.000Z</time></trkpt><trkpt lat="53.505481" lon="49.184716"><time>2025-05-30T09:44:23.000Z</time></trkpt><trkpt lat="53.505508" lon="49.18481"><time>2025-05-30T09:44:25.000Z</time></trkpt><trkpt lat="53.505537" lon="49.184912"><time>2025-05-30T09:44:28.000Z</time></trkpt><trkpt lat="53.50557" lon="49.185012"><time>2025-05-30T09:44:30.000Z</time></trkpt><trkpt lat="53.505601" lon="49.185102"><time>2025-05-30T09:44:32.000Z</time></trkpt><trkpt lat="53.505634" lon="49.185203"><time>2025-05-30T09:44:34.000Z</time></trkpt><trkpt lat="53.505666" lon="49.185311"><time>2025-05-30T09:44:36.000Z</time></trkpt><trkpt lat="53.505696" lon="49.185418"><time>2025-05-30T09:44:38.000Z</time></trkpt><trkpt lat="53.505724" lon="49.185511"><time>2025-05-30T09:44:40.000Z</time></trkpt><trkpt lat="53.505752" lon="49.185596"><time>2025-05-30T09:44:42.000Z</time></trkpt><trkpt lat="53.50578" lon="49.185676"><time>2025-05-30T09:44:44.000Z</time></trkpt><trkpt lat="53.505805" lon="49.185773"><time>2025-05-30T09:44:46.000Z</time></trkpt><trkpt lat="53.505826" lon="49.185877"><time>2025-05-30T09:44:49.000Z</time></trkpt><trkpt lat="53.505853" lon="49.185994"><time>2025-05-30T09:44:51.000Z</time></trkpt><trkpt lat="53.505877" lon="49.186098"><time>2025-05-30T09:44:54.000Z</time></trkpt><trkpt lat="53.5059" lon="49.186207"><time>2025-05-30T09:44:56.000Z</time></trkpt><trkpt lat="53.505912" lon="49.186316"><time>2025-05-30T09:44:58.000Z</time></trkpt><trkpt lat="53.505925" lon="49.186433"><time>2025-05-30T09:45:00.000Z</time></trkpt><trkpt lat="53.505947" lon="49.186555"><time>2025-05-30T09:45:02.000Z</time></trkpt><trkpt lat="53.505969" lon="49.18667"><time>2025-05-30T09:45:05.000Z</time></trkpt><trkpt lat="53.505987" lon="49.186787"><time>2025-05-30T09:45:07.000Z</time></trkpt><trkpt lat="53.505997" lon="49.186903"><time>2025-05-30T09:45:09.000Z</time></trkpt><trkpt lat="53.506014" lon="49.18702"><time>2025-05-30T09:45:11.000Z</time></trkpt><trkpt lat="53.506037" lon="49.187129"><time>2025-05-30T09:45:13.000Z</time></trkpt><trkpt lat="53.506067" lon="49.187222"><time>2025-05-30T09:45:15.000Z</time></trkpt><trkpt lat="53.506094" lon="49.187305"><time>2025-05-30T09:45:17.000Z</time></trkpt><trkpt lat="53.50612" lon="49.18739"><time>2025-05-30T09:45:19.000Z</time></trkpt><trkpt lat="53.506143" lon="49.187485"><time>2025-05-30T09:45:21.000Z</time></trkpt><trkpt lat="53.506164" lon="49.18759"><time>2025-05-30T09:45:23.000Z</time></trkpt><trkpt lat="53.506177" lon="49.187701"><time>2025-05-30T09:45:25.000Z</time></trkpt><trkpt lat="53.506178" lon="49.187833"><time>2025-05-30T09:45:27.000Z</time></trkpt><trkpt lat="53.506177" lon="49.187967"><time>2025-05-30T09:45:30.000Z</time></trkpt><trkpt lat="53.506186" lon="49.188098"><time>2025-05-30T09:45:32.000Z</time></trkpt><trkpt lat="53.506216" lon="49.188198"><time>2025-05-30T09:45:34.000Z</time></trkpt><trkpt lat="53.506252" lon="49.188278"><time>2025-05-30T09:45:36.000Z</time></trkpt><trkpt lat="53.506284" lon="49.188347"><time>2025-05-30T09:45:38.000Z</time></trkpt><trkpt lat="53.506308" lon="49.18842"><time>2025-05-30T09:45:40.000Z</time></trkpt><trkpt lat="53.506325" lon="49.188507"><time>2025-05-30T09:45:42.000Z</time></trkpt><trkpt lat="53.506343" lon="49.188606"><time>2025-05-30T09:45:44.000Z</time></trkpt><trkpt lat="53.506364" lon="49.188711"><time>2025-05-30T09:45:46.000Z</time></trkpt><trkpt lat="53.506389" lon="49.188818"><time>2025-05-30T09:45:48.000Z</time></trkpt><trkpt lat="53.506413" lon="49.188923"><time>2025-05-30T09:45:50.000Z</time></trkpt><trkpt lat="53.506437" lon="49.189023"><time>2025-05-30T09:45:52.000Z</time></trkpt><trkpt lat="53.506462" lon="49.189124"><time>2025-05-30T09:45:54.000Z</time></trkpt><trkpt lat="53.506488" lon="49.189229"><time>2025-05-30T09:45:56.000Z</time></trkpt><trkpt lat="53.506513" lon="49.189339"><time>2025-05-30T09:45:58.000Z</time></trkpt><trkpt lat="53.506537" lon="49.189454"><time>2025-05-30T09:46:00.000Z</time></trkpt><trkpt lat="53.506561" lon="49.189552"><time>2025-05-30T09:46:02.000Z</time></trkpt><trkpt lat="53.506589" lon="49.189647"><time>2025-05-30T09:46:04.000Z</time></trkpt><trkpt lat="53.506626" lon="49.189729"><time>2025-05-30T09:46:06.000Z</time></trkpt><trkpt lat="53.506675" lon="49.189811"><time>2025-05-30T09:46:08.000Z</time></trkpt><trkpt lat="53.506727" lon="49.189877"><time>2025-05-30T09:46:10.000Z</time></trkpt><trkpt lat="53.506772" lon="49.189938"><time>2025-05-30T09:46:12.000Z</time></trkpt><trkpt lat="53.506805" lon="49.190005"><time>2025-05-30T09:46:14.000Z</time></trkpt><trkpt lat="53.506833" lon="49.190082"><time>2025-05-30T09:46:16.000Z</time></trkpt><trkpt lat="53.506859" lon="49.190165"><time>2025-05-30T09:46:18.000Z</time></trkpt><trkpt lat="53.506886" lon="49.190248"><time>2025-05-30T09:46:20.000Z</time></trkpt><trkpt lat="53.50691" lon="49.190332"><time>2025-05-30T09:46:22.000Z</time></trkpt><trkpt lat="53.506936" lon="49.190445"><time>2025-05-30T09:46:24.000Z</time></trkpt><trkpt lat="53.506966" lon="49.190563"><time>2025-05-30T09:46:27.000Z</time></trkpt><trkpt lat="53.507003" lon="49.190676"><time>2025-05-30T09:46:29.000Z</time></trkpt><trkpt lat="53.507047" lon="49.190751"><time>2025-05-30T09:46:31.000Z</time></trkpt><trkpt lat="53.5071" lon="49.190815"><time>2025-05-30T09:46:33.000Z</time></trkpt><trkpt lat="53.507154" lon="49.190871"><time>2025-05-30T09:46:35.000Z</time></trkpt><trkpt lat="53.507203" lon="49.190926"><time>2025-05-30T09:46:37.000Z</time></trkpt><trkpt lat="53.507243" lon="49.190983"><time>2025-05-30T09:46:39.000Z</time></trkpt><trkpt lat="53.507279" lon="49.191051"><time>2025-05-30T09:46:41.000Z</time></trkpt><trkpt lat="53.507314" lon="49.191132"><time>2025-05-30T09:46:43.000Z</time></trkpt><trkpt lat="53.507346" lon="49.191218"><time>2025-05-30T09:46:45.000Z</time></trkpt><trkpt lat="53.507406" lon="49.191368"><time>2025-05-30T09:46:47.000Z</time></trkpt><trkpt lat="53.507465" lon="49.191522"><time>2025-05-30T09:46:55.000Z</time></trkpt><trkpt lat="53.507522" lon="49.191662"><time>2025-05-30T09:46:57.000Z</time></trkpt><trkpt lat="53.507555" lon="49.19174"><time>2025-05-30T09:46:59.000Z</time></trkpt><trkpt lat="53.507589" lon="49.191794"><time>2025-05-30T09:47:02.000Z</time></trkpt><trkpt lat="53.50762" lon="49.19186"><time>2025-05-30T09:47:04.000Z</time></trkpt><trkpt lat="53.507643" lon="49.191917"><time>2025-05-30T09:47:06.000Z</time></trkpt><trkpt lat="53.507661" lon="49.19198"><time>2025-05-30T09:47:08.000Z</time></trkpt><trkpt lat="53.507683" lon="49.192042"><time>2025-05-30T09:47:10.000Z</time></trkpt><trkpt lat="53.507709" lon="49.192103"><time>2025-05-30T09:47:12.000Z</time></trkpt><trkpt lat="53.507741" lon="49.192165"><time>2025-05-30T09:47:14.000Z</time></trkpt><trkpt lat="53.507777" lon="49.192225"><time>2025-05-30T09:47:16.000Z</time></trkpt><trkpt lat="53.507812" lon="49.19228"><time>2025-05-30T09:47:18.000Z</time></trkpt><trkpt lat="53.507848" lon="49.19233"><time>2025-05-30T09:47:20.000Z</time></trkpt><trkpt lat="53.507884" lon="49.192378"><time>2025-05-30T09:47:22.000Z</time></trkpt><trkpt lat="53.507925" lon="49.192427"><time>2025-05-30T09:47:24.000Z</time></trkpt><trkpt lat="53.507974" lon="49.192471"><time>2025-05-30T09:47:26.000Z</time></trkpt><trkpt lat="53.508027" lon="49.192503"><time>2025-05-30T09:47:28.000Z</time></trkpt><trkpt lat="53.508079" lon="49.192526"><time>2025-05-30T09:47:30.000Z</time></trkpt><trkpt lat="53.508127" lon="49.192549"><time>2025-05-30T09:47:32.000Z</time></trkpt><trkpt lat="53.508175" lon="49.192573"><time>2025-05-30T09:47:34.000Z</time></trkpt><trkpt lat="53.508225" lon="49.192587"><time>2025-05-30T09:47:36.000Z</time></trkpt><trkpt lat="53.508277" lon="49.192595"><time>2025-05-30T09:47:38.000Z</time></trkpt><trkpt lat="53.508336" lon="49.192604"><time>2025-05-30T09:47:40.000Z</time></trkpt><trkpt lat="53.508399" lon="49.192616"><time>2025-05-30T09:47:43.000Z</time></trkpt><trkpt lat="53.508471" lon="49.192626"><time>2025-05-30T09:47:45.000Z</time></trkpt><trkpt lat="53.508537" lon="49.192627"><time>2025-05-30T09:47:48.000Z</time></trkpt><trkpt lat="53.508602" lon="49.192623"><time>2025-05-30T09:47:50.000Z</time></trkpt><trkpt lat="53.50866" lon="49.192616"><time>2025-05-30T09:47:52.000Z</time></trkpt><trkpt lat="53.508714" lon="49.192606"><time>2025-05-30T09:47:54.000Z</time></trkpt><trkpt lat="53.508767" lon="49.192589"><time>2025-05-30T09:47:56.000Z</time></trkpt><trkpt lat="53.508821" lon="49.192573"><time>2025-05-30T09:47:58.000Z</time></trkpt><trkpt lat="53.508884" lon="49.192563"><time>2025-05-30T09:48:00.000Z</time></trkpt><trkpt lat="53.508949" lon="49.192562"><time>2025-05-30T09:48:02.000Z</time></trkpt><trkpt lat="53.509006" lon="49.192575"><time>2025-05-30T09:48:04.000Z</time></trkpt><trkpt lat="53.509051" lon="49.1926"><time>2025-05-30T09:48:06.000Z</time></trkpt><trkpt lat="53.509109" lon="49.192643"><time>2025-05-30T09:48:08.000Z</time></trkpt><trkpt lat="53.509168" lon="49.192681"><time>2025-05-30T09:48:12.000Z</time></trkpt><trkpt lat="53.509242" lon="49.192725"><time>2025-05-30T09:48:14.000Z</time></trkpt><trkpt lat="53.509305" lon="49.192759"><time>2025-05-30T09:48:16.000Z</time></trkpt><trkpt lat="53.50937" lon="49.192784"><time>2025-05-30T09:48:20.000Z</time></trkpt><trkpt lat="53.509426" lon="49.192788"><time>2025-05-30T09:48:23.000Z</time></trkpt><trkpt lat="53.50948" lon="49.192784"><time>2025-05-30T09:48:25.000Z</time></trkpt><trkpt lat="53.509538" lon="49.192788"><time>2025-05-30T09:48:27.000Z</time></trkpt><trkpt lat="53.509593" lon="49.192796"><time>2025-05-30T09:48:29.000Z</time></trkpt><trkpt lat="53.509647" lon="49.192811"><time>2025-05-30T09:48:31.000Z</time></trkpt><trkpt lat="53.509697" lon="49.192829"><time>2025-05-30T09:48:33.000Z</time></trkpt><trkpt lat="53.50975" lon="49.19285"><time>2025-05-30T09:48:35.000Z</time></trkpt><trkpt lat="53.509803" lon="49.192868"><time>2025-05-30T09:48:37.000Z</time></trkpt><trkpt lat="53.509859" lon="49.192883"><time>2025-05-30T09:48:39.000Z</time></trkpt><trkpt lat="53.509913" lon="49.192894"><time>2025-05-30T09:48:41.000Z</time></trkpt><trkpt lat="53.509965" lon="49.192898"><time>2025-05-30T09:48:43.000Z</time></trkpt><trkpt lat="53.510012" lon="49.192889"><time>2025-05-30T09:48:45.000Z</time></trkpt><trkpt lat="53.510057" lon="49.192866"><time>2025-05-30T09:48:47.000Z</time></trkpt><trkpt lat="53.510098" lon="49.192833"><time>2025-05-30T09:48:49.000Z</time></trkpt><trkpt lat="53.510138" lon="49.192802"><time>2025-05-30T09:48:51.000Z</time></trkpt><trkpt lat="53.510175" lon="49.192783"><time>2025-05-30T09:48:53.000Z</time></trkpt><trkpt lat="53.510228" lon="49.192781"><time>2025-05-30T09:48:55.000Z</time></trkpt><trkpt lat="53.510284" lon="49.192786"><time>2025-05-30T09:48:58.000Z</time></trkpt><trkpt lat="53.51034" lon="49.19279"><time>2025-05-30T09:49:00.000Z</time></trkpt><trkpt lat="53.510381" lon="49.192795"><time>2025-05-30T09:49:02.000Z</time></trkpt><trkpt lat="53.510423" lon="49.192808"><time>2025-05-30T09:49:04.000Z</time></trkpt><trkpt lat="53.510468" lon="49.192829"><time>2025-05-30T09:49:06.000Z</time></trkpt><trkpt lat="53.510513" lon="49.192849"><time>2025-05-30T09:49:08.000Z</time></trkpt><trkpt lat="53.510559" lon="49.192863"><time>2025-05-30T09:49:10.000Z</time></trkpt><trkpt lat="53.510608" lon="49.192873"><time>2025-05-30T09:49:12.000Z</time></trkpt><trkpt lat="53.510659" lon="49.192882"><time>2025-05-30T09:49:14.000Z</time></trkpt><trkpt lat="53.510709" lon="49.192892"><time>2025-05-30T09:49:16.000Z</time></trkpt><trkpt lat="53.510759" lon="49.192902"><time>2025-05-30T09:49:18.000Z</time></trkpt><trkpt lat="53.510808" lon="49.192913"><time>2025-05-30T09:49:20.000Z</time></trkpt><trkpt lat="53.51086" lon="49.192918"><time>2025-05-30T09:49:22.000Z</time></trkpt><trkpt lat="53.510912" lon="49.192919"><time>2025-05-30T09:49:24.000Z</time></trkpt><trkpt lat="53.51097" lon="49.192912"><time>2025-05-30T09:49:26.000Z</time></trkpt><trkpt lat="53.511031" lon="49.192906"><time>2025-05-30T09:49:29.000Z</time></trkpt><trkpt lat="53.511095" lon="49.1929"><time>2025-05-30T09:49:31.000Z</time></trkpt><trkpt lat="53.511155" lon="49.192899"><time>2025-05-30T09:49:33.000Z</time></trkpt><trkpt lat="53.511212" lon="49.192899"><time>2025-05-30T09:49:35.000Z</time></trkpt><trkpt lat="53.511264" lon="49.192895"><time>2025-05-30T09:49:37.000Z</time></trkpt><trkpt lat="53.511307" lon="49.192894"><time>2025-05-30T09:49:39.000Z</time></trkpt><trkpt lat="53.511343" lon="49.192901"><time>2025-05-30T09:49:41.000Z</time></trkpt><trkpt lat="53.511375" lon="49.192909"><time>2025-05-30T09:49:43.000Z</time></trkpt><trkpt lat="53.511405" lon="49.192904"><time>2025-05-30T09:49:45.000Z</time></trkpt><trkpt lat="53.511441" lon="49.192882"><time>2025-05-30T09:49:47.000Z</time></trkpt><trkpt lat="53.511481" lon="49.192863"><time>2025-05-30T09:49:49.000Z</time></trkpt><trkpt lat="53.511523" lon="49.192861"><time>2025-05-30T09:49:51.000Z</time></trkpt><trkpt lat="53.511556" lon="49.192879"><time>2025-05-30T09:49:53.000Z</time></trkpt><trkpt lat="53.511584" lon="49.192919"><time>2025-05-30T09:49:55.000Z</time></trkpt><trkpt lat="53.511613" lon="49.19297"><time>2025-05-30T09:49:57.000Z</time></trkpt><trkpt lat="53.511649" lon="49.19301"><time>2025-05-30T09:49:59.000Z</time></trkpt><trkpt lat="53.511695" lon="49.193022"><time>2025-05-30T09:50:01.000Z</time></trkpt><trkpt lat="53.511746" lon="49.19302"><time>2025-05-30T09:50:03.000Z</time></trkpt><trkpt lat="53.511798" lon="49.193022"><time>2025-05-30T09:50:05.000Z</time></trkpt><trkpt lat="53.51185" lon="49.193031"><time>2025-05-30T09:50:07.000Z</time></trkpt><trkpt lat="53.5119" lon="49.193043"><time>2025-05-30T09:50:09.000Z</time></trkpt><trkpt lat="53.511951" lon="49.193056"><time>2025-05-30T09:50:11.000Z</time></trkpt><trkpt lat="53.511998" lon="49.193067"><time>2025-05-30T09:50:13.000Z</time></trkpt><trkpt lat="53.512051" lon="49.193089"><time>2025-05-30T09:50:15.000Z</time></trkpt><trkpt lat="53.512099" lon="49.193127"><time>2025-05-30T09:50:18.000Z</time></trkpt><trkpt lat="53.512137" lon="49.193206"><time>2025-05-30T09:50:20.000Z</time></trkpt><trkpt lat="53.512151" lon="49.193311"><time>2025-05-30T09:50:22.000Z</time></trkpt><trkpt lat="53.512136" lon="49.193456"><time>2025-05-30T09:50:24.000Z</time></trkpt><trkpt lat="53.512093" lon="49.193639"><time>2025-05-30T09:50:26.000Z</time></trkpt><trkpt lat="53.51203" lon="49.193843"><time>2025-05-30T09:50:28.000Z</time></trkpt><trkpt lat="53.511963" lon="49.194011"><time>2025-05-30T09:50:30.000Z</time></trkpt><trkpt lat="53.511911" lon="49.194102"><time>2025-05-30T09:50:32.000Z</time></trkpt><trkpt lat="53.511871" lon="49.194137"><time>2025-05-30T09:50:34.000Z</time></trkpt><trkpt lat="53.511839" lon="49.194164"><time>2025-05-30T09:50:37.000Z</time></trkpt><trkpt lat="53.511814" lon="49.194209"><time>2025-05-30T09:50:41.000Z</time></trkpt><trkpt lat="53.511798" lon="49.194266"><time>2025-05-30T09:50:43.000Z</time></trkpt><trkpt lat="53.511789" lon="49.194327"><time>2025-05-30T09:50:45.000Z</time></trkpt><trkpt lat="53.511778" lon="49.1944"><time>2025-05-30T09:50:47.000Z</time></trkpt><trkpt lat="53.51176" lon="49.194493"><time>2025-05-30T09:50:49.000Z</time></trkpt><trkpt lat="53.511739" lon="49.1946"><time>2025-05-30T09:50:51.000Z</time></trkpt><trkpt lat="53.511718" lon="49.194706"><time>2025-05-30T09:50:53.000Z</time></trkpt><trkpt lat="53.511703" lon="49.194802"><time>2025-05-30T09:50:55.000Z</time></trkpt><trkpt lat="53.511695" lon="49.194893"><time>2025-05-30T09:50:57.000Z</time></trkpt><trkpt lat="53.511686" lon="49.19498"><time>2025-05-30T09:50:59.000Z</time></trkpt><trkpt lat="53.511672" lon="49.195068"><time>2025-05-30T09:51:01.000Z</time></trkpt><trkpt lat="53.511657" lon="49.195162"><time>2025-05-30T09:51:03.000Z</time></trkpt><trkpt lat="53.511637" lon="49.195254"><time>2025-05-30T09:51:05.000Z</time></trkpt><trkpt lat="53.51161" lon="49.195338"><time>2025-05-30T09:51:07.000Z</time></trkpt><trkpt lat="53.511574" lon="49.195408"><time>2025-05-30T09:51:09.000Z</time></trkpt><trkpt lat="53.511521" lon="49.195483"><time>2025-05-30T09:51:11.000Z</time></trkpt><trkpt lat="53.51146" lon="49.195557"><time>2025-05-30T09:51:14.000Z</time></trkpt><trkpt lat="53.511397" lon="49.195637"><time>2025-05-30T09:51:16.000Z</time></trkpt><trkpt lat="53.511346" lon="49.195713"><time>2025-05-30T09:51:18.000Z</time></trkpt><trkpt lat="53.511314" lon="49.195791"><time>2025-05-30T09:51:20.000Z</time></trkpt><trkpt lat="53.511309" lon="49.195851"><time>2025-05-30T09:51:22.000Z</time></trkpt><trkpt lat="53.511335" lon="49.195883"><time>2025-05-30T09:51:24.000Z</time></trkpt><trkpt lat="53.511379" lon="49.195889"><time>2025-05-30T09:51:26.000Z</time></trkpt><trkpt lat="53.511437" lon="49.195886"><time>2025-05-30T09:51:28.000Z</time></trkpt><trkpt lat="53.511494" lon="49.19589"><time>2025-05-30T09:51:31.000Z</time></trkpt><trkpt lat="53.511551" lon="49.19591"><time>2025-05-30T09:51:33.000Z</time></trkpt><trkpt lat="53.511596" lon="49.195948"><time>2025-05-30T09:51:35.000Z</time></trkpt><trkpt lat="53.511637" lon="49.195998"><time>2025-05-30T09:51:37.000Z</time></trkpt><trkpt lat="53.511673" lon="49.196052"><time>2025-05-30T09:51:39.000Z</time></trkpt><trkpt lat="53.511708" lon="49.196108"><time>2025-05-30T09:51:41.000Z</time></trkpt><trkpt lat="53.511743" lon="49.196171"><time>2025-05-30T09:51:43.000Z</time></trkpt><trkpt lat="53.511773" lon="49.196245"><time>2025-05-30T09:51:45.000Z</time></trkpt><trkpt lat="53.511794" lon="49.19633"><time>2025-05-30T09:51:47.000Z</time></trkpt><trkpt lat="53.511807" lon="49.196419"><time>2025-05-30T09:51:49.000Z</time></trkpt><trkpt lat="53.511818" lon="49.196505"><time>2025-05-30T09:51:51.000Z</time></trkpt><trkpt lat="53.511831" lon="49.196587"><time>2025-05-30T09:51:53.000Z</time></trkpt><trkpt lat="53.511846" lon="49.196672"><time>2025-05-30T09:51:55.000Z</time></trkpt><trkpt lat="53.511853" lon="49.19676"><time>2025-05-30T09:51:57.000Z</time></trkpt><trkpt lat="53.511847" lon="49.196846"><time>2025-05-30T09:51:59.000Z</time></trkpt><trkpt lat="53.51184" lon="49.196928"><time>2025-05-30T09:52:01.000Z</time></trkpt><trkpt lat="53.511843" lon="49.197007"><time>2025-05-30T09:52:03.000Z</time></trkpt><trkpt lat="53.51186" lon="49.197083"><time>2025-05-30T09:52:05.000Z</time></trkpt><trkpt lat="53.511883" lon="49.197154"><time>2025-05-30T09:52:07.000Z</time></trkpt><trkpt lat="53.511904" lon="49.197225"><time>2025-05-30T09:52:09.000Z</time></trkpt><trkpt lat="53.511924" lon="49.1973"><time>2025-05-30T09:52:11.000Z</time></trkpt><trkpt lat="53.511942" lon="49.197377"><time>2025-05-30T09:52:13.000Z</time></trkpt><trkpt lat="53.511961" lon="49.197459"><time>2025-05-30T09:52:15.000Z</time></trkpt><trkpt lat="53.511979" lon="49.197543"><time>2025-05-30T09:52:17.000Z</time></trkpt><trkpt lat="53.511997" lon="49.197628"><time>2025-05-30T09:52:19.000Z</time></trkpt><trkpt lat="53.512011" lon="49.197711"><time>2025-05-30T09:52:21.000Z</time></trkpt><trkpt lat="53.512017" lon="49.197791"><time>2025-05-30T09:52:23.000Z</time></trkpt><trkpt lat="53.512007" lon="49.197871"><time>2025-05-30T09:52:25.000Z</time></trkpt><trkpt lat="53.51198" lon="49.197938"><time>2025-05-30T09:52:27.000Z</time></trkpt><trkpt lat="53.511938" lon="49.197987"><time>2025-05-30T09:52:29.000Z</time></trkpt><trkpt lat="53.511893" lon="49.198017"><time>2025-05-30T09:52:31.000Z</time></trkpt><trkpt lat="53.511849" lon="49.19804"><time>2025-05-30T09:52:33.000Z</time></trkpt><trkpt lat="53.511809" lon="49.198062"><time>2025-05-30T09:52:35.000Z</time></trkpt><trkpt lat="53.511771" lon="49.198081"><time>2025-05-30T09:52:37.000Z</time></trkpt><trkpt lat="53.511733" lon="49.1981"><time>2025-05-30T09:52:39.000Z</time></trkpt><trkpt lat="53.511694" lon="49.198122"><time>2025-05-30T09:52:42.000Z</time></trkpt><trkpt lat="53.511653" lon="49.198146"><time>2025-05-30T09:52:44.000Z</time></trkpt><trkpt lat="53.511611" lon="49.198178"><time>2025-05-30T09:52:46.000Z</time></trkpt><trkpt lat="53.511569" lon="49.198212"><time>2025-05-30T09:52:48.000Z</time></trkpt><trkpt lat="53.511526" lon="49.198252"><time>2025-05-30T09:52:50.000Z</time></trkpt><trkpt lat="53.51148" lon="49.19829"><time>2025-05-30T09:52:52.000Z</time></trkpt><trkpt lat="53.511436" lon="49.198325"><time>2025-05-30T09:52:54.000Z</time></trkpt><trkpt lat="53.511392" lon="49.198354"><time>2025-05-30T09:52:56.000Z</time></trkpt><trkpt lat="53.511353" lon="49.198382"><time>2025-05-30T09:52:58.000Z</time></trkpt><trkpt lat="53.511318" lon="49.198419"><time>2025-05-30T09:53:00.000Z</time></trkpt><trkpt lat="53.511292" lon="49.198466"><time>2025-05-30T09:53:02.000Z</time></trkpt><trkpt lat="53.51128" lon="49.19852"><time>2025-05-30T09:53:04.000Z</time></trkpt><trkpt lat="53.51128" lon="49.198573"><time>2025-05-30T09:53:06.000Z</time></trkpt><trkpt lat="53.511289" lon="49.198626"><time>2025-05-30T09:53:08.000Z</time></trkpt><trkpt lat="53.5113" lon="49.198683"><time>2025-05-30T09:53:10.000Z</time></trkpt><trkpt lat="53.511312" lon="49.198749"><time>2025-05-30T09:53:12.000Z</time></trkpt><trkpt lat="53.511324" lon="49.198823"><time>2025-05-30T09:53:14.000Z</time></trkpt><trkpt lat="53.511339" lon="49.198901"><time>2025-05-30T09:53:16.000Z</time></trkpt><trkpt lat="53.511356" lon="49.198976"><time>2025-05-30T09:53:18.000Z</time></trkpt><trkpt lat="53.511373" lon="49.199048"><time>2025-05-30T09:53:20.000Z</time></trkpt><trkpt lat="53.511386" lon="49.19912"><time>2025-05-30T09:53:22.000Z</time></trkpt><trkpt lat="53.511398" lon="49.199194"><time>2025-05-30T09:53:24.000Z</time></trkpt><trkpt lat="53.511409" lon="49.199267"><time>2025-05-30T09:53:26.000Z</time></trkpt><trkpt lat="53.511421" lon="49.199338"><time>2025-05-30T09:53:28.000Z</time></trkpt><trkpt lat="53.511436" lon="49.199409"><time>2025-05-30T09:53:30.000Z</time></trkpt><trkpt lat="53.511452" lon="49.199485"><time>2025-05-30T09:53:32.000Z</time></trkpt><trkpt lat="53.511465" lon="49.199563"><time>2025-05-30T09:53:34.000Z</time></trkpt><trkpt lat="53.511462" lon="49.199641"><time>2025-05-30T09:53:36.000Z</time></trkpt><trkpt lat="53.51144" lon="49.199711"><time>2025-05-30T09:53:38.000Z</time></trkpt><trkpt lat="53.511402" lon="49.199775"><time>2025-05-30T09:53:40.000Z</time></trkpt><trkpt lat="53.511361" lon="49.199828"><time>2025-05-30T09:53:42.000Z</time></trkpt><trkpt lat="53.511324" lon="49.199877"><time>2025-05-30T09:53:44.000Z</time></trkpt><trkpt lat="53.511289" lon="49.199922"><time>2025-05-30T09:53:46.000Z</time></trkpt><trkpt lat="53.511252" lon="49.199964"><time>2025-05-30T09:53:48.000Z</time></trkpt><trkpt lat="53.511209" lon="49.200002"><time>2025-05-30T09:53:50.000Z</time></trkpt><trkpt lat="53.511161" lon="49.200037"><time>2025-05-30T09:53:52.000Z</time></trkpt><trkpt lat="53.511111" lon="49.200073"><time>2025-05-30T09:53:54.000Z</time></trkpt><trkpt lat="53.51106" lon="49.20011"><time>2025-05-30T09:53:56.000Z</time></trkpt><trkpt lat="53.511004" lon="49.200148"><time>2025-05-30T09:53:58.000Z</time></trkpt><trkpt lat="53.510947" lon="49.200195"><time>2025-05-30T09:54:00.000Z</time></trkpt><trkpt lat="53.510895" lon="49.200263"><time>2025-05-30T09:54:02.000Z</time></trkpt><trkpt lat="53.510863" lon="49.200357"><time>2025-05-30T09:54:04.000Z</time></trkpt><trkpt lat="53.510851" lon="49.200468"><time>2025-05-30T09:54:06.000Z</time></trkpt><trkpt lat="53.510857" lon="49.200577"><time>2025-05-30T09:54:08.000Z</time></trkpt><trkpt lat="53.51087" lon="49.200674"><time>2025-05-30T09:54:10.000Z</time></trkpt><trkpt lat="53.510885" lon="49.200763"><time>2025-05-30T09:54:12.000Z</time></trkpt><trkpt lat="53.510902" lon="49.200854"><time>2025-05-30T09:54:14.000Z</time></trkpt><trkpt lat="53.510922" lon="49.200957"><time>2025-05-30T09:54:16.000Z</time></trkpt><trkpt lat="53.510945" lon="49.201066"><time>2025-05-30T09:54:18.000Z</time></trkpt><trkpt lat="53.510968" lon="49.201178"><time>2025-05-30T09:54:20.000Z</time></trkpt><trkpt lat="53.510993" lon="49.20128"><time>2025-05-30T09:54:22.000Z</time></trkpt><trkpt lat="53.511019" lon="49.201377"><time>2025-05-30T09:54:24.000Z</time></trkpt><trkpt lat="53.511044" lon="49.201472"><time>2025-05-30T09:54:26.000Z</time></trkpt><trkpt lat="53.511066" lon="49.201566"><time>2025-05-30T09:54:28.000Z</time></trkpt><trkpt lat="53.511086" lon="49.201661"><time>2025-05-30T09:54:30.000Z</time></trkpt><trkpt lat="53.511105" lon="49.201756"><time>2025-05-30T09:54:32.000Z</time></trkpt><trkpt lat="53.511125" lon="49.201856"><time>2025-05-30T09:54:34.000Z</time></trkpt><trkpt lat="53.511146" lon="49.201959"><time>2025-05-30T09:54:36.000Z</time></trkpt><trkpt lat="53.511169" lon="49.202064"><time>2025-05-30T09:54:38.000Z</time></trkpt><trkpt lat="53.511192" lon="49.202167"><time>2025-05-30T09:54:40.000Z</time></trkpt><trkpt lat="53.511215" lon="49.202268"><time>2025-05-30T09:54:42.000Z</time></trkpt><trkpt lat="53.511239" lon="49.202371"><time>2025-05-30T09:54:44.000Z</time></trkpt><trkpt lat="53.511263" lon="49.202478"><time>2025-05-30T09:54:46.000Z</time></trkpt><trkpt lat="53.511289" lon="49.202589"><time>2025-05-30T09:54:48.000Z</time></trkpt><trkpt lat="53.511313" lon="49.202706"><time>2025-05-30T09:54:50.000Z</time></trkpt><trkpt lat="53.511337" lon="49.202825"><time>2025-05-30T09:54:52.000Z</time></trkpt><trkpt lat="53.51136" lon="49.202944"><time>2025-05-30T09:54:54.000Z</time></trkpt><trkpt lat="53.511385" lon="49.203054"><time>2025-05-30T09:54:56.000Z</time></trkpt><trkpt lat="53.511409" lon="49.20316"><time>2025-05-30T09:54:58.000Z</time></trkpt><trkpt lat="53.511431" lon="49.203264"><time>2025-05-30T09:55:00.000Z</time></trkpt><trkpt lat="53.511451" lon="49.203373"><time>2025-05-30T09:55:02.000Z</time></trkpt><trkpt lat="53.511471" lon="49.203483"><time>2025-05-30T09:55:04.000Z</time></trkpt><trkpt lat="53.511489" lon="49.203595"><time>2025-05-30T09:55:06.000Z</time></trkpt><trkpt lat="53.511505" lon="49.203702"><time>2025-05-30T09:55:08.000Z</time></trkpt><trkpt lat="53.511522" lon="49.203804"><time>2025-05-30T09:55:10.000Z</time></trkpt><trkpt lat="53.511541" lon="49.2039"><time>2025-05-30T09:55:12.000Z</time></trkpt><trkpt lat="53.511563" lon="49.203993"><time>2025-05-30T09:55:14.000Z</time></trkpt><trkpt lat="53.511584" lon="49.204086"><time>2025-05-30T09:55:16.000Z</time></trkpt><trkpt lat="53.511606" lon="49.204175"><time>2025-05-30T09:55:18.000Z</time></trkpt><trkpt lat="53.511631" lon="49.204258"><time>2025-05-30T09:55:20.000Z</time></trkpt><trkpt lat="53.511654" lon="49.204347"><time>2025-05-30T09:55:22.000Z</time></trkpt><trkpt lat="53.511671" lon="49.204445"><time>2025-05-30T09:55:24.000Z</time></trkpt><trkpt lat="53.511686" lon="49.204553"><time>2025-05-30T09:55:26.000Z</time></trkpt><trkpt lat="53.511703" lon="49.204661"><time>2025-05-30T09:55:28.000Z</time></trkpt><trkpt lat="53.511725" lon="49.204773"><time>2025-05-30T09:55:30.000Z</time></trkpt><trkpt lat="53.511749" lon="49.204884"><time>2025-05-30T09:55:32.000Z</time></trkpt><trkpt lat="53.511776" lon="49.204991"><time>2025-05-30T09:55:34.000Z</time></trkpt><trkpt lat="53.511803" lon="49.20509"><time>2025-05-30T09:55:36.000Z</time></trkpt><trkpt lat="53.511827" lon="49.205191"><time>2025-05-30T09:55:38.000Z</time></trkpt><trkpt lat="53.511849" lon="49.205296"><time>2025-05-30T09:55:40.000Z</time></trkpt><trkpt lat="53.511871" lon="49.205403"><time>2025-05-30T09:55:42.000Z</time></trkpt><trkpt lat="53.511894" lon="49.205506"><time>2025-05-30T09:55:44.000Z</time></trkpt><trkpt lat="53.511922" lon="49.205603"><time>2025-05-30T09:55:46.000Z</time></trkpt><trkpt lat="53.511949" lon="49.205691"><time>2025-05-30T09:55:48.000Z</time></trkpt><trkpt lat="53.511971" lon="49.205782"><time>2025-05-30T09:55:50.000Z</time></trkpt><trkpt lat="53.511984" lon="49.205872"><time>2025-05-30T09:55:52.000Z</time></trkpt><trkpt lat="53.511997" lon="49.205962"><time>2025-05-30T09:55:54.000Z</time></trkpt><trkpt lat="53.512007" lon="49.206039"><time>2025-05-30T09:55:56.000Z</time></trkpt><trkpt lat="53.512034" lon="49.206132"><time>2025-05-30T09:55:58.000Z</time></trkpt><trkpt lat="53.512067" lon="49.206243"><time>2025-05-30T09:56:00.000Z</time></trkpt><trkpt lat="53.512106" lon="49.206375"><time>2025-05-30T09:56:02.000Z</time></trkpt><trkpt lat="53.512143" lon="49.206508"><time>2025-05-30T09:56:04.000Z</time></trkpt><trkpt lat="53.512173" lon="49.206637"><time>2025-05-30T09:56:07.000Z</time></trkpt><trkpt lat="53.5122" lon="49.206759"><time>2025-05-30T09:56:09.000Z</time></trkpt><trkpt lat="53.512219" lon="49.206859"><time>2025-05-30T09:56:11.000Z</time></trkpt><trkpt lat="53.512242" lon="49.206946"><time>2025-05-30T09:56:13.000Z</time></trkpt><trkpt lat="53.512265" lon="49.207029"><time>2025-05-30T09:56:15.000Z</time></trkpt><trkpt lat="53.512284" lon="49.207119"><time>2025-05-30T09:56:17.000Z</time></trkpt><trkpt lat="53.512303" lon="49.207215"><time>2025-05-30T09:56:19.000Z</time></trkpt><trkpt lat="53.512321" lon="49.207311"><time>2025-05-30T09:56:21.000Z</time></trkpt><trkpt lat="53.512342" lon="49.207404"><time>2025-05-30T09:56:23.000Z</time></trkpt><trkpt lat="53.512364" lon="49.207495"><time>2025-05-30T09:56:25.000Z</time></trkpt><trkpt lat="53.512386" lon="49.207584"><time>2025-05-30T09:56:27.000Z</time></trkpt><trkpt lat="53.512407" lon="49.207672"><time>2025-05-30T09:56:29.000Z</time></trkpt><trkpt lat="53.512425" lon="49.207763"><time>2025-05-30T09:56:31.000Z</time></trkpt><trkpt lat="53.51244" lon="49.207856"><time>2025-05-30T09:56:33.000Z</time></trkpt><trkpt lat="53.512453" lon="49.207948"><time>2025-05-30T09:56:35.000Z</time></trkpt><trkpt lat="53.512469" lon="49.208033"><time>2025-05-30T09:56:37.000Z</time></trkpt><trkpt lat="53.512486" lon="49.208113"><time>2025-05-30T09:56:39.000Z</time></trkpt><trkpt lat="53.512503" lon="49.208193"><time>2025-05-30T09:56:41.000Z</time></trkpt><trkpt lat="53.512522" lon="49.208276"><time>2025-05-30T09:56:43.000Z</time></trkpt><trkpt lat="53.512539" lon="49.208359"><time>2025-05-30T09:56:45.000Z</time></trkpt><trkpt lat="53.512559" lon="49.208436"><time>2025-05-30T09:56:47.000Z</time></trkpt><trkpt lat="53.51258" lon="49.208511"><time>2025-05-30T09:56:49.000Z</time></trkpt><trkpt lat="53.512598" lon="49.208589"><time>2025-05-30T09:56:51.000Z</time></trkpt><trkpt lat="53.512612" lon="49.208673"><time>2025-05-30T09:56:53.000Z</time></trkpt><trkpt lat="53.512625" lon="49.208758"><time>2025-05-30T09:56:55.000Z</time></trkpt><trkpt lat="53.512641" lon="49.208842"><time>2025-05-30T09:56:57.000Z</time></trkpt><trkpt lat="53.512661" lon="49.208927"><time>2025-05-30T09:56:59.000Z</time></trkpt><trkpt lat="53.512683" lon="49.209015"><time>2025-05-30T09:57:01.000Z</time></trkpt><trkpt lat="53.512705" lon="49.209106"><time>2025-05-30T09:57:03.000Z</time></trkpt><trkpt lat="53.512725" lon="49.209199"><time>2025-05-30T09:57:05.000Z</time></trkpt><trkpt lat="53.512743" lon="49.209292"><time>2025-05-30T09:57:07.000Z</time></trkpt><trkpt lat="53.512762" lon="49.209389"><time>2025-05-30T09:57:09.000Z</time></trkpt><trkpt lat="53.512782" lon="49.20949"><time>2025-05-30T09:57:11.000Z</time></trkpt><trkpt lat="53.512804" lon="49.209594"><time>2025-05-30T09:57:13.000Z</time></trkpt><trkpt lat="53.512828" lon="49.209695"><time>2025-05-30T09:57:15.000Z</time></trkpt><trkpt lat="53.512852" lon="49.209797"><time>2025-05-30T09:57:17.000Z</time></trkpt><trkpt lat="53.512869" lon="49.209895"><time>2025-05-30T09:57:19.000Z</time></trkpt><trkpt lat="53.512885" lon="49.209984"><time>2025-05-30T09:57:21.000Z</time></trkpt><trkpt lat="53.512905" lon="49.210062"><time>2025-05-30T09:57:23.000Z</time></trkpt><trkpt lat="53.512928" lon="49.210138"><time>2025-05-30T09:57:25.000Z</time></trkpt><trkpt lat="53.512949" lon="49.210225"><time>2025-05-30T09:57:27.000Z</time></trkpt><trkpt lat="53.512967" lon="49.210322"><time>2025-05-30T09:57:29.000Z</time></trkpt><trkpt lat="53.512988" lon="49.210425"><time>2025-05-30T09:57:31.000Z</time></trkpt><trkpt lat="53.513011" lon="49.210527"><time>2025-05-30T09:57:33.000Z</time></trkpt><trkpt lat="53.513031" lon="49.210629"><time>2025-05-30T09:57:35.000Z</time></trkpt><trkpt lat="53.51305" lon="49.210734"><time>2025-05-30T09:57:37.000Z</time></trkpt><trkpt lat="53.513069" lon="49.210843"><time>2025-05-30T09:57:39.000Z</time></trkpt><trkpt lat="53.513091" lon="49.210957"><time>2025-05-30T09:57:41.000Z</time></trkpt><trkpt lat="53.513116" lon="49.211062"><time>2025-05-30T09:57:43.000Z</time></trkpt><trkpt lat="53.513141" lon="49.211159"><time>2025-05-30T09:57:45.000Z</time></trkpt><trkpt lat="53.513162" lon="49.21125"><time>2025-05-30T09:57:47.000Z</time></trkpt><trkpt lat="53.513179" lon="49.211343"><time>2025-05-30T09:57:49.000Z</time></trkpt><trkpt lat="53.513199" lon="49.211441"><time>2025-05-30T09:57:51.000Z</time></trkpt><trkpt lat="53.513223" lon="49.211549"><time>2025-05-30T09:57:53.000Z</time></trkpt><trkpt lat="53.513246" lon="49.211665"><time>2025-05-30T09:57:55.000Z</time></trkpt><trkpt lat="53.513269" lon="49.211777"><time>2025-05-30T09:57:57.000Z</time></trkpt><trkpt lat="53.513292" lon="49.21188"><time>2025-05-30T09:57:59.000Z</time></trkpt><trkpt lat="53.513314" lon="49.211976"><time>2025-05-30T09:58:01.000Z</time></trkpt><trkpt lat="53.513336" lon="49.212078"><time>2025-05-30T09:58:03.000Z</time></trkpt><trkpt lat="53.513357" lon="49.212182"><time>2025-05-30T09:58:05.000Z</time></trkpt><trkpt lat="53.513382" lon="49.212287"><time>2025-05-30T09:58:07.000Z</time></trkpt><trkpt lat="53.513406" lon="49.212385"><time>2025-05-30T09:58:09.000Z</time></trkpt><trkpt lat="53.513429" lon="49.212483"><time>2025-05-30T09:58:11.000Z</time></trkpt><trkpt lat="53.513454" lon="49.212577"><time>2025-05-30T09:58:13.000Z</time></trkpt><trkpt lat="53.513484" lon="49.212672"><time>2025-05-30T09:58:15.000Z</time></trkpt><trkpt lat="53.513512" lon="49.212766"><time>2025-05-30T09:58:17.000Z</time></trkpt><trkpt lat="53.513535" lon="49.212864"><time>2025-05-30T09:58:19.000Z</time></trkpt><trkpt lat="53.513554" lon="49.212964"><time>2025-05-30T09:58:21.000Z</time></trkpt><trkpt lat="53.513574" lon="49.213065"><time>2025-05-30T09:58:23.000Z</time></trkpt><trkpt lat="53.513595" lon="49.213166"><time>2025-05-30T09:58:25.000Z</time></trkpt><trkpt lat="53.513614" lon="49.21327"><time>2025-05-30T09:58:27.000Z</time></trkpt><trkpt lat="53.513628" lon="49.213374"><time>2025-05-30T09:58:29.000Z</time></trkpt><trkpt lat="53.513639" lon="49.213471"><time>2025-05-30T09:58:31.000Z</time></trkpt><trkpt lat="53.513652" lon="49.213565"><time>2025-05-30T09:58:33.000Z</time></trkpt><trkpt lat="53.51367" lon="49.213649"><time>2025-05-30T09:58:35.000Z</time></trkpt><trkpt lat="53.513691" lon="49.213727"><time>2025-05-30T09:58:37.000Z</time></trkpt><trkpt lat="53.513713" lon="49.213797"><time>2025-05-30T09:58:39.000Z</time></trkpt><trkpt lat="53.513729" lon="49.213866"><time>2025-05-30T09:58:41.000Z</time></trkpt><trkpt lat="53.513742" lon="49.213938"><time>2025-05-30T09:58:43.000Z</time></trkpt><trkpt lat="53.513754" lon="49.214019"><time>2025-05-30T09:58:45.000Z</time></trkpt><trkpt lat="53.513774" lon="49.214113"><time>2025-05-30T09:58:47.000Z</time></trkpt><trkpt lat="53.513798" lon="49.214218"><time>2025-05-30T09:58:49.000Z</time></trkpt><trkpt lat="53.513824" lon="49.214324"><time>2025-05-30T09:58:51.000Z</time></trkpt><trkpt lat="53.51385" lon="49.214427"><time>2025-05-30T09:58:53.000Z</time></trkpt><trkpt lat="53.513874" lon="49.214528"><time>2025-05-30T09:58:55.000Z</time></trkpt><trkpt lat="53.513897" lon="49.214633"><time>2025-05-30T09:58:57.000Z</time></trkpt><trkpt lat="53.51392" lon="49.214741"><time>2025-05-30T09:58:59.000Z</time></trkpt><trkpt lat="53.513944" lon="49.214849"><time>2025-05-30T09:59:01.000Z</time></trkpt><trkpt lat="53.513969" lon="49.214952"><time>2025-05-30T09:59:03.000Z</time></trkpt><trkpt lat="53.513993" lon="49.215048"><time>2025-05-30T09:59:05.000Z</time></trkpt><trkpt lat="53.514017" lon="49.21514"><time>2025-05-30T09:59:07.000Z</time></trkpt><trkpt lat="53.514044" lon="49.215217"><time>2025-05-30T09:59:09.000Z</time></trkpt><trkpt lat="53.514072" lon="49.215279"><time>2025-05-30T09:59:11.000Z</time></trkpt><trkpt lat="53.514109" lon="49.215317"><time>2025-05-30T09:59:13.000Z</time></trkpt><trkpt lat="53.51415" lon="49.215341"><time>2025-05-30T09:59:15.000Z</time></trkpt><trkpt lat="53.514196" lon="49.215341"><time>2025-05-30T09:59:17.000Z</time></trkpt><trkpt lat="53.514238" lon="49.215326"><time>2025-05-30T09:59:19.000Z</time></trkpt><trkpt lat="53.514271" lon="49.2153"><time>2025-05-30T09:59:21.000Z</time></trkpt><trkpt lat="53.514303" lon="49.215278"><time>2025-05-30T09:59:23.000Z</time></trkpt><trkpt lat="53.51434" lon="49.215264"><time>2025-05-30T09:59:25.000Z</time></trkpt><trkpt lat="53.514386" lon="49.215253"><time>2025-05-30T09:59:27.000Z</time></trkpt><trkpt lat="53.514448" lon="49.215229"><time>2025-05-30T09:59:29.000Z</time></trkpt><trkpt lat="53.514513" lon="49.215197"><time>2025-05-30T09:59:32.000Z</time></trkpt><trkpt lat="53.514591" lon="49.215152"><time>2025-05-30T09:59:34.000Z</time></trkpt><trkpt lat="53.514661" lon="49.215112"><time>2025-05-30T09:59:37.000Z</time></trkpt><trkpt lat="53.514733" lon="49.215069"><time>2025-05-30T09:59:39.000Z</time></trkpt><trkpt lat="53.514797" lon="49.215032"><time>2025-05-30T09:59:41.001Z</time></trkpt><trkpt lat="53.514861" lon="49.214994"><time>2025-05-30T09:59:43.001Z</time></trkpt><trkpt lat="53.514923" lon="49.214957"><time>2025-05-30T09:59:45.001Z</time></trkpt><trkpt lat="53.514983" lon="49.21492"><time>2025-05-30T09:59:47.001Z</time></trkpt><trkpt lat="53.515045" lon="49.214882"><time>2025-05-30T09:59:49.001Z</time></trkpt><trkpt lat="53.515109" lon="49.214842"><time>2025-05-30T09:59:51.001Z</time></trkpt><trkpt lat="53.515173" lon="49.214798"><time>2025-05-30T09:59:53.001Z</time></trkpt><trkpt lat="53.515237" lon="49.214753"><time>2025-05-30T09:59:55.001Z</time></trkpt><trkpt lat="53.515301" lon="49.214708"><time>2025-05-30T09:59:57.001Z</time></trkpt><trkpt lat="53.515364" lon="49.21467"><time>2025-05-30T09:59:59.001Z</time></trkpt><trkpt lat="53.515424" lon="49.214633"><time>2025-05-30T10:00:01.001Z</time></trkpt><trkpt lat="53.51548" lon="49.214599"><time>2025-05-30T10:00:03.001Z</time></trkpt><trkpt lat="53.515534" lon="49.214564"><time>2025-05-30T10:00:05.001Z</time></trkpt><trkpt lat="53.51559" lon="49.214527"><time>2025-05-30T10:00:07.001Z</time></trkpt><trkpt lat="53.51565" lon="49.214488"><time>2025-05-30T10:00:09.001Z</time></trkpt><trkpt lat="53.515714" lon="49.214449"><time>2025-05-30T10:00:11.001Z</time></trkpt><trkpt lat="53.515779" lon="49.21441"><time>2025-05-30T10:00:13.001Z</time></trkpt><trkpt lat="53.515847" lon="49.214377"><time>2025-05-30T10:00:15.001Z</time></trkpt><trkpt lat="53.515913" lon="49.21436"><time>2025-05-30T10:00:17.001Z</time></trkpt><trkpt lat="53.515974" lon="49.214354"><time>2025-05-30T10:00:19.001Z</time></trkpt><trkpt lat="53.516027" lon="49.214351"><time>2025-05-30T10:00:21.001Z</time></trkpt><trkpt lat="53.516075" lon="49.214343"><time>2025-05-30T10:00:23.001Z</time></trkpt><trkpt lat="53.516118" lon="49.21435"><time>2025-05-30T10:00:25.001Z</time></trkpt><trkpt lat="53.516153" lon="49.214383"><time>2025-05-30T10:00:27.001Z</time></trkpt><trkpt lat="53.516184" lon="49.214449"><time>2025-05-30T10:00:29.001Z</time></trkpt><trkpt lat="53.516206" lon="49.214532"><time>2025-05-30T10:00:31.001Z</time></trkpt><trkpt lat="53.516226" lon="49.214624"><time>2025-05-30T10:00:33.001Z</time></trkpt><trkpt lat="53.516237" lon="49.214715"><time>2025-05-30T10:00:35.001Z</time></trkpt><trkpt lat="53.516251" lon="49.214804"><time>2025-05-30T10:00:37.001Z</time></trkpt><trkpt lat="53.516264" lon="49.214888"><time>2025-05-30T10:00:39.001Z</time></trkpt><trkpt lat="53.516262" lon="49.214997"><time>2025-05-30T10:00:41.001Z</time></trkpt><trkpt lat="53.516249" lon="49.215092"><time>2025-05-30T10:00:47.001Z</time></trkpt><trkpt lat="53.516222" lon="49.215165"><time>2025-05-30T10:00:52.001Z</time></trkpt><trkpt lat="53.516166" lon="49.215207"><time>2025-05-30T10:01:30.001Z</time></trkpt><trkpt lat="53.5162" lon="49.215232"><time>2025-05-30T10:01:34.001Z</time></trkpt><trkpt lat="53.480278" lon="49.232925"><time>2025-05-30T10:03:47.000Z</time></trkpt><trkpt lat="53.400981" lon="49.179349"><time>2025-05-30T10:12:55.000Z</time></trkpt><trkpt lat="53.409703" lon="49.125328"><time>2025-05-30T10:41:13.000Z</time></trkpt><trkpt lat="53.490115" lon="49.130488"><time>2025-05-30T10:50:48.001Z</time></trkpt><trkpt lat="53.517187" lon="49.315207"><time>2025-05-30T11:03:17.000Z</time></trkpt><trkpt lat="53.517235" lon="49.315311"><time>2025-05-30T11:03:19.000Z</time></trkpt><trkpt lat="53.517294" lon="49.31541"><time>2025-05-30T11:03:21.000Z</time></trkpt><trkpt lat="53.517366" lon="49.315498"><time>2025-05-30T11:03:23.000Z</time></trkpt><trkpt lat="53.517444" lon="49.315578"><time>2025-05-30T11:03:25.000Z</time></trkpt><trkpt lat="53.517525" lon="49.315649"><time>2025-05-30T11:03:27.000Z</time></trkpt><trkpt lat="53.517602" lon="49.315721"><time>2025-05-30T11:03:29.000Z</time></trkpt><trkpt lat="53.517675" lon="49.315784"><time>2025-05-30T11:03:31.000Z</time></trkpt><trkpt lat="53.517743" lon="49.315833"><time>2025-05-30T11:03:33.000Z</time></trkpt><trkpt lat="53.517828" lon="49.315884"><time>2025-05-30T11:03:35.000Z</time></trkpt><trkpt lat="53.517917" lon="49.315944"><time>2025-05-30T11:03:38.000Z</time></trkpt><trkpt lat="53.518008" lon="49.316019"><time>2025-05-30T11:03:40.000Z</time></trkpt><trkpt lat="53.518086" lon="49.316083"><time>2025-05-30T11:03:42.000Z</time></trkpt><trkpt lat="53.518159" lon="49.316156"><time>2025-05-30T11:03:44.000Z</time></trkpt><trkpt lat="53.518228" lon="49.316234"><time>2025-05-30T11:03:46.000Z</time></trkpt><trkpt lat="53.518291" lon="49.316327"><time>2025-05-30T11:03:48.000Z</time></trkpt><trkpt lat="53.518364" lon="49.316459"><time>2025-05-30T11:03:50.000Z</time></trkpt><trkpt lat="53.518437" lon="49.316606"><time>2025-05-30T11:03:53.000Z</time></trkpt><trkpt lat="53.518514" lon="49.316759"><time>2025-05-30T11:03:55.000Z</time></trkpt><trkpt lat="53.518584" lon="49.316863"><time>2025-05-30T11:03:57.000Z</time></trkpt><trkpt lat="53.518664" lon="49.316948"><time>2025-05-30T11:03:59.000Z</time></trkpt><trkpt lat="53.518737" lon="49.317035"><time>2025-05-30T11:04:01.000Z</time></trkpt><trkpt lat="53.518792" lon="49.317152"><time>2025-05-30T11:04:03.000Z</time></trkpt><trkpt lat="53.518821" lon="49.317303"><time>2025-05-30T11:04:05.000Z</time></trkpt><trkpt lat="53.518837" lon="49.317462"><time>2025-05-30T11:04:07.000Z</time></trkpt><trkpt lat="53.518852" lon="49.317621"><time>2025-05-30T11:04:09.000Z</time></trkpt><trkpt lat="53.518867" lon="49.317771"><time>2025-05-30T11:04:11.000Z</time></trkpt><trkpt lat="53.518883" lon="49.317922"><time>2025-05-30T11:04:13.000Z</time></trkpt><trkpt lat="53.518895" lon="49.318077"><time>2025-05-30T11:04:15.000Z</time></trkpt><trkpt lat="53.518903" lon="49.31824"><time>2025-05-30T11:04:17.000Z</time></trkpt><trkpt lat="53.518907" lon="49.318405"><time>2025-05-30T11:04:19.000Z</time></trkpt><trkpt lat="53.518917" lon="49.318556"><time>2025-05-30T11:04:21.000Z</time></trkpt><trkpt lat="53.518932" lon="49.318689"><time>2025-05-30T11:04:23.000Z</time></trkpt><trkpt lat="53.518954" lon="49.318814"><time>2025-05-30T11:04:25.000Z</time></trkpt><trkpt lat="53.518979" lon="49.31895"><time>2025-05-30T11:04:27.000Z</time></trkpt><trkpt lat="53.519008" lon="49.319104"><time>2025-05-30T11:04:29.000Z</time></trkpt><trkpt lat="53.519033" lon="49.319263"><time>2025-05-30T11:04:31.000Z</time></trkpt><trkpt lat="53.519052" lon="49.31942"><time>2025-05-30T11:04:33.000Z</time></trkpt><trkpt lat="53.519064" lon="49.319571"><time>2025-05-30T11:04:35.000Z</time></trkpt><trkpt lat="53.519073" lon="49.319727"><time>2025-05-30T11:04:37.000Z</time></trkpt><trkpt lat="53.519078" lon="49.319882"><time>2025-05-30T11:04:39.000Z</time></trkpt><trkpt lat="53.519085" lon="49.320034"><time>2025-05-30T11:04:41.000Z</time></trkpt><trkpt lat="53.519094" lon="49.320179"><time>2025-05-30T11:04:43.000Z</time></trkpt><trkpt lat="53.519107" lon="49.320324"><time>2025-05-30T11:04:45.000Z</time></trkpt><trkpt lat="53.519122" lon="49.320474"><time>2025-05-30T11:04:47.000Z</time></trkpt><trkpt lat="53.519133" lon="49.32063"><time>2025-05-30T11:04:49.000Z</time></trkpt><trkpt lat="53.519139" lon="49.320791"><time>2025-05-30T11:04:51.000Z</time></trkpt><trkpt lat="53.519145" lon="49.320951"><time>2025-05-30T11:04:53.000Z</time></trkpt><trkpt lat="53.51916" lon="49.321113"><time>2025-05-30T11:04:55.000Z</time></trkpt><trkpt lat="53.51918" lon="49.321271"><time>2025-05-30T11:04:57.000Z</time></trkpt><trkpt lat="53.519207" lon="49.32143"><time>2025-05-30T11:04:59.000Z</time></trkpt><trkpt lat="53.519237" lon="49.321585"><time>2025-05-30T11:05:01.000Z</time></trkpt><trkpt lat="53.519269" lon="49.321735"><time>2025-05-30T11:05:03.000Z</time></trkpt><trkpt lat="53.519297" lon="49.321883"><time>2025-05-30T11:05:05.000Z</time></trkpt><trkpt lat="53.519315" lon="49.322047"><time>2025-05-30T11:05:07.000Z</time></trkpt><trkpt lat="53.51933" lon="49.322227"><time>2025-05-30T11:05:09.000Z</time></trkpt><trkpt lat="53.519341" lon="49.322403"><time>2025-05-30T11:05:11.000Z</time></trkpt><trkpt lat="53.51936" lon="49.322588"><time>2025-05-30T11:05:13.000Z</time></trkpt><trkpt lat="53.519384" lon="49.322773"><time>2025-05-30T11:05:16.000Z</time></trkpt><trkpt lat="53.519412" lon="49.322963"><time>2025-05-30T11:05:18.000Z</time></trkpt><trkpt lat="53.519438" lon="49.323127"><time>2025-05-30T11:05:20.000Z</time></trkpt><trkpt lat="53.519465" lon="49.323276"><time>2025-05-30T11:05:22.000Z</time></trkpt><trkpt lat="53.51949" lon="49.323421"><time>2025-05-30T11:05:24.000Z</time></trkpt><trkpt lat="53.51951" lon="49.323581"><time>2025-05-30T11:05:26.000Z</time></trkpt><trkpt lat="53.519534" lon="49.323754"><time>2025-05-30T11:05:28.000Z</time></trkpt><trkpt lat="53.519561" lon="49.32396"><time>2025-05-30T11:05:30.000Z</time></trkpt><trkpt lat="53.519586" lon="49.32416"><time>2025-05-30T11:05:33.000Z</time></trkpt><trkpt lat="53.519599" lon="49.324343"><time>2025-05-30T11:05:35.000Z</time></trkpt><trkpt lat="53.519606" lon="49.324488"><time>2025-05-30T11:05:37.000Z</time></trkpt><trkpt lat="53.519616" lon="49.324627"><time>2025-05-30T11:05:39.000Z</time></trkpt><trkpt lat="53.519629" lon="49.324782"><time>2025-05-30T11:05:41.000Z</time></trkpt><trkpt lat="53.519631" lon="49.324939"><time>2025-05-30T11:05:43.000Z</time></trkpt><trkpt lat="53.519623" lon="49.325092"><time>2025-05-30T11:05:45.000Z</time></trkpt><trkpt lat="53.51961" lon="49.325242"><time>2025-05-30T11:05:47.000Z</time></trkpt><trkpt lat="53.519613" lon="49.325397"><time>2025-05-30T11:05:49.000Z</time></trkpt><trkpt lat="53.519636" lon="49.325555"><time>2025-05-30T11:05:51.000Z</time></trkpt><trkpt lat="53.519673" lon="49.325698"><time>2025-05-30T11:05:53.000Z</time></trkpt><trkpt lat="53.519714" lon="49.325832"><time>2025-05-30T11:05:55.000Z</time></trkpt><trkpt lat="53.519745" lon="49.325962"><time>2025-05-30T11:05:57.000Z</time></trkpt><trkpt lat="53.519767" lon="49.326102"><time>2025-05-30T11:05:59.000Z</time></trkpt><trkpt lat="53.519781" lon="49.32625"><time>2025-05-30T11:06:01.000Z</time></trkpt><trkpt lat="53.519793" lon="49.326403"><time>2025-05-30T11:06:03.000Z</time></trkpt><trkpt lat="53.519809" lon="49.326558"><time>2025-05-30T11:06:05.000Z</time></trkpt><trkpt lat="53.519832" lon="49.326713"><time>2025-05-30T11:06:07.000Z</time></trkpt><trkpt lat="53.519855" lon="49.326865"><time>2025-05-30T11:06:09.000Z</time></trkpt><trkpt lat="53.519874" lon="49.327012"><time>2025-05-30T11:06:11.000Z</time></trkpt><trkpt lat="53.519889" lon="49.327155"><time>2025-05-30T11:06:13.000Z</time></trkpt><trkpt lat="53.519905" lon="49.327299"><time>2025-05-30T11:06:15.000Z</time></trkpt><trkpt lat="53.51992" lon="49.327444"><time>2025-05-30T11:06:17.000Z</time></trkpt><trkpt lat="53.519935" lon="49.327593"><time>2025-05-30T11:06:19.000Z</time></trkpt><trkpt lat="53.519951" lon="49.327733"><time>2025-05-30T11:06:21.000Z</time></trkpt><trkpt lat="53.519974" lon="49.327882"><time>2025-05-30T11:06:23.000Z</time></trkpt><trkpt lat="53.519996" lon="49.328034"><time>2025-05-30T11:06:25.000Z</time></trkpt><trkpt lat="53.520015" lon="49.328198"><time>2025-05-30T11:06:27.000Z</time></trkpt><trkpt lat="53.520028" lon="49.328351"><time>2025-05-30T11:06:29.000Z</time></trkpt><trkpt lat="53.520039" lon="49.328491"><time>2025-05-30T11:06:31.000Z</time></trkpt><trkpt lat="53.520044" lon="49.328607"><time>2025-05-30T11:06:33.000Z</time></trkpt><trkpt lat="53.520045" lon="49.328725"><time>2025-05-30T11:06:35.000Z</time></trkpt><trkpt lat="53.520045" lon="49.328862"><time>2025-05-30T11:06:37.000Z</time></trkpt><trkpt lat="53.520051" lon="49.329025"><time>2025-05-30T11:06:39.000Z</time></trkpt><trkpt lat="53.520063" lon="49.329187"><time>2025-05-30T11:06:41.000Z</time></trkpt><trkpt lat="53.520083" lon="49.329338"><time>2025-05-30T11:06:43.000Z</time></trkpt><trkpt lat="53.520107" lon="49.329479"><time>2025-05-30T11:06:45.000Z</time></trkpt><trkpt lat="53.520132" lon="49.329627"><time>2025-05-30T11:06:47.000Z</time></trkpt><trkpt lat="53.520151" lon="49.329779"><time>2025-05-30T11:06:49.000Z</time></trkpt><trkpt lat="53.520165" lon="49.32993"><time>2025-05-30T11:06:51.000Z</time></trkpt><trkpt lat="53.520176" lon="49.330073"><time>2025-05-30T11:06:53.000Z</time></trkpt><trkpt lat="53.520196" lon="49.330206"><time>2025-05-30T11:06:55.000Z</time></trkpt><trkpt lat="53.520232" lon="49.330331"><time>2025-05-30T11:06:57.000Z</time></trkpt><trkpt lat="53.520283" lon="49.330454"><time>2025-05-30T11:06:59.000Z</time></trkpt><trkpt lat="53.520333" lon="49.330578"><time>2025-05-30T11:07:01.000Z</time></trkpt><trkpt lat="53.520377" lon="49.330704"><time>2025-05-30T11:07:03.000Z</time></trkpt><trkpt lat="53.520414" lon="49.330832"><time>2025-05-30T11:07:05.000Z</time></trkpt><trkpt lat="53.520455" lon="49.33096"><time>2025-05-30T11:07:07.000Z</time></trkpt><trkpt lat="53.520517" lon="49.33111"><time>2025-05-30T11:07:09.000Z</time></trkpt><trkpt lat="53.520585" lon="49.33126"><time>2025-05-30T11:07:12.000Z</time></trkpt><trkpt lat="53.520656" lon="49.331413"><time>2025-05-30T11:07:14.000Z</time></trkpt><trkpt lat="53.520713" lon="49.331551"><time>2025-05-30T11:07:16.000Z</time></trkpt><trkpt lat="53.520769" lon="49.33169"><time>2025-05-30T11:07:18.000Z</time></trkpt><trkpt lat="53.520826" lon="49.331821"><time>2025-05-30T11:07:20.000Z</time></trkpt><trkpt lat="53.520881" lon="49.331942"><time>2025-05-30T11:07:22.000Z</time></trkpt><trkpt lat="53.520938" lon="49.332053"><time>2025-05-30T11:07:24.000Z</time></trkpt><trkpt lat="53.521008" lon="49.332172"><time>2025-05-30T11:07:26.000Z</time></trkpt><trkpt lat="53.521084" lon="49.332295"><time>2025-05-30T11:07:28.000Z</time></trkpt><trkpt lat="53.521158" lon="49.332408"><time>2025-05-30T11:07:30.000Z</time></trkpt><trkpt lat="53.521221" lon="49.332504"><time>2025-05-30T11:07:32.000Z</time></trkpt><trkpt lat="53.521282" lon="49.332595"><time>2025-05-30T11:07:34.000Z</time></trkpt><trkpt lat="53.521354" lon="49.332695"><time>2025-05-30T11:07:36.000Z</time></trkpt><trkpt lat="53.521436" lon="49.332791"><time>2025-05-30T11:07:38.000Z</time></trkpt><trkpt lat="53.521527" lon="49.332877"><time>2025-05-30T11:07:40.000Z</time></trkpt><trkpt lat="53.521616" lon="49.332949"><time>2025-05-30T11:07:42.000Z</time></trkpt><trkpt lat="53.521696" lon="49.333022"><time>2025-05-30T11:07:44.000Z</time></trkpt><trkpt lat="53.521758" lon="49.333107"><time>2025-05-30T11:07:46.000Z</time></trkpt><trkpt lat="53.521804" lon="49.333218"><time>2025-05-30T11:07:48.000Z</time></trkpt><trkpt lat="53.521843" lon="49.333368"><time>2025-05-30T11:07:50.000Z</time></trkpt><trkpt lat="53.521892" lon="49.33359"><time>2025-05-30T11:07:52.000Z</time></trkpt><trkpt lat="53.521946" lon="49.3338"><time>2025-05-30T11:07:56.000Z</time></trkpt><trkpt lat="53.522004" lon="49.333984"><time>2025-05-30T11:07:58.000Z</time></trkpt><trkpt lat="53.522055" lon="49.334099"><time>2025-05-30T11:08:00.000Z</time></trkpt><trkpt lat="53.52211" lon="49.334218"><time>2025-05-30T11:08:02.000Z</time></trkpt><trkpt lat="53.522169" lon="49.334357"><time>2025-05-30T11:08:04.000Z</time></trkpt><trkpt lat="53.522221" lon="49.334494"><time>2025-05-30T11:08:07.000Z</time></trkpt><trkpt lat="53.522269" lon="49.334637"><time>2025-05-30T11:08:09.000Z</time></trkpt><trkpt lat="53.522317" lon="49.334763"><time>2025-05-30T11:08:11.000Z</time></trkpt><trkpt lat="53.522376" lon="49.334894"><time>2025-05-30T11:08:13.000Z</time></trkpt><trkpt lat="53.522442" lon="49.335016"><time>2025-05-30T11:08:15.000Z</time></trkpt><trkpt lat="53.522503" lon="49.335132"><time>2025-05-30T11:08:17.000Z</time></trkpt><trkpt lat="53.522594" lon="49.335285"><time>2025-05-30T11:08:19.000Z</time></trkpt><trkpt lat="53.52268" lon="49.335429"><time>2025-05-30T11:08:25.000Z</time></trkpt><trkpt lat="53.522768" lon="49.335573"><time>2025-05-30T11:08:27.000Z</time></trkpt><trkpt lat="53.52282" lon="49.33567"><time>2025-05-30T11:08:29.000Z</time></trkpt><trkpt lat="53.522874" lon="49.335761"><time>2025-05-30T11:08:31.000Z</time></trkpt><trkpt lat="53.522925" lon="49.335813"><time>2025-05-30T11:08:33.000Z</time></trkpt><trkpt lat="53.522973" lon="49.335818"><time>2025-05-30T11:08:35.000Z</time></trkpt><trkpt lat="53.523018" lon="49.33581"><time>2025-05-30T11:08:37.000Z</time></trkpt><trkpt lat="53.523067" lon="49.335839"><time>2025-05-30T11:08:39.000Z</time></trkpt><trkpt lat="53.523122" lon="49.335901"><time>2025-05-30T11:08:42.000Z</time></trkpt><trkpt lat="53.523187" lon="49.33599"><time>2025-05-30T11:08:44.000Z</time></trkpt><trkpt lat="53.523256" lon="49.336081"><time>2025-05-30T11:08:46.000Z</time></trkpt><trkpt lat="53.523332" lon="49.336175"><time>2025-05-30T11:08:48.000Z</time></trkpt><trkpt lat="53.523406" lon="49.336249"><time>2025-05-30T11:08:50.000Z</time></trkpt><trkpt lat="53.523469" lon="49.336315"><time>2025-05-30T11:08:52.000Z</time></trkpt><trkpt lat="53.523518" lon="49.336386"><time>2025-05-30T11:08:54.000Z</time></trkpt><trkpt lat="53.523557" lon="49.336473"><time>2025-05-30T11:08:56.000Z</time></trkpt><trkpt lat="53.523601" lon="49.336568"><time>2025-05-30T11:08:58.000Z</time></trkpt><trkpt lat="53.523649" lon="49.33667"><time>2025-05-30T11:09:00.000Z</time></trkpt><trkpt lat="53.523694" lon="49.336772"><time>2025-05-30T11:09:02.000Z</time></trkpt><trkpt lat="53.523729" lon="49.336874"><time>2025-05-30T11:09:04.000Z</time></trkpt><trkpt lat="53.523758" lon="49.336968"><time>2025-05-30T11:09:06.000Z</time></trkpt><trkpt lat="53.523787" lon="49.337056"><time>2025-05-30T11:09:08.000Z</time></trkpt><trkpt lat="53.523821" lon="49.337137"><time>2025-05-30T11:09:10.000Z</time></trkpt><trkpt lat="53.523857" lon="49.337212"><time>2025-05-30T11:09:12.000Z</time></trkpt><trkpt lat="53.523905" lon="49.337304"><time>2025-05-30T11:09:14.000Z</time></trkpt><trkpt lat="53.523955" lon="49.337399"><time>2025-05-30T11:09:17.000Z</time></trkpt><trkpt lat="53.524014" lon="49.337498"><time>2025-05-30T11:09:19.000Z</time></trkpt><trkpt lat="53.524072" lon="49.337584"><time>2025-05-30T11:09:21.000Z</time></trkpt><trkpt lat="53.524133" lon="49.337676"><time>2025-05-30T11:09:23.000Z</time></trkpt><trkpt lat="53.524174" lon="49.337757"><time>2025-05-30T11:09:25.000Z</time></trkpt><trkpt lat="53.524208" lon="49.337832"><time>2025-05-30T11:09:27.000Z</time></trkpt><trkpt lat="53.524237" lon="49.337898"><time>2025-05-30T11:09:29.000Z</time></trkpt><trkpt lat="53.524274" lon="49.337971"><time>2025-05-30T11:09:31.000Z</time></trkpt><trkpt lat="53.524313" lon="49.338046"><time>2025-05-30T11:09:33.000Z</time></trkpt><trkpt lat="53.524358" lon="49.338127"><time>2025-05-30T11:09:35.000Z</time></trkpt><trkpt lat="53.524415" lon="49.338218"><time>2025-05-30T11:09:37.000Z</time></trkpt><trkpt lat="53.524474" lon="49.338318"><time>2025-05-30T11:09:39.000Z</time></trkpt><trkpt lat="53.524529" lon="49.33842"><time>2025-05-30T11:09:41.000Z</time></trkpt><trkpt lat="53.524588" lon="49.338537"><time>2025-05-30T11:09:43.000Z</time></trkpt><trkpt lat="53.524645" lon="49.338648"><time>2025-05-30T11:09:46.000Z</time></trkpt><trkpt lat="53.524713" lon="49.33877"><time>2025-05-30T11:09:48.000Z</time></trkpt><trkpt lat="53.524775" lon="49.33887"><time>2025-05-30T11:09:51.000Z</time></trkpt><trkpt lat="53.524845" lon="49.338962"><time>2025-05-30T11:09:53.000Z</time></trkpt><trkpt lat="53.524906" lon="49.339043"><time>2025-05-30T11:09:55.000Z</time></trkpt><trkpt lat="53.524962" lon="49.339132"><time>2025-05-30T11:09:57.000Z</time></trkpt><trkpt lat="53.525009" lon="49.339243"><time>2025-05-30T11:09:59.000Z</time></trkpt><trkpt lat="53.525053" lon="49.339368"><time>2025-05-30T11:10:01.000Z</time></trkpt><trkpt lat="53.525099" lon="49.339501"><time>2025-05-30T11:10:03.000Z</time></trkpt><trkpt lat="53.525149" lon="49.339636"><time>2025-05-30T11:10:05.000Z</time></trkpt><trkpt lat="53.525204" lon="49.33976"><time>2025-05-30T11:10:07.000Z</time></trkpt><trkpt lat="53.525263" lon="49.339886"><time>2025-05-30T11:10:09.000Z</time></trkpt><trkpt lat="53.525319" lon="49.339996"><time>2025-05-30T11:10:11.000Z</time></trkpt><trkpt lat="53.525368" lon="49.340091"><time>2025-05-30T11:10:13.000Z</time></trkpt><trkpt lat="53.525418" lon="49.340167"><time>2025-05-30T11:10:15.000Z</time></trkpt><trkpt lat="53.525475" lon="49.340246"><time>2025-05-30T11:10:17.000Z</time></trkpt><trkpt lat="53.525544" lon="49.340363"><time>2025-05-30T11:10:19.000Z</time></trkpt><trkpt lat="53.525623" lon="49.340516"><time>2025-05-30T11:10:22.000Z</time></trkpt><trkpt lat="53.525698" lon="49.340675"><time>2025-05-30T11:10:25.000Z</time></trkpt><trkpt lat="53.525769" lon="49.340814"><time>2025-05-30T11:10:27.000Z</time></trkpt><trkpt lat="53.525831" lon="49.340924"><time>2025-05-30T11:10:29.000Z</time></trkpt><trkpt lat="53.525892" lon="49.341033"><time>2025-05-30T11:10:31.000Z</time></trkpt><trkpt lat="53.525948" lon="49.341151"><time>2025-05-30T11:10:33.000Z</time></trkpt><trkpt lat="53.526003" lon="49.341277"><time>2025-05-30T11:10:35.000Z</time></trkpt><trkpt lat="53.526068" lon="49.341421"><time>2025-05-30T11:10:37.000Z</time></trkpt><trkpt lat="53.526135" lon="49.341558"><time>2025-05-30T11:10:40.000Z</time></trkpt><trkpt lat="53.526203" lon="49.341695"><time>2025-05-30T11:10:42.000Z</time></trkpt><trkpt lat="53.526261" lon="49.341818"><time>2025-05-30T11:10:44.000Z</time></trkpt><trkpt lat="53.526332" lon="49.341959"><time>2025-05-30T11:10:46.000Z</time></trkpt><trkpt lat="53.526413" lon="49.342114"><time>2025-05-30T11:10:49.000Z</time></trkpt><trkpt lat="53.526497" lon="49.342269"><time>2025-05-30T11:10:52.000Z</time></trkpt><trkpt lat="53.526567" lon="49.342408"><time>2025-05-30T11:10:54.000Z</time></trkpt><trkpt lat="53.526623" lon="49.342527"><time>2025-05-30T11:10:56.000Z</time></trkpt><trkpt lat="53.526679" lon="49.342635"><time>2025-05-30T11:10:58.000Z</time></trkpt><trkpt lat="53.526738" lon="49.342743"><time>2025-05-30T11:11:00.000Z</time></trkpt><trkpt lat="53.526796" lon="49.342857"><time>2025-05-30T11:11:02.000Z</time></trkpt><trkpt lat="53.526848" lon="49.34298"><time>2025-05-30T11:11:04.000Z</time></trkpt><trkpt lat="53.526898" lon="49.343105"><time>2025-05-30T11:11:06.000Z</time></trkpt><trkpt lat="53.52695" lon="49.343235"><time>2025-05-30T11:11:08.000Z</time></trkpt><trkpt lat="53.527005" lon="49.343361"><time>2025-05-30T11:11:10.000Z</time></trkpt><trkpt lat="53.527061" lon="49.343482"><time>2025-05-30T11:11:12.000Z</time></trkpt><trkpt lat="53.527116" lon="49.343604"><time>2025-05-30T11:11:14.000Z</time></trkpt><trkpt lat="53.527171" lon="49.34373"><time>2025-05-30T11:11:16.000Z</time></trkpt><trkpt lat="53.527226" lon="49.343852"><time>2025-05-30T11:11:18.000Z</time></trkpt><trkpt lat="53.527283" lon="49.343957"><time>2025-05-30T11:11:20.000Z</time></trkpt><trkpt lat="53.527344" lon="49.344054"><time>2025-05-30T11:11:22.000Z</time></trkpt><trkpt lat="53.527413" lon="49.344167"><time>2025-05-30T11:11:24.000Z</time></trkpt><trkpt lat="53.527484" lon="49.344285"><time>2025-05-30T11:11:26.000Z</time></trkpt><trkpt lat="53.527545" lon="49.344403"><time>2025-05-30T11:11:28.000Z</time></trkpt><trkpt lat="53.527596" lon="49.344518"><time>2025-05-30T11:11:30.000Z</time></trkpt><trkpt lat="53.527646" lon="49.344645"><time>2025-05-30T11:11:32.000Z</time></trkpt><trkpt lat="53.527708" lon="49.344784"><time>2025-05-30T11:11:34.000Z</time></trkpt><trkpt lat="53.527781" lon="49.344929"><time>2025-05-30T11:11:37.000Z</time></trkpt><trkpt lat="53.527857" lon="49.345062"><time>2025-05-30T11:11:40.000Z</time></trkpt><trkpt lat="53.527933" lon="49.345187"><time>2025-05-30T11:11:42.000Z</time></trkpt><trkpt lat="53.528008" lon="49.345306"><time>2025-05-30T11:11:44.000Z</time></trkpt><trkpt lat="53.528078" lon="49.345432"><time>2025-05-30T11:11:46.000Z</time></trkpt><trkpt lat="53.528142" lon="49.345558"><time>2025-05-30T11:11:48.000Z</time></trkpt><trkpt lat="53.528202" lon="49.345685"><time>2025-05-30T11:11:50.000Z</time></trkpt><trkpt lat="53.52827" lon="49.345822"><time>2025-05-30T11:11:52.000Z</time></trkpt><trkpt lat="53.528341" lon="49.345961"><time>2025-05-30T11:11:54.000Z</time></trkpt><trkpt lat="53.528413" lon="49.346085"><time>2025-05-30T11:11:56.000Z</time></trkpt><trkpt lat="53.528479" lon="49.346192"><time>2025-05-30T11:11:58.000Z</time></trkpt><trkpt lat="53.528558" lon="49.346291"><time>2025-05-30T11:12:00.000Z</time></trkpt><trkpt lat="53.528638" lon="49.346352"><time>2025-05-30T11:12:03.000Z</time></trkpt><trkpt lat="53.528715" lon="49.346352"><time>2025-05-30T11:12:05.000Z</time></trkpt><trkpt lat="53.528779" lon="49.346293"><time>2025-05-30T11:12:07.000Z</time></trkpt><trkpt lat="53.528836" lon="49.346207"><time>2025-05-30T11:12:09.000Z</time></trkpt><trkpt lat="53.528895" lon="49.346116"><time>2025-05-30T11:12:11.000Z</time></trkpt><trkpt lat="53.528955" lon="49.34602"><time>2025-05-30T11:12:13.000Z</time></trkpt><trkpt lat="53.529021" lon="49.345934"><time>2025-05-30T11:12:15.000Z</time></trkpt><trkpt lat="53.529087" lon="49.345848"><time>2025-05-30T11:12:17.000Z</time></trkpt><trkpt lat="53.529159" lon="49.345758"><time>2025-05-30T11:12:19.000Z</time></trkpt><trkpt lat="53.529237" lon="49.345658"><time>2025-05-30T11:12:21.000Z</time></trkpt><trkpt lat="53.529318" lon="49.345551"><time>2025-05-30T11:12:23.000Z</time></trkpt><trkpt lat="53.529394" lon="49.345444"><time>2025-05-30T11:12:25.000Z</time></trkpt><trkpt lat="53.529462" lon="49.345347"><time>2025-05-30T11:12:27.000Z</time></trkpt><trkpt lat="53.529524" lon="49.345256"><time>2025-05-30T11:12:29.000Z</time></trkpt><trkpt lat="53.529581" lon="49.345159"><time>2025-05-30T11:12:31.000Z</time></trkpt><trkpt lat="53.529642" lon="49.345049"><time>2025-05-30T11:12:33.000Z</time></trkpt><trkpt lat="53.529708" lon="49.344937"><time>2025-05-30T11:12:35.000Z</time></trkpt><trkpt lat="53.529776" lon="49.344841"><time>2025-05-30T11:12:37.000Z</time></trkpt><trkpt lat="53.529834" lon="49.344763"><time>2025-05-30T11:12:39.000Z</time></trkpt><trkpt lat="53.529879" lon="49.344709"><time>2025-05-30T11:12:41.000Z</time></trkpt><trkpt lat="53.529931" lon="49.344654"><time>2025-05-30T11:12:43.000Z</time></trkpt><trkpt lat="53.529988" lon="49.344591"><time>2025-05-30T11:12:46.000Z</time></trkpt><trkpt lat="53.530053" lon="49.344515"><time>2025-05-30T11:12:48.000Z</time></trkpt><trkpt lat="53.530117" lon="49.34444"><time>2025-05-30T11:12:50.000Z</time></trkpt><trkpt lat="53.530189" lon="49.344366"><time>2025-05-30T11:12:52.000Z</time></trkpt><trkpt lat="53.530263" lon="49.344289"><time>2025-05-30T11:12:54.000Z</time></trkpt><trkpt lat="53.530336" lon="49.344203"><time>2025-05-30T11:12:56.000Z</time></trkpt><trkpt lat="53.530407" lon="49.344114"><time>2025-05-30T11:12:58.000Z</time></trkpt><trkpt lat="53.530479" lon="49.344027"><time>2025-05-30T11:13:00.000Z</time></trkpt><trkpt lat="53.530553" lon="49.343966"><time>2025-05-30T11:13:02.000Z</time></trkpt><trkpt lat="53.53063" lon="49.343941"><time>2025-05-30T11:13:04.000Z</time></trkpt><trkpt lat="53.530715" lon="49.343936"><time>2025-05-30T11:13:06.000Z</time></trkpt><trkpt lat="53.530807" lon="49.343932"><time>2025-05-30T11:13:08.000Z</time></trkpt><trkpt lat="53.530904" lon="49.343914"><time>2025-05-30T11:13:10.000Z</time></trkpt><trkpt lat="53.531" lon="49.343896"><time>2025-05-30T11:13:12.000Z</time></trkpt><trkpt lat="53.531096" lon="49.343882"><time>2025-05-30T11:13:14.000Z</time></trkpt><trkpt lat="53.531194" lon="49.343874"><time>2025-05-30T11:13:16.000Z</time></trkpt><trkpt lat="53.53129" lon="49.343868"><time>2025-05-30T11:13:18.000Z</time></trkpt><trkpt lat="53.531386" lon="49.343862"><time>2025-05-30T11:13:20.000Z</time></trkpt><trkpt lat="53.531479" lon="49.343854"><time>2025-05-30T11:13:22.000Z</time></trkpt><trkpt lat="53.531572" lon="49.343855"><time>2025-05-30T11:13:24.000Z</time></trkpt><trkpt lat="53.531652" lon="49.34387"><time>2025-05-30T11:13:26.000Z</time></trkpt><trkpt lat="53.531708" lon="49.343906"><time>2025-05-30T11:13:28.000Z</time></trkpt><trkpt lat="53.531736" lon="49.343953"><time>2025-05-30T11:13:30.000Z</time></trkpt><trkpt lat="53.531752" lon="49.344007"><time>2025-05-30T11:13:32.000Z</time></trkpt><trkpt lat="53.531776" lon="49.34407"><time>2025-05-30T11:13:34.000Z</time></trkpt><trkpt lat="53.531814" lon="49.344137"><time>2025-05-30T11:13:36.000Z</time></trkpt><trkpt lat="53.531862" lon="49.344207"><time>2025-05-30T11:13:38.000Z</time></trkpt><trkpt lat="53.531917" lon="49.344276"><time>2025-05-30T11:13:40.000Z</time></trkpt><trkpt lat="53.53198" lon="49.344352"><time>2025-05-30T11:13:42.000Z</time></trkpt><trkpt lat="53.532046" lon="49.344446"><time>2025-05-30T11:13:44.000Z</time></trkpt><trkpt lat="53.532109" lon="49.344555"><time>2025-05-30T11:13:46.000Z</time></trkpt><trkpt lat="53.532169" lon="49.34466"><time>2025-05-30T11:13:48.000Z</time></trkpt><trkpt lat="53.532232" lon="49.344751"><time>2025-05-30T11:13:50.000Z</time></trkpt><trkpt lat="53.532297" lon="49.344826"><time>2025-05-30T11:13:52.000Z</time></trkpt><trkpt lat="53.532357" lon="49.344908"><time>2025-05-30T11:13:54.000Z</time></trkpt><trkpt lat="53.532416" lon="49.345012"><time>2025-05-30T11:13:56.000Z</time></trkpt><trkpt lat="53.532478" lon="49.345133"><time>2025-05-30T11:13:58.000Z</time></trkpt><trkpt lat="53.532539" lon="49.345258"><time>2025-05-30T11:14:00.000Z</time></trkpt><trkpt lat="53.53259" lon="49.345378"><time>2025-05-30T11:14:02.000Z</time></trkpt><trkpt lat="53.532638" lon="49.345491"><time>2025-05-30T11:14:04.000Z</time></trkpt><trkpt lat="53.53269" lon="49.3456"><time>2025-05-30T11:14:06.000Z</time></trkpt><trkpt lat="53.532746" lon="49.345707"><time>2025-05-30T11:14:08.000Z</time></trkpt><trkpt lat="53.532797" lon="49.345816"><time>2025-05-30T11:14:10.000Z</time></trkpt><trkpt lat="53.532843" lon="49.345926"><time>2025-05-30T11:14:12.000Z</time></trkpt><trkpt lat="53.53289" lon="49.346039"><time>2025-05-30T11:14:14.000Z</time></trkpt><trkpt lat="53.532943" lon="49.346155"><time>2025-05-30T11:14:16.000Z</time></trkpt><trkpt lat="53.533001" lon="49.346278"><time>2025-05-30T11:14:18.000Z</time></trkpt><trkpt lat="53.533059" lon="49.346403"><time>2025-05-30T11:14:20.000Z</time></trkpt><trkpt lat="53.533117" lon="49.346529"><time>2025-05-30T11:14:22.000Z</time></trkpt><trkpt lat="53.533172" lon="49.346662"><time>2025-05-30T11:14:24.000Z</time></trkpt><trkpt lat="53.533225" lon="49.346798"><time>2025-05-30T11:14:26.000Z</time></trkpt><trkpt lat="53.53328" lon="49.34694"><time>2025-05-30T11:14:28.000Z</time></trkpt><trkpt lat="53.533337" lon="49.347076"><time>2025-05-30T11:14:30.000Z</time></trkpt><trkpt lat="53.533395" lon="49.347211"><time>2025-05-30T11:14:32.000Z</time></trkpt><trkpt lat="53.533455" lon="49.34734"><time>2025-05-30T11:14:34.000Z</time></trkpt><trkpt lat="53.533517" lon="49.347441"><time>2025-05-30T11:14:36.000Z</time></trkpt><trkpt lat="53.533588" lon="49.347478"><time>2025-05-30T11:14:38.000Z</time></trkpt><trkpt lat="53.533657" lon="49.347454"><time>2025-05-30T11:14:40.000Z</time></trkpt><trkpt lat="53.533709" lon="49.347395"><time>2025-05-30T11:14:42.000Z</time></trkpt><trkpt lat="53.533724" lon="49.347349"><time>2025-05-30T11:14:44.000Z</time></trkpt><trkpt lat="53.533754" lon="49.347257"><time>2025-05-30T11:15:13.000Z</time></trkpt><trkpt lat="53.533804" lon="49.347209"><time>2025-05-30T11:15:15.000Z</time></trkpt><trkpt lat="53.533856" lon="49.347144"><time>2025-05-30T11:15:17.000Z</time></trkpt><trkpt lat="53.53391" lon="49.34707"><time>2025-05-30T11:15:19.000Z</time></trkpt><trkpt lat="53.533967" lon="49.347013"><time>2025-05-30T11:15:21.000Z</time></trkpt><trkpt lat="53.534028" lon="49.34701"><time>2025-05-30T11:15:23.000Z</time></trkpt><trkpt lat="53.534095" lon="49.347047"><time>2025-05-30T11:15:25.000Z</time></trkpt><trkpt lat="53.53416" lon="49.347114"><time>2025-05-30T11:15:28.000Z</time></trkpt><trkpt lat="53.53422" lon="49.347192"><time>2025-05-30T11:15:30.000Z</time></trkpt><trkpt lat="53.534274" lon="49.347279"><time>2025-05-30T11:15:32.000Z</time></trkpt><trkpt lat="53.534334" lon="49.347337"><time>2025-05-30T11:15:34.000Z</time></trkpt><trkpt lat="53.534407" lon="49.347367"><time>2025-05-30T11:15:36.000Z</time></trkpt><trkpt lat="53.53449" lon="49.347375"><time>2025-05-30T11:15:38.000Z</time></trkpt><trkpt lat="53.534583" lon="49.347376"><time>2025-05-30T11:15:40.000Z</time></trkpt><trkpt lat="53.534682" lon="49.347368"><time>2025-05-30T11:15:42.000Z</time></trkpt><trkpt lat="53.534782" lon="49.347356"><time>2025-05-30T11:15:44.000Z</time></trkpt><trkpt lat="53.534881" lon="49.347359"><time>2025-05-30T11:15:46.000Z</time></trkpt><trkpt lat="53.534975" lon="49.347369"><time>2025-05-30T11:15:48.000Z</time></trkpt><trkpt lat="53.535063" lon="49.347382"><time>2025-05-30T11:15:50.000Z</time></trkpt><trkpt lat="53.535151" lon="49.347392"><time>2025-05-30T11:15:52.000Z</time></trkpt><trkpt lat="53.535236" lon="49.347422"><time>2025-05-30T11:15:54.000Z</time></trkpt><trkpt lat="53.535319" lon="49.34747"><time>2025-05-30T11:15:56.000Z</time></trkpt><trkpt lat="53.535393" lon="49.347532"><time>2025-05-30T11:15:58.000Z</time></trkpt><trkpt lat="53.535467" lon="49.34761"><time>2025-05-30T11:16:00.000Z</time></trkpt><trkpt lat="53.535536" lon="49.34771"><time>2025-05-30T11:16:02.000Z</time></trkpt><trkpt lat="53.535596" lon="49.347839"><time>2025-05-30T11:16:04.000Z</time></trkpt><trkpt lat="53.53565" lon="49.347981"><time>2025-05-30T11:16:06.000Z</time></trkpt><trkpt lat="53.535711" lon="49.34812"><time>2025-05-30T11:16:08.000Z</time></trkpt><trkpt lat="53.535784" lon="49.348231"><time>2025-05-30T11:16:10.000Z</time></trkpt><trkpt lat="53.53586" lon="49.3483"><time>2025-05-30T11:16:12.000Z</time></trkpt><trkpt lat="53.535939" lon="49.348344"><time>2025-05-30T11:16:14.000Z</time></trkpt><trkpt lat="53.536011" lon="49.34837"><time>2025-05-30T11:16:16.000Z</time></trkpt><trkpt lat="53.536063" lon="49.3484"><time>2025-05-30T11:16:18.000Z</time></trkpt><trkpt lat="53.536107" lon="49.348425"><time>2025-05-30T11:16:22.000Z</time></trkpt><trkpt lat="53.536154" lon="49.34846"><time>2025-05-30T11:16:26.000Z</time></trkpt><trkpt lat="53.53622" lon="49.348482"><time>2025-05-30T11:16:28.000Z</time></trkpt><trkpt lat="53.536292" lon="49.348504"><time>2025-05-30T11:16:30.000Z</time></trkpt><trkpt lat="53.536371" lon="49.34852"><time>2025-05-30T11:16:32.000Z</time></trkpt><trkpt lat="53.536456" lon="49.348539"><time>2025-05-30T11:16:34.000Z</time></trkpt><trkpt lat="53.536561" lon="49.348545"><time>2025-05-30T11:16:36.000Z</time></trkpt><trkpt lat="53.536669" lon="49.34855"><time>2025-05-30T11:16:39.000Z</time></trkpt><trkpt lat="53.536777" lon="49.348556"><time>2025-05-30T11:16:41.000Z</time></trkpt><trkpt lat="53.536868" lon="49.348575"><time>2025-05-30T11:16:43.000Z</time></trkpt><trkpt lat="53.53696" lon="49.348596"><time>2025-05-30T11:16:45.000Z</time></trkpt><trkpt lat="53.537046" lon="49.348603"><time>2025-05-30T11:16:47.000Z</time></trkpt><trkpt lat="53.537126" lon="49.348605"><time>2025-05-30T11:16:49.000Z</time></trkpt><trkpt lat="53.537205" lon="49.348614"><time>2025-05-30T11:16:51.000Z</time></trkpt><trkpt lat="53.537287" lon="49.34864"><time>2025-05-30T11:16:53.000Z</time></trkpt><trkpt lat="53.537371" lon="49.348675"><time>2025-05-30T11:16:55.000Z</time></trkpt><trkpt lat="53.537456" lon="49.348709"><time>2025-05-30T11:16:57.000Z</time></trkpt><trkpt lat="53.537542" lon="49.348739"><time>2025-05-30T11:16:59.000Z</time></trkpt><trkpt lat="53.537622" lon="49.348756"><time>2025-05-30T11:17:01.000Z</time></trkpt><trkpt lat="53.537698" lon="49.348773"><time>2025-05-30T11:17:03.000Z</time></trkpt><trkpt lat="53.537772" lon="49.348799"><time>2025-05-30T11:17:05.000Z</time></trkpt><trkpt lat="53.537844" lon="49.348848"><time>2025-05-30T11:17:07.000Z</time></trkpt><trkpt lat="53.53791" lon="49.348912"><time>2025-05-30T11:17:09.000Z</time></trkpt><trkpt lat="53.537984" lon="49.348993"><time>2025-05-30T11:17:11.000Z</time></trkpt><trkpt lat="53.538069" lon="49.349059"><time>2025-05-30T11:17:14.000Z</time></trkpt><trkpt lat="53.538169" lon="49.349103"><time>2025-05-30T11:17:16.000Z</time></trkpt><trkpt lat="53.538266" lon="49.34912"><time>2025-05-30T11:17:18.000Z</time></trkpt><trkpt lat="53.538361" lon="49.34913"><time>2025-05-30T11:17:20.000Z</time></trkpt><trkpt lat="53.538449" lon="49.34914"><time>2025-05-30T11:17:22.000Z</time></trkpt><trkpt lat="53.538537" lon="49.349164"><time>2025-05-30T11:17:24.000Z</time></trkpt><trkpt lat="53.538618" lon="49.349215"><time>2025-05-30T11:17:26.000Z</time></trkpt><trkpt lat="53.538689" lon="49.349287"><time>2025-05-30T11:17:28.000Z</time></trkpt><trkpt lat="53.538752" lon="49.349352"><time>2025-05-30T11:17:30.000Z</time></trkpt><trkpt lat="53.538818" lon="49.349396"><time>2025-05-30T11:17:32.000Z</time></trkpt><trkpt lat="53.538896" lon="49.34941"><time>2025-05-30T11:17:34.000Z</time></trkpt><trkpt lat="53.538979" lon="49.349416"><time>2025-05-30T11:17:36.000Z</time></trkpt><trkpt lat="53.539066" lon="49.349428"><time>2025-05-30T11:17:38.000Z</time></trkpt><trkpt lat="53.539156" lon="49.349446"><time>2025-05-30T11:17:40.000Z</time></trkpt><trkpt lat="53.539248" lon="49.349469"><time>2025-05-30T11:17:42.000Z</time></trkpt><trkpt lat="53.539346" lon="49.349501"><time>2025-05-30T11:17:44.000Z</time></trkpt><trkpt lat="53.539446" lon="49.349541"><time>2025-05-30T11:17:46.000Z</time></trkpt><trkpt lat="53.539548" lon="49.349566"><time>2025-05-30T11:17:48.000Z</time></trkpt><trkpt lat="53.539645" lon="49.349568"><time>2025-05-30T11:17:50.000Z</time></trkpt><trkpt lat="53.539733" lon="49.349563"><time>2025-05-30T11:17:52.000Z</time></trkpt><trkpt lat="53.539816" lon="49.349576"><time>2025-05-30T11:17:54.000Z</time></trkpt><trkpt lat="53.539898" lon="49.349617"><time>2025-05-30T11:17:56.000Z</time></trkpt><trkpt lat="53.539969" lon="49.349636"><time>2025-05-30T11:17:58.000Z</time></trkpt><trkpt lat="53.540012" lon="49.3496"><time>2025-05-30T11:18:00.000Z</time></trkpt><trkpt lat="53.540028" lon="49.349486"><time>2025-05-30T11:18:02.000Z</time></trkpt><trkpt lat="53.540038" lon="49.349342"><time>2025-05-30T11:18:04.000Z</time></trkpt><trkpt lat="53.540056" lon="49.349194"><time>2025-05-30T11:18:06.000Z</time></trkpt><trkpt lat="53.540082" lon="49.349058"><time>2025-05-30T11:18:08.000Z</time></trkpt><trkpt lat="53.540115" lon="49.348944"><time>2025-05-30T11:18:10.000Z</time></trkpt><trkpt lat="53.540169" lon="49.348875"><time>2025-05-30T11:18:12.000Z</time></trkpt><trkpt lat="53.540245" lon="49.348863"><time>2025-05-30T11:18:14.000Z</time></trkpt><trkpt lat="53.540332" lon="49.348879"><time>2025-05-30T11:18:16.000Z</time></trkpt><trkpt lat="53.540411" lon="49.348896"><time>2025-05-30T11:18:18.000Z</time></trkpt><trkpt lat="53.54048" lon="49.348903"><time>2025-05-30T11:18:20.000Z</time></trkpt><trkpt lat="53.540544" lon="49.348909"><time>2025-05-30T11:18:22.000Z</time></trkpt><trkpt lat="53.54061" lon="49.34892"><time>2025-05-30T11:18:24.000Z</time></trkpt><trkpt lat="53.540676" lon="49.348926"><time>2025-05-30T11:18:26.000Z</time></trkpt><trkpt lat="53.540747" lon="49.348936"><time>2025-05-30T11:18:28.000Z</time></trkpt><trkpt lat="53.540817" lon="49.348954"><time>2025-05-30T11:18:30.000Z</time></trkpt><trkpt lat="53.540884" lon="49.348973"><time>2025-05-30T11:18:32.000Z</time></trkpt><trkpt lat="53.540951" lon="49.348975"><time>2025-05-30T11:18:34.000Z</time></trkpt><trkpt lat="53.541023" lon="49.348941"><time>2025-05-30T11:18:36.001Z</time></trkpt><trkpt lat="53.541114" lon="49.348901"><time>2025-05-30T11:18:38.001Z</time></trkpt><trkpt lat="53.541202" lon="49.348875"><time>2025-05-30T11:18:41.001Z</time></trkpt><trkpt lat="53.541294" lon="49.348873"><time>2025-05-30T11:18:43.001Z</time></trkpt><trkpt lat="53.541377" lon="49.348873"><time>2025-05-30T11:18:45.001Z</time></trkpt><trkpt lat="53.541468" lon="49.348872"><time>2025-05-30T11:18:47.001Z</time></trkpt><trkpt lat="53.541553" lon="49.348827"><time>2025-05-30T11:18:49.001Z</time></trkpt><trkpt lat="53.541618" lon="49.348746"><time>2025-05-30T11:18:51.001Z</time></trkpt><trkpt lat="53.541649" lon="49.348603"><time>2025-05-30T11:18:53.001Z</time></trkpt><trkpt lat="53.541653" lon="49.348454"><time>2025-05-30T11:18:55.001Z</time></trkpt><trkpt lat="53.541651" lon="49.348317"><time>2025-05-30T11:18:57.001Z</time></trkpt><trkpt lat="53.541671" lon="49.348236"><time>2025-05-30T11:18:59.001Z</time></trkpt><trkpt lat="53.541718" lon="49.348217"><time>2025-05-30T11:19:01.001Z</time></trkpt><trkpt lat="53.541784" lon="49.348225"><time>2025-05-30T11:19:03.001Z</time></trkpt><trkpt lat="53.541855" lon="49.348237"><time>2025-05-30T11:19:05.001Z</time></trkpt><trkpt lat="53.541926" lon="49.348244"><time>2025-05-30T11:19:07.001Z</time></trkpt><trkpt lat="53.542002" lon="49.348258"><time>2025-05-30T11:19:09.001Z</time></trkpt><trkpt lat="53.542085" lon="49.348274"><time>2025-05-30T11:19:11.001Z</time></trkpt><trkpt lat="53.542173" lon="49.34829"><time>2025-05-30T11:19:13.001Z</time></trkpt><trkpt lat="53.542263" lon="49.348304"><time>2025-05-30T11:19:15.001Z</time></trkpt><trkpt lat="53.542349" lon="49.348323"><time>2025-05-30T11:19:17.001Z</time></trkpt><trkpt lat="53.54243" lon="49.348355"><time>2025-05-30T11:19:19.001Z</time></trkpt><trkpt lat="53.542506" lon="49.348416"><time>2025-05-30T11:19:21.001Z</time></trkpt><trkpt lat="53.542583" lon="49.348495"><time>2025-05-30T11:19:23.001Z</time></trkpt><trkpt lat="53.542664" lon="49.348576"><time>2025-05-30T11:19:25.001Z</time></trkpt><trkpt lat="53.542752" lon="49.348634"><time>2025-05-30T11:19:27.001Z</time></trkpt><trkpt lat="53.542844" lon="49.348667"><time>2025-05-30T11:19:29.001Z</time></trkpt><trkpt lat="53.542936" lon="49.34868"><time>2025-05-30T11:19:31.001Z</time></trkpt><trkpt lat="53.543031" lon="49.348687"><time>2025-05-30T11:19:33.001Z</time></trkpt><trkpt lat="53.543128" lon="49.348704"><time>2025-05-30T11:19:35.001Z</time></trkpt><trkpt lat="53.543228" lon="49.348737"><time>2025-05-30T11:19:37.001Z</time></trkpt><trkpt lat="53.54333" lon="49.348779"><time>2025-05-30T11:19:39.001Z</time></trkpt><trkpt lat="53.543431" lon="49.34882"><time>2025-05-30T11:19:41.001Z</time></trkpt><trkpt lat="53.54353" lon="49.348858"><time>2025-05-30T11:19:43.001Z</time></trkpt><trkpt lat="53.543621" lon="49.348885"><time>2025-05-30T11:19:45.001Z</time></trkpt><trkpt lat="53.543693" lon="49.348889"><time>2025-05-30T11:19:47.001Z</time></trkpt><trkpt lat="53.54374" lon="49.348865"><time>2025-05-30T11:19:49.001Z</time></trkpt><trkpt lat="53.543765" lon="49.348802"><time>2025-05-30T11:19:51.001Z</time></trkpt><trkpt lat="53.543777" lon="49.348707"><time>2025-05-30T11:19:53.001Z</time></trkpt><trkpt lat="53.543783" lon="49.348581"><time>2025-05-30T11:19:55.001Z</time></trkpt><trkpt lat="53.543788" lon="49.348445"><time>2025-05-30T11:19:57.001Z</time></trkpt><trkpt lat="53.543799" lon="49.348309"><time>2025-05-30T11:19:59.001Z</time></trkpt><trkpt lat="53.543816" lon="49.34818"><time>2025-05-30T11:20:01.001Z</time></trkpt><trkpt lat="53.543832" lon="49.348055"><time>2025-05-30T11:20:03.001Z</time></trkpt><trkpt lat="53.543844" lon="49.347927"><time>2025-05-30T11:20:05.001Z</time></trkpt><trkpt lat="53.543852" lon="49.3478"><time>2025-05-30T11:20:07.001Z</time></trkpt><trkpt lat="53.54386" lon="49.347694"><time>2025-05-30T11:20:09.001Z</time></trkpt><trkpt lat="53.543877" lon="49.347627"><time>2025-05-30T11:20:11.001Z</time></trkpt><trkpt lat="53.543902" lon="49.347594"><time>2025-05-30T11:20:15.001Z</time></trkpt><trkpt lat="53.543932" lon="49.347578"><time>2025-05-30T11:20:17.001Z</time></trkpt><trkpt lat="53.543961" lon="49.347559"><time>2025-05-30T11:20:19.001Z</time></trkpt></trkseg></trk></gpx>